"model_string","training","depth_bin","metric","score"
"alexnet_classification","Trained",0.55,"cRSA",0.28131916019861
"alexnet_classification","Trained",0.55,"veRSA",0.581272352519194
"alexnet_classification","Trained",0.6,"cRSA",0.332235550132679
"alexnet_classification","Trained",0.6,"veRSA",0.619264760262436
"alexnet_classification","Trained",0.75,"cRSA",0.341049860278934
"alexnet_classification","Trained",0.75,"veRSA",0.623209941324717
"alexnet_classification","Trained",0.8,"cRSA",0.332582068932902
"alexnet_classification","Trained",0.8,"veRSA",0.640747342731566
"alexnet_classification","Trained",0.9,"cRSA",0.315107626306296
"alexnet_classification","Trained",0.9,"veRSA",0.624432846406563
"alexnet_classification","Trained",0.95,"cRSA",0.334169430239725
"alexnet_classification","Trained",0.95,"veRSA",0.637919157445006
"alexnet_classification","Trained",1,"cRSA",0.308923586856785
"alexnet_classification","Trained",1,"veRSA",0.633338068979938
"alexnet_random","Untrained",0.55,"cRSA",0.0407320654566997
"alexnet_random","Untrained",0.55,"veRSA",0.138680667724637
"alexnet_random","Untrained",0.6,"cRSA",0.0417991125620862
"alexnet_random","Untrained",0.6,"veRSA",0.158951304062916
"alexnet_random","Untrained",0.75,"cRSA",0.0393195439193952
"alexnet_random","Untrained",0.75,"veRSA",0.150117120819312
"alexnet_random","Untrained",0.8,"cRSA",0.0397984367167857
"alexnet_random","Untrained",0.8,"veRSA",0.140698348622448
"alexnet_random","Untrained",0.9,"cRSA",0.0331322294856681
"alexnet_random","Untrained",0.9,"veRSA",0.140190401698689
"alexnet_random","Untrained",0.95,"cRSA",0.0336226789829203
"alexnet_random","Untrained",0.95,"veRSA",0.134711325546125
"alexnet_random","Untrained",1,"cRSA",0.0332004274612581
"alexnet_random","Untrained",1,"veRSA",0.110171888463892
"coat_lite_tiny_classification","Trained",0.55,"cRSA",0.171573110895925
"coat_lite_tiny_classification","Trained",0.55,"veRSA",0.442938268499639
"coat_lite_tiny_classification","Trained",0.6,"cRSA",0.211127227014862
"coat_lite_tiny_classification","Trained",0.6,"veRSA",0.486441461871953
"coat_lite_tiny_classification","Trained",0.65,"cRSA",0.201173048677464
"coat_lite_tiny_classification","Trained",0.65,"veRSA",0.544715970745644
"coat_lite_tiny_classification","Trained",0.7,"cRSA",0.194171226271793
"coat_lite_tiny_classification","Trained",0.7,"veRSA",0.544560694905578
"coat_lite_tiny_classification","Trained",0.75,"cRSA",0.212829370063581
"coat_lite_tiny_classification","Trained",0.75,"veRSA",0.595475970958928
"coat_lite_tiny_classification","Trained",0.8,"cRSA",0.255013493842856
"coat_lite_tiny_classification","Trained",0.8,"veRSA",0.645981534839701
"coat_lite_tiny_classification","Trained",0.85,"cRSA",0.28100916880393
"coat_lite_tiny_classification","Trained",0.85,"veRSA",0.646263513035574
"coat_lite_tiny_classification","Trained",0.9,"cRSA",0.18657822816189
"coat_lite_tiny_classification","Trained",0.9,"veRSA",0.637875465724596
"coat_lite_tiny_classification","Trained",0.95,"cRSA",0.226314432720806
"coat_lite_tiny_classification","Trained",0.95,"veRSA",0.573260461513839
"coat_lite_tiny_classification","Trained",1,"cRSA",0.16920425881597
"coat_lite_tiny_classification","Trained",1,"veRSA",0.584511630341423
"coat_lite_tiny_random","Untrained",0.55,"cRSA",0.0622647615395708
"coat_lite_tiny_random","Untrained",0.55,"veRSA",0.0815840754516223
"coat_lite_tiny_random","Untrained",0.6,"cRSA",0.0630818126796584
"coat_lite_tiny_random","Untrained",0.6,"veRSA",0.0891105916495062
"coat_lite_tiny_random","Untrained",0.65,"cRSA",0.0641991220475895
"coat_lite_tiny_random","Untrained",0.65,"veRSA",0.0861771977125801
"coat_lite_tiny_random","Untrained",0.7,"cRSA",0.0620551593938474
"coat_lite_tiny_random","Untrained",0.7,"veRSA",0.0850861711357832
"coat_lite_tiny_random","Untrained",0.75,"cRSA",0.0649637217650069
"coat_lite_tiny_random","Untrained",0.75,"veRSA",0.0852787437096532
"coat_lite_tiny_random","Untrained",0.8,"cRSA",0.0606318781143409
"coat_lite_tiny_random","Untrained",0.8,"veRSA",0.0674191080315404
"coat_lite_tiny_random","Untrained",0.85,"cRSA",0.0649611590570395
"coat_lite_tiny_random","Untrained",0.85,"veRSA",0.0827434019709984
"coat_lite_tiny_random","Untrained",0.9,"cRSA",0.0584538503015062
"coat_lite_tiny_random","Untrained",0.9,"veRSA",0.0704534587115577
"coat_lite_tiny_random","Untrained",0.95,"cRSA",0.0619703377621049
"coat_lite_tiny_random","Untrained",0.95,"veRSA",0.0722909877259132
"coat_lite_tiny_random","Untrained",1,"cRSA",0.0549808873732806
"coat_lite_tiny_random","Untrained",1,"veRSA",0.0729682279440468
"convit_base_classification","Trained",0.55,"cRSA",0.139191732399325
"convit_base_classification","Trained",0.55,"veRSA",0.399606869007639
"convit_base_classification","Trained",0.6,"cRSA",0.140586207760703
"convit_base_classification","Trained",0.6,"veRSA",0.444680153146138
"convit_base_classification","Trained",0.65,"cRSA",0.209380489288294
"convit_base_classification","Trained",0.65,"veRSA",0.510174050884383
"convit_base_classification","Trained",0.7,"cRSA",0.130808369536785
"convit_base_classification","Trained",0.7,"veRSA",0.473377666827233
"convit_base_classification","Trained",0.75,"cRSA",0.261304496691975
"convit_base_classification","Trained",0.75,"veRSA",0.616115012760292
"convit_base_classification","Trained",0.8,"cRSA",0.178249236264656
"convit_base_classification","Trained",0.8,"veRSA",0.524070499790348
"convit_base_classification","Trained",0.85,"cRSA",0.206864699586356
"convit_base_classification","Trained",0.85,"veRSA",0.593083854387228
"convit_base_classification","Trained",0.9,"cRSA",0.233017321199841
"convit_base_classification","Trained",0.9,"veRSA",0.557520666128539
"convit_base_classification","Trained",0.95,"cRSA",0.185201969076265
"convit_base_classification","Trained",0.95,"veRSA",0.574790070795967
"convit_base_classification","Trained",1,"cRSA",0.158992429395871
"convit_base_classification","Trained",1,"veRSA",0.536473405470422
"convit_base_random","Untrained",0.55,"cRSA",0.0589493167255026
"convit_base_random","Untrained",0.55,"veRSA",0.104139921455583
"convit_base_random","Untrained",0.6,"cRSA",0.0663281817515301
"convit_base_random","Untrained",0.6,"veRSA",0.113207382472464
"convit_base_random","Untrained",0.65,"cRSA",0.0604847892884083
"convit_base_random","Untrained",0.65,"veRSA",0.106299447987169
"convit_base_random","Untrained",0.7,"cRSA",0.0597224742553761
"convit_base_random","Untrained",0.7,"veRSA",0.105605388181946
"convit_base_random","Untrained",0.75,"cRSA",0.0672549266226637
"convit_base_random","Untrained",0.75,"veRSA",0.115883003522087
"convit_base_random","Untrained",0.8,"cRSA",0.0607903770468846
"convit_base_random","Untrained",0.8,"veRSA",0.105482314820995
"convit_base_random","Untrained",0.85,"cRSA",0.0677687644876592
"convit_base_random","Untrained",0.85,"veRSA",0.119465778642063
"convit_base_random","Untrained",0.9,"cRSA",0.0621161198486062
"convit_base_random","Untrained",0.9,"veRSA",0.110233279729905
"convit_base_random","Untrained",0.95,"cRSA",0.0609233579723631
"convit_base_random","Untrained",0.95,"veRSA",0.103273114937395
"convit_base_random","Untrained",1,"cRSA",0.0653863487250382
"convit_base_random","Untrained",1,"veRSA",0.10901711017441
"convit_tiny_classification","Trained",0.55,"cRSA",0.180971258210059
"convit_tiny_classification","Trained",0.55,"veRSA",0.46953350590352
"convit_tiny_classification","Trained",0.6,"cRSA",0.180078181492977
"convit_tiny_classification","Trained",0.6,"veRSA",0.525092893863649
"convit_tiny_classification","Trained",0.65,"cRSA",0.213859167529331
"convit_tiny_classification","Trained",0.65,"veRSA",0.517036931557956
"convit_tiny_classification","Trained",0.7,"cRSA",0.163441947984138
"convit_tiny_classification","Trained",0.7,"veRSA",0.483856641851116
"convit_tiny_classification","Trained",0.75,"cRSA",0.266769665748411
"convit_tiny_classification","Trained",0.75,"veRSA",0.609885298417454
"convit_tiny_classification","Trained",0.8,"cRSA",0.20407752535486
"convit_tiny_classification","Trained",0.8,"veRSA",0.531135345142974
"convit_tiny_classification","Trained",0.85,"cRSA",0.240675310969398
"convit_tiny_classification","Trained",0.85,"veRSA",0.606303111841785
"convit_tiny_classification","Trained",0.9,"cRSA",0.191064633117406
"convit_tiny_classification","Trained",0.9,"veRSA",0.51885563997041
"convit_tiny_classification","Trained",0.95,"cRSA",0.194250194267978
"convit_tiny_classification","Trained",0.95,"veRSA",0.522922382406706
"convit_tiny_classification","Trained",1,"cRSA",0.157692997302402
"convit_tiny_classification","Trained",1,"veRSA",0.52005306691835
"convit_tiny_random","Untrained",0.55,"cRSA",0.0572506296453833
"convit_tiny_random","Untrained",0.55,"veRSA",0.0722844455809268
"convit_tiny_random","Untrained",0.6,"cRSA",0.0659894314377091
"convit_tiny_random","Untrained",0.6,"veRSA",0.0858426144003522
"convit_tiny_random","Untrained",0.65,"cRSA",0.0590763837307157
"convit_tiny_random","Untrained",0.65,"veRSA",0.0777868862996294
"convit_tiny_random","Untrained",0.7,"cRSA",0.0563984081838678
"convit_tiny_random","Untrained",0.7,"veRSA",0.0757937091642365
"convit_tiny_random","Untrained",0.75,"cRSA",0.0652173710195405
"convit_tiny_random","Untrained",0.75,"veRSA",0.088369263231196
"convit_tiny_random","Untrained",0.8,"cRSA",0.0549091438096164
"convit_tiny_random","Untrained",0.8,"veRSA",0.0715277831688666
"convit_tiny_random","Untrained",0.85,"cRSA",0.0665029070037135
"convit_tiny_random","Untrained",0.85,"veRSA",0.0870679447728978
"convit_tiny_random","Untrained",0.9,"cRSA",0.0546998243562259
"convit_tiny_random","Untrained",0.9,"veRSA",0.0776135816504868
"convit_tiny_random","Untrained",0.95,"cRSA",0.0562622035161485
"convit_tiny_random","Untrained",0.95,"veRSA",0.0709331711505408
"convit_tiny_random","Untrained",1,"cRSA",0.0607067570998729
"convit_tiny_random","Untrained",1,"veRSA",0.0866728530454095
"convmixer_768_32_classification","Trained",0.55,"cRSA",0.227070367111664
"convmixer_768_32_classification","Trained",0.55,"veRSA",0.521438608833921
"convmixer_768_32_classification","Trained",0.6,"cRSA",0.228216690019261
"convmixer_768_32_classification","Trained",0.6,"veRSA",0.538286998356175
"convmixer_768_32_classification","Trained",0.65,"cRSA",0.221410457365291
"convmixer_768_32_classification","Trained",0.65,"veRSA",0.530544056310164
"convmixer_768_32_classification","Trained",0.7,"cRSA",0.223611794864451
"convmixer_768_32_classification","Trained",0.7,"veRSA",0.542761594087756
"convmixer_768_32_classification","Trained",0.75,"cRSA",0.254643876120856
"convmixer_768_32_classification","Trained",0.75,"veRSA",0.600278321693636
"convmixer_768_32_classification","Trained",0.8,"cRSA",0.243926307462315
"convmixer_768_32_classification","Trained",0.8,"veRSA",0.620526304543916
"convmixer_768_32_classification","Trained",0.85,"cRSA",0.263389266684186
"convmixer_768_32_classification","Trained",0.85,"veRSA",0.642366471265406
"convmixer_768_32_classification","Trained",0.9,"cRSA",0.232292578796846
"convmixer_768_32_classification","Trained",0.9,"veRSA",0.643870915235487
"convmixer_768_32_classification","Trained",0.95,"cRSA",0.169564464000241
"convmixer_768_32_classification","Trained",0.95,"veRSA",0.608813008379065
"convmixer_768_32_classification","Trained",1,"cRSA",0.158732438010341
"convmixer_768_32_classification","Trained",1,"veRSA",0.565279594200154
"convmixer_768_32_random","Untrained",0.55,"cRSA",0.0194282023905217
"convmixer_768_32_random","Untrained",0.55,"veRSA",0.0751557086066248
"convmixer_768_32_random","Untrained",0.6,"cRSA",0.0176984373783429
"convmixer_768_32_random","Untrained",0.6,"veRSA",0.031475469803898
"convmixer_768_32_random","Untrained",0.65,"cRSA",0.014165169219209
"convmixer_768_32_random","Untrained",0.65,"veRSA",0.00943651990872633
"convmixer_768_32_random","Untrained",0.7,"cRSA",0.00875955945238683
"convmixer_768_32_random","Untrained",0.7,"veRSA",0.00220381594874344
"convmixer_768_32_random","Untrained",0.75,"cRSA",0.00198882039404058
"convmixer_768_32_random","Untrained",0.75,"veRSA",-0.00037945467509002
"convmixer_768_32_random","Untrained",0.8,"cRSA",0.00261844336001792
"convmixer_768_32_random","Untrained",0.8,"veRSA",0.000471022606917276
"convmixer_768_32_random","Untrained",0.85,"cRSA",0.00217710368961127
"convmixer_768_32_random","Untrained",0.85,"veRSA",-0.000152505706763903
"convmixer_768_32_random","Untrained",0.9,"cRSA",0.00121001233961416
"convmixer_768_32_random","Untrained",0.9,"veRSA",0.000839224729683799
"convmixer_768_32_random","Untrained",0.95,"cRSA",-0.00290676824232604
"convmixer_768_32_random","Untrained",0.95,"veRSA",-0.00121120619072421
"convmixer_768_32_random","Untrained",1,"cRSA",-0.0018392900261774
"convmixer_768_32_random","Untrained",1,"veRSA",-0.000340566611490887
"convnext_base_classification","Trained",0.55,"cRSA",0.170502820550896
"convnext_base_classification","Trained",0.55,"veRSA",0.555779680341631
"convnext_base_classification","Trained",0.6,"cRSA",0.146117930720194
"convnext_base_classification","Trained",0.6,"veRSA",0.522240646823785
"convnext_base_classification","Trained",0.65,"cRSA",0.167884072105586
"convnext_base_classification","Trained",0.65,"veRSA",0.570627957721881
"convnext_base_classification","Trained",0.7,"cRSA",0.158838053133528
"convnext_base_classification","Trained",0.7,"veRSA",0.548561009253813
"convnext_base_classification","Trained",0.75,"cRSA",0.139805368116664
"convnext_base_classification","Trained",0.75,"veRSA",0.56373685689581
"convnext_base_classification","Trained",0.8,"cRSA",0.120688732894103
"convnext_base_classification","Trained",0.8,"veRSA",0.536428414133311
"convnext_base_classification","Trained",0.85,"cRSA",0.116652003607937
"convnext_base_classification","Trained",0.85,"veRSA",0.551861950921597
"convnext_base_classification","Trained",0.9,"cRSA",0.104303738425207
"convnext_base_classification","Trained",0.9,"veRSA",0.530074593391606
"convnext_base_classification","Trained",0.95,"cRSA",0.103884230317226
"convnext_base_classification","Trained",0.95,"veRSA",0.561567853621747
"convnext_base_classification","Trained",1,"cRSA",0.119387169800758
"convnext_base_classification","Trained",1,"veRSA",0.554656715681623
"convnext_base_random","Untrained",0.55,"cRSA",0.0670500337507251
"convnext_base_random","Untrained",0.55,"veRSA",0.0911140695258097
"convnext_base_random","Untrained",0.6,"cRSA",0.0697934715884146
"convnext_base_random","Untrained",0.6,"veRSA",0.0934119920877609
"convnext_base_random","Untrained",0.65,"cRSA",0.0693132120297232
"convnext_base_random","Untrained",0.65,"veRSA",0.0917229429563826
"convnext_base_random","Untrained",0.7,"cRSA",0.0681613035143336
"convnext_base_random","Untrained",0.7,"veRSA",0.0897130784530853
"convnext_base_random","Untrained",0.75,"cRSA",0.0681464624593206
"convnext_base_random","Untrained",0.75,"veRSA",0.0923521763118783
"convnext_base_random","Untrained",0.8,"cRSA",0.069419581537051
"convnext_base_random","Untrained",0.8,"veRSA",0.089344030028965
"convnext_base_random","Untrained",0.85,"cRSA",0.0676926609842807
"convnext_base_random","Untrained",0.85,"veRSA",0.08970148773334
"convnext_base_random","Untrained",0.9,"cRSA",0.0682222960543928
"convnext_base_random","Untrained",0.9,"veRSA",0.0913787524621676
"convnext_base_random","Untrained",0.95,"cRSA",0.070067549247253
"convnext_base_random","Untrained",0.95,"veRSA",0.0882417464846274
"convnext_base_random","Untrained",1,"cRSA",0.0637126978215362
"convnext_base_random","Untrained",1,"veRSA",0.0705964303724792
"convnext_large_classification","Trained",0.55,"cRSA",0.168646699817223
"convnext_large_classification","Trained",0.55,"veRSA",0.568958405301779
"convnext_large_classification","Trained",0.6,"cRSA",0.143420111857169
"convnext_large_classification","Trained",0.6,"veRSA",0.50789774667244
"convnext_large_classification","Trained",0.65,"cRSA",0.128220729862356
"convnext_large_classification","Trained",0.65,"veRSA",0.487847546988305
"convnext_large_classification","Trained",0.7,"cRSA",0.140367378902708
"convnext_large_classification","Trained",0.7,"veRSA",0.551124449490296
"convnext_large_classification","Trained",0.75,"cRSA",0.117140309712722
"convnext_large_classification","Trained",0.75,"veRSA",0.526891468977547
"convnext_large_classification","Trained",0.8,"cRSA",0.108652396305015
"convnext_large_classification","Trained",0.8,"veRSA",0.524591386834221
"convnext_large_classification","Trained",0.85,"cRSA",0.106475985105565
"convnext_large_classification","Trained",0.85,"veRSA",0.551647524704058
"convnext_large_classification","Trained",0.9,"cRSA",0.0950337698755158
"convnext_large_classification","Trained",0.9,"veRSA",0.511122932676217
"convnext_large_classification","Trained",0.95,"cRSA",0.0923854801005562
"convnext_large_classification","Trained",0.95,"veRSA",0.542310881912635
"convnext_large_classification","Trained",1,"cRSA",0.11572152153163
"convnext_large_classification","Trained",1,"veRSA",0.533355972385312
"convnext_large_random","Untrained",0.55,"cRSA",0.0704692515984387
"convnext_large_random","Untrained",0.55,"veRSA",0.0957439273439132
"convnext_large_random","Untrained",0.6,"cRSA",0.0695753894129691
"convnext_large_random","Untrained",0.6,"veRSA",0.0950701542891281
"convnext_large_random","Untrained",0.65,"cRSA",0.0699934735096489
"convnext_large_random","Untrained",0.65,"veRSA",0.0942321019215573
"convnext_large_random","Untrained",0.7,"cRSA",0.071136144365457
"convnext_large_random","Untrained",0.7,"veRSA",0.0942397765827473
"convnext_large_random","Untrained",0.75,"cRSA",0.0702633748274399
"convnext_large_random","Untrained",0.75,"veRSA",0.0956020377835057
"convnext_large_random","Untrained",0.8,"cRSA",0.0703340206522168
"convnext_large_random","Untrained",0.8,"veRSA",0.096449858382017
"convnext_large_random","Untrained",0.85,"cRSA",0.0707332320761784
"convnext_large_random","Untrained",0.85,"veRSA",0.0944705173167848
"convnext_large_random","Untrained",0.9,"cRSA",0.0705316331878704
"convnext_large_random","Untrained",0.9,"veRSA",0.0911036268822193
"convnext_large_random","Untrained",0.95,"cRSA",0.0694396661275024
"convnext_large_random","Untrained",0.95,"veRSA",0.0936210829885927
"convnext_large_random","Untrained",1,"cRSA",0.0632766497794883
"convnext_large_random","Untrained",1,"veRSA",0.0753726907205483
"crossvit_base_240_classification","Trained",0.55,"cRSA",0.218534889541323
"crossvit_base_240_classification","Trained",0.55,"veRSA",0.513871315053786
"crossvit_base_240_classification","Trained",0.6,"cRSA",0.212948175150629
"crossvit_base_240_classification","Trained",0.6,"veRSA",0.52871418343274
"crossvit_base_240_classification","Trained",0.65,"cRSA",0.0730465558660107
"crossvit_base_240_classification","Trained",0.65,"veRSA",0.398665730392171
"crossvit_base_240_classification","Trained",0.7,"cRSA",0.12498654626269
"crossvit_base_240_classification","Trained",0.7,"veRSA",0.312766584108613
"crossvit_base_240_classification","Trained",0.75,"cRSA",0.218454419582292
"crossvit_base_240_classification","Trained",0.75,"veRSA",0.52788709552316
"crossvit_base_240_classification","Trained",0.8,"cRSA",0.223378814444573
"crossvit_base_240_classification","Trained",0.8,"veRSA",0.606887151117011
"crossvit_base_240_classification","Trained",0.85,"cRSA",0.175313424398196
"crossvit_base_240_classification","Trained",0.85,"veRSA",0.576081340145368
"crossvit_base_240_classification","Trained",0.9,"cRSA",0.142882652178932
"crossvit_base_240_classification","Trained",0.9,"veRSA",0.558738741418471
"crossvit_base_240_classification","Trained",0.95,"cRSA",0.108978547856524
"crossvit_base_240_classification","Trained",0.95,"veRSA",0.504739953768804
"crossvit_base_240_classification","Trained",1,"cRSA",0.0976924078954203
"crossvit_base_240_classification","Trained",1,"veRSA",0.302163406247934
"crossvit_base_240_random","Untrained",0.55,"cRSA",0.0499631302899175
"crossvit_base_240_random","Untrained",0.55,"veRSA",0.0956629192274699
"crossvit_base_240_random","Untrained",0.6,"cRSA",0.0514469282671544
"crossvit_base_240_random","Untrained",0.6,"veRSA",0.0752296391464904
"crossvit_base_240_random","Untrained",0.65,"cRSA",0.0493637267659124
"crossvit_base_240_random","Untrained",0.65,"veRSA",0.0618933690571787
"crossvit_base_240_random","Untrained",0.7,"cRSA",0.0553775126140334
"crossvit_base_240_random","Untrained",0.7,"veRSA",0.0723896931924462
"crossvit_base_240_random","Untrained",0.75,"cRSA",0.056850143017465
"crossvit_base_240_random","Untrained",0.75,"veRSA",0.101346180221261
"crossvit_base_240_random","Untrained",0.8,"cRSA",0.0568883687755795
"crossvit_base_240_random","Untrained",0.8,"veRSA",0.106360136365342
"crossvit_base_240_random","Untrained",0.85,"cRSA",0.0581789155687946
"crossvit_base_240_random","Untrained",0.85,"veRSA",0.108021298311968
"crossvit_base_240_random","Untrained",0.9,"cRSA",0.0573945744278187
"crossvit_base_240_random","Untrained",0.9,"veRSA",0.106105078623275
"crossvit_base_240_random","Untrained",0.95,"cRSA",0.0452094060735313
"crossvit_base_240_random","Untrained",0.95,"veRSA",0.052096393517525
"crossvit_base_240_random","Untrained",1,"cRSA",0.0498304651140619
"crossvit_base_240_random","Untrained",1,"veRSA",0.0603016969785594
"cspresnet50_classification","Trained",0.55,"cRSA",0.18431908382513
"cspresnet50_classification","Trained",0.55,"veRSA",0.442413375776836
"cspresnet50_classification","Trained",0.6,"cRSA",0.202420311277432
"cspresnet50_classification","Trained",0.6,"veRSA",0.514627897012619
"cspresnet50_classification","Trained",0.65,"cRSA",0.19722122931386
"cspresnet50_classification","Trained",0.65,"veRSA",0.532025328108238
"cspresnet50_classification","Trained",0.7,"cRSA",0.218201880948562
"cspresnet50_classification","Trained",0.7,"veRSA",0.559125686217509
"cspresnet50_classification","Trained",0.75,"cRSA",0.233682147659313
"cspresnet50_classification","Trained",0.75,"veRSA",0.602405390782103
"cspresnet50_classification","Trained",0.8,"cRSA",0.23907729586587
"cspresnet50_classification","Trained",0.8,"veRSA",0.569084045903253
"cspresnet50_classification","Trained",0.85,"cRSA",0.321749314500649
"cspresnet50_classification","Trained",0.85,"veRSA",0.64610729088985
"cspresnet50_classification","Trained",0.9,"cRSA",0.325226143243493
"cspresnet50_classification","Trained",0.9,"veRSA",0.670776375442984
"cspresnet50_classification","Trained",0.95,"cRSA",0.301123021788835
"cspresnet50_classification","Trained",0.95,"veRSA",0.677659297477352
"cspresnet50_classification","Trained",1,"cRSA",0.241623299940912
"cspresnet50_classification","Trained",1,"veRSA",0.586126111846207
"cspresnet50_random","Untrained",0.55,"cRSA",0.0399480775330274
"cspresnet50_random","Untrained",0.55,"veRSA",0.128700802157714
"cspresnet50_random","Untrained",0.6,"cRSA",0.0402178575511085
"cspresnet50_random","Untrained",0.6,"veRSA",0.131782719515687
"cspresnet50_random","Untrained",0.65,"cRSA",0.0404829841157552
"cspresnet50_random","Untrained",0.65,"veRSA",0.127899997197356
"cspresnet50_random","Untrained",0.7,"cRSA",0.0400683724489216
"cspresnet50_random","Untrained",0.7,"veRSA",0.135716122044648
"cspresnet50_random","Untrained",0.75,"cRSA",0.0381401425935317
"cspresnet50_random","Untrained",0.75,"veRSA",0.124557023939207
"cspresnet50_random","Untrained",0.8,"cRSA",0.0417422937753174
"cspresnet50_random","Untrained",0.8,"veRSA",0.129644304450459
"cspresnet50_random","Untrained",0.85,"cRSA",0.0392041879592941
"cspresnet50_random","Untrained",0.85,"veRSA",0.132820732891452
"cspresnet50_random","Untrained",0.9,"cRSA",0.0359475645585108
"cspresnet50_random","Untrained",0.9,"veRSA",0.133313223275632
"cspresnet50_random","Untrained",0.95,"cRSA",0.0351645833024077
"cspresnet50_random","Untrained",0.95,"veRSA",0.126819562828521
"cspresnet50_random","Untrained",1,"cRSA",0.0353666336710893
"cspresnet50_random","Untrained",1,"veRSA",0.117161979263465
"deit_base_patch16_224_classification","Trained",0.55,"cRSA",0.202820459077368
"deit_base_patch16_224_classification","Trained",0.55,"veRSA",0.47560749520837
"deit_base_patch16_224_classification","Trained",0.6,"cRSA",0.158092145269304
"deit_base_patch16_224_classification","Trained",0.6,"veRSA",0.478001743764971
"deit_base_patch16_224_classification","Trained",0.65,"cRSA",0.230438757356893
"deit_base_patch16_224_classification","Trained",0.65,"veRSA",0.574603801145875
"deit_base_patch16_224_classification","Trained",0.7,"cRSA",0.197002520829638
"deit_base_patch16_224_classification","Trained",0.7,"veRSA",0.542569580113466
"deit_base_patch16_224_classification","Trained",0.75,"cRSA",0.2284407658642
"deit_base_patch16_224_classification","Trained",0.75,"veRSA",0.605815777262739
"deit_base_patch16_224_classification","Trained",0.8,"cRSA",0.209855307245827
"deit_base_patch16_224_classification","Trained",0.8,"veRSA",0.549572173093001
"deit_base_patch16_224_classification","Trained",0.85,"cRSA",0.16363880519123
"deit_base_patch16_224_classification","Trained",0.85,"veRSA",0.541073545815075
"deit_base_patch16_224_classification","Trained",0.9,"cRSA",0.179707066000393
"deit_base_patch16_224_classification","Trained",0.9,"veRSA",0.603971863469387
"deit_base_patch16_224_classification","Trained",0.95,"cRSA",0.1681477808429
"deit_base_patch16_224_classification","Trained",0.95,"veRSA",0.532347276811825
"deit_base_patch16_224_classification","Trained",1,"cRSA",0.155979701767316
"deit_base_patch16_224_classification","Trained",1,"veRSA",0.554367900036955
"deit_base_patch16_224_random","Untrained",0.55,"cRSA",0.0588694105779425
"deit_base_patch16_224_random","Untrained",0.55,"veRSA",0.102485802048438
"deit_base_patch16_224_random","Untrained",0.6,"cRSA",0.0560483218971712
"deit_base_patch16_224_random","Untrained",0.6,"veRSA",0.0999658796252331
"deit_base_patch16_224_random","Untrained",0.65,"cRSA",0.0614219865117069
"deit_base_patch16_224_random","Untrained",0.65,"veRSA",0.117107236457695
"deit_base_patch16_224_random","Untrained",0.7,"cRSA",0.0545309823087803
"deit_base_patch16_224_random","Untrained",0.7,"veRSA",0.0986995326368966
"deit_base_patch16_224_random","Untrained",0.75,"cRSA",0.0600808186876511
"deit_base_patch16_224_random","Untrained",0.75,"veRSA",0.11236851402983
"deit_base_patch16_224_random","Untrained",0.8,"cRSA",0.0530253293459758
"deit_base_patch16_224_random","Untrained",0.8,"veRSA",0.103228589590751
"deit_base_patch16_224_random","Untrained",0.85,"cRSA",0.050297999715833
"deit_base_patch16_224_random","Untrained",0.85,"veRSA",0.0986425924259426
"deit_base_patch16_224_random","Untrained",0.9,"cRSA",0.0575069274724214
"deit_base_patch16_224_random","Untrained",0.9,"veRSA",0.112143446605263
"deit_base_patch16_224_random","Untrained",0.95,"cRSA",0.0534961598822251
"deit_base_patch16_224_random","Untrained",0.95,"veRSA",0.10079680528283
"deit_base_patch16_224_random","Untrained",1,"cRSA",0.0548240268538389
"deit_base_patch16_224_random","Untrained",1,"veRSA",0.0845138857879375
"densenet121_classification","Trained",0.55,"cRSA",0.188198103667726
"densenet121_classification","Trained",0.55,"veRSA",0.561942024765738
"densenet121_classification","Trained",0.6,"cRSA",0.161232100009297
"densenet121_classification","Trained",0.6,"veRSA",0.539055772761948
"densenet121_classification","Trained",0.65,"cRSA",0.159853296134524
"densenet121_classification","Trained",0.65,"veRSA",0.556693727141211
"densenet121_classification","Trained",0.7,"cRSA",0.134743164619048
"densenet121_classification","Trained",0.7,"veRSA",0.539525919057574
"densenet121_classification","Trained",0.75,"cRSA",0.212645435915133
"densenet121_classification","Trained",0.75,"veRSA",0.597826683656353
"densenet121_classification","Trained",0.8,"cRSA",0.299538216699589
"densenet121_classification","Trained",0.8,"veRSA",0.626393961070934
"densenet121_classification","Trained",0.85,"cRSA",0.275385967183215
"densenet121_classification","Trained",0.85,"veRSA",0.594944328314959
"densenet121_classification","Trained",0.9,"cRSA",0.257440087065496
"densenet121_classification","Trained",0.9,"veRSA",0.562300579854252
"densenet121_classification","Trained",0.95,"cRSA",0.254757550534475
"densenet121_classification","Trained",0.95,"veRSA",0.552531221632804
"densenet121_classification","Trained",1,"cRSA",0.286305873758625
"densenet121_classification","Trained",1,"veRSA",0.576645648435662
"densenet121_random","Untrained",0.55,"cRSA",0.045927824158995
"densenet121_random","Untrained",0.55,"veRSA",0.105065467349201
"densenet121_random","Untrained",0.6,"cRSA",0.0458871605578064
"densenet121_random","Untrained",0.6,"veRSA",0.108747620123102
"densenet121_random","Untrained",0.65,"cRSA",0.0458777602304508
"densenet121_random","Untrained",0.65,"veRSA",0.110117672515429
"densenet121_random","Untrained",0.7,"cRSA",0.046385605985016
"densenet121_random","Untrained",0.7,"veRSA",0.109454056922629
"densenet121_random","Untrained",0.75,"cRSA",0.0452452849483126
"densenet121_random","Untrained",0.75,"veRSA",0.11236840448893
"densenet121_random","Untrained",0.8,"cRSA",0.0435666223121258
"densenet121_random","Untrained",0.8,"veRSA",0.11565714298009
"densenet121_random","Untrained",0.85,"cRSA",0.0435613676354607
"densenet121_random","Untrained",0.85,"veRSA",0.117726800846495
"densenet121_random","Untrained",0.9,"cRSA",0.0435438429465345
"densenet121_random","Untrained",0.9,"veRSA",0.118568202506492
"densenet121_random","Untrained",0.95,"cRSA",0.0431765845099456
"densenet121_random","Untrained",0.95,"veRSA",0.117829073050366
"densenet121_random","Untrained",1,"cRSA",0.0434098212378729
"densenet121_random","Untrained",1,"veRSA",0.120005281769057
"dla34_classification","Trained",0.55,"cRSA",0.164741699909537
"dla34_classification","Trained",0.55,"veRSA",0.446692382235692
"dla34_classification","Trained",0.6,"cRSA",0.208738453198581
"dla34_classification","Trained",0.6,"veRSA",0.488957851977228
"dla34_classification","Trained",0.65,"cRSA",0.226282757311778
"dla34_classification","Trained",0.65,"veRSA",0.533542862759448
"dla34_classification","Trained",0.7,"cRSA",0.252252410882986
"dla34_classification","Trained",0.7,"veRSA",0.592958645791877
"dla34_classification","Trained",0.75,"cRSA",0.27825174415972
"dla34_classification","Trained",0.75,"veRSA",0.62334650780687
"dla34_classification","Trained",0.8,"cRSA",0.268407186656264
"dla34_classification","Trained",0.8,"veRSA",0.594942965452787
"dla34_classification","Trained",0.85,"cRSA",0.260459554697044
"dla34_classification","Trained",0.85,"veRSA",0.586264280671269
"dla34_classification","Trained",0.9,"cRSA",0.326327623558462
"dla34_classification","Trained",0.9,"veRSA",0.654423561352433
"dla34_classification","Trained",0.95,"cRSA",0.304909372002762
"dla34_classification","Trained",0.95,"veRSA",0.63383106380707
"dla34_classification","Trained",1,"cRSA",0.293304460414551
"dla34_classification","Trained",1,"veRSA",0.484475407369859
"dla34_random","Untrained",0.55,"cRSA",0.0163966022673659
"dla34_random","Untrained",0.55,"veRSA",0.116318725228068
"dla34_random","Untrained",0.6,"cRSA",0.015671125499853
"dla34_random","Untrained",0.6,"veRSA",0.110491356242505
"dla34_random","Untrained",0.65,"cRSA",0.0159867660696679
"dla34_random","Untrained",0.65,"veRSA",0.11384834974139
"dla34_random","Untrained",0.7,"cRSA",0.0151004192650342
"dla34_random","Untrained",0.7,"veRSA",0.111991048461527
"dla34_random","Untrained",0.75,"cRSA",0.0151278765816348
"dla34_random","Untrained",0.75,"veRSA",0.109090836055833
"dla34_random","Untrained",0.8,"cRSA",0.0144476537008609
"dla34_random","Untrained",0.8,"veRSA",0.100875549598088
"dla34_random","Untrained",0.85,"cRSA",0.014442418752109
"dla34_random","Untrained",0.85,"veRSA",0.113455329520365
"dla34_random","Untrained",0.9,"cRSA",0.0145617547028661
"dla34_random","Untrained",0.9,"veRSA",0.101200788458573
"dla34_random","Untrained",0.95,"cRSA",0.0149723086173465
"dla34_random","Untrained",0.95,"veRSA",0.111470053472335
"dla34_random","Untrained",1,"cRSA",0.0111700809863372
"dla34_random","Untrained",1,"veRSA",0.0238290894928309
"eca_nfnet_l0_classification","Trained",0.55,"cRSA",0.296332940538554
"eca_nfnet_l0_classification","Trained",0.55,"veRSA",0.639954730599397
"eca_nfnet_l0_classification","Trained",0.6,"cRSA",0.308129959650984
"eca_nfnet_l0_classification","Trained",0.6,"veRSA",0.656806237250127
"eca_nfnet_l0_classification","Trained",0.65,"cRSA",0.254457369969609
"eca_nfnet_l0_classification","Trained",0.65,"veRSA",0.663823975645292
"eca_nfnet_l0_classification","Trained",0.7,"cRSA",0.273437759304758
"eca_nfnet_l0_classification","Trained",0.7,"veRSA",0.647101067642738
"eca_nfnet_l0_classification","Trained",0.75,"cRSA",0.242190886786517
"eca_nfnet_l0_classification","Trained",0.75,"veRSA",0.61810739140497
"eca_nfnet_l0_classification","Trained",0.8,"cRSA",0.321143889901713
"eca_nfnet_l0_classification","Trained",0.8,"veRSA",0.673179561612721
"eca_nfnet_l0_classification","Trained",0.85,"cRSA",0.287619279975069
"eca_nfnet_l0_classification","Trained",0.85,"veRSA",0.659052623741942
"eca_nfnet_l0_classification","Trained",0.9,"cRSA",0.258738424777698
"eca_nfnet_l0_classification","Trained",0.9,"veRSA",0.65373875934341
"eca_nfnet_l0_classification","Trained",0.95,"cRSA",0.12992765353152
"eca_nfnet_l0_classification","Trained",0.95,"veRSA",0.59666417198141
"eca_nfnet_l0_classification","Trained",1,"cRSA",0.224528483063655
"eca_nfnet_l0_classification","Trained",1,"veRSA",0.616794792798066
"eca_nfnet_l0_random","Untrained",0.55,"cRSA",0.0600634661056289
"eca_nfnet_l0_random","Untrained",0.55,"veRSA",0.0482279415936296
"eca_nfnet_l0_random","Untrained",0.6,"cRSA",0.0655213809351965
"eca_nfnet_l0_random","Untrained",0.6,"veRSA",0.0529051393118718
"eca_nfnet_l0_random","Untrained",0.65,"cRSA",0.0640692388691667
"eca_nfnet_l0_random","Untrained",0.65,"veRSA",0.0475711325209288
"eca_nfnet_l0_random","Untrained",0.7,"cRSA",0.0667960027347802
"eca_nfnet_l0_random","Untrained",0.7,"veRSA",0.0503910541235762
"eca_nfnet_l0_random","Untrained",0.75,"cRSA",0.06489070818735
"eca_nfnet_l0_random","Untrained",0.75,"veRSA",0.0510694828553337
"eca_nfnet_l0_random","Untrained",0.8,"cRSA",0.0635629323301755
"eca_nfnet_l0_random","Untrained",0.8,"veRSA",0.0431936986707939
"eca_nfnet_l0_random","Untrained",0.85,"cRSA",0.0632810475913722
"eca_nfnet_l0_random","Untrained",0.85,"veRSA",0.0396272441190704
"eca_nfnet_l0_random","Untrained",0.9,"cRSA",0.0672478000544655
"eca_nfnet_l0_random","Untrained",0.9,"veRSA",0.0484575784065872
"eca_nfnet_l0_random","Untrained",0.95,"cRSA",0.0602600055093601
"eca_nfnet_l0_random","Untrained",0.95,"veRSA",0.0361588790943909
"eca_nfnet_l0_random","Untrained",1,"cRSA",0.0580576009560966
"eca_nfnet_l0_random","Untrained",1,"veRSA",0.0826660251282953
"efficientnet_b1_classification","Trained",0.55,"cRSA",0.179641918043434
"efficientnet_b1_classification","Trained",0.55,"veRSA",0.428274676363881
"efficientnet_b1_classification","Trained",0.6,"cRSA",0.225051385395567
"efficientnet_b1_classification","Trained",0.6,"veRSA",0.518587531888666
"efficientnet_b1_classification","Trained",0.65,"cRSA",0.24597221037025
"efficientnet_b1_classification","Trained",0.65,"veRSA",0.534409540640284
"efficientnet_b1_classification","Trained",0.7,"cRSA",0.267667245839594
"efficientnet_b1_classification","Trained",0.7,"veRSA",0.553927805759261
"efficientnet_b1_classification","Trained",0.75,"cRSA",0.287168223732827
"efficientnet_b1_classification","Trained",0.75,"veRSA",0.609759054182819
"efficientnet_b1_classification","Trained",0.8,"cRSA",0.311139806389463
"efficientnet_b1_classification","Trained",0.8,"veRSA",0.638958295270087
"efficientnet_b1_classification","Trained",0.85,"cRSA",0.306216029655227
"efficientnet_b1_classification","Trained",0.85,"veRSA",0.651364924511983
"efficientnet_b1_classification","Trained",0.9,"cRSA",0.274727299887121
"efficientnet_b1_classification","Trained",0.9,"veRSA",0.630237648091942
"efficientnet_b1_classification","Trained",0.95,"cRSA",0.260758773472584
"efficientnet_b1_classification","Trained",0.95,"veRSA",0.651034371260377
"efficientnet_b1_classification","Trained",1,"cRSA",0.18652725973396
"efficientnet_b1_classification","Trained",1,"veRSA",0.562324497867029
"efficientnet_b1_random","Untrained",0.55,"cRSA",0.0405285933257992
"efficientnet_b1_random","Untrained",0.55,"veRSA",0.0851311444317533
"efficientnet_b1_random","Untrained",0.6,"cRSA",0.0410050893843913
"efficientnet_b1_random","Untrained",0.6,"veRSA",0.0834995251331082
"efficientnet_b1_random","Untrained",0.65,"cRSA",0.043433114860349
"efficientnet_b1_random","Untrained",0.65,"veRSA",0.0816093787594722
"efficientnet_b1_random","Untrained",0.7,"cRSA",0.0436635618613492
"efficientnet_b1_random","Untrained",0.7,"veRSA",0.0866056088204413
"efficientnet_b1_random","Untrained",0.75,"cRSA",0.0418014616484414
"efficientnet_b1_random","Untrained",0.75,"veRSA",0.0811874088408519
"efficientnet_b1_random","Untrained",0.8,"cRSA",0.0446235831609887
"efficientnet_b1_random","Untrained",0.8,"veRSA",0.0711986010566748
"efficientnet_b1_random","Untrained",0.85,"cRSA",0.0437953224449859
"efficientnet_b1_random","Untrained",0.85,"veRSA",0.0642090628521859
"efficientnet_b1_random","Untrained",0.9,"cRSA",0.0466852928736176
"efficientnet_b1_random","Untrained",0.9,"veRSA",0.06636755101997
"efficientnet_b1_random","Untrained",0.95,"cRSA",0.041738800897527
"efficientnet_b1_random","Untrained",0.95,"veRSA",0.0646814520533148
"efficientnet_b1_random","Untrained",1,"cRSA",0.0422597703792507
"efficientnet_b1_random","Untrained",1,"veRSA",0.0649159104563087
"efficientnet_b3_classification","Trained",0.55,"cRSA",0.180392152079066
"efficientnet_b3_classification","Trained",0.55,"veRSA",0.42277468010655
"efficientnet_b3_classification","Trained",0.6,"cRSA",0.206562318306486
"efficientnet_b3_classification","Trained",0.6,"veRSA",0.501907049526911
"efficientnet_b3_classification","Trained",0.65,"cRSA",0.211237954256819
"efficientnet_b3_classification","Trained",0.65,"veRSA",0.508427599152852
"efficientnet_b3_classification","Trained",0.7,"cRSA",0.189064746631716
"efficientnet_b3_classification","Trained",0.7,"veRSA",0.512561319449336
"efficientnet_b3_classification","Trained",0.75,"cRSA",0.261460678242916
"efficientnet_b3_classification","Trained",0.75,"veRSA",0.589520255285655
"efficientnet_b3_classification","Trained",0.8,"cRSA",0.279204829371509
"efficientnet_b3_classification","Trained",0.8,"veRSA",0.635527344406542
"efficientnet_b3_classification","Trained",0.85,"cRSA",0.304796970317496
"efficientnet_b3_classification","Trained",0.85,"veRSA",0.655320621776032
"efficientnet_b3_classification","Trained",0.9,"cRSA",0.298176566976417
"efficientnet_b3_classification","Trained",0.9,"veRSA",0.651822404588022
"efficientnet_b3_classification","Trained",0.95,"cRSA",0.261389258618592
"efficientnet_b3_classification","Trained",0.95,"veRSA",0.649973337933919
"efficientnet_b3_classification","Trained",1,"cRSA",0.205648342435484
"efficientnet_b3_classification","Trained",1,"veRSA",0.59417467458959
"efficientnet_b3_random","Untrained",0.55,"cRSA",0.0626238492940729
"efficientnet_b3_random","Untrained",0.55,"veRSA",0.0893584214064671
"efficientnet_b3_random","Untrained",0.6,"cRSA",0.0664702250991375
"efficientnet_b3_random","Untrained",0.6,"veRSA",0.0815324972435268
"efficientnet_b3_random","Untrained",0.65,"cRSA",0.072326217445442
"efficientnet_b3_random","Untrained",0.65,"veRSA",0.0823802465468219
"efficientnet_b3_random","Untrained",0.7,"cRSA",0.0687977906685573
"efficientnet_b3_random","Untrained",0.7,"veRSA",0.0847332508692351
"efficientnet_b3_random","Untrained",0.75,"cRSA",0.071607263441962
"efficientnet_b3_random","Untrained",0.75,"veRSA",0.0770383294633295
"efficientnet_b3_random","Untrained",0.8,"cRSA",0.0767345168314692
"efficientnet_b3_random","Untrained",0.8,"veRSA",0.0725282263809308
"efficientnet_b3_random","Untrained",0.85,"cRSA",0.0736168809969964
"efficientnet_b3_random","Untrained",0.85,"veRSA",0.0768915769825241
"efficientnet_b3_random","Untrained",0.9,"cRSA",0.071742453764385
"efficientnet_b3_random","Untrained",0.9,"veRSA",0.0756718249726022
"efficientnet_b3_random","Untrained",0.95,"cRSA",0.0711000017618843
"efficientnet_b3_random","Untrained",0.95,"veRSA",0.0730176491765684
"efficientnet_b3_random","Untrained",1,"cRSA",0.071044271036905
"efficientnet_b3_random","Untrained",1,"veRSA",0.0675466078356887
"ghostnet_100_classification","Trained",0.55,"cRSA",0.162377395725196
"ghostnet_100_classification","Trained",0.55,"veRSA",0.39350623612261
"ghostnet_100_classification","Trained",0.6,"cRSA",0.182907234060621
"ghostnet_100_classification","Trained",0.6,"veRSA",0.424316824097956
"ghostnet_100_classification","Trained",0.65,"cRSA",0.218161069994191
"ghostnet_100_classification","Trained",0.65,"veRSA",0.495285163909975
"ghostnet_100_classification","Trained",0.7,"cRSA",0.220103732746389
"ghostnet_100_classification","Trained",0.7,"veRSA",0.504375969332743
"ghostnet_100_classification","Trained",0.75,"cRSA",0.262257492052833
"ghostnet_100_classification","Trained",0.75,"veRSA",0.575245773267226
"ghostnet_100_classification","Trained",0.8,"cRSA",0.26341187829624
"ghostnet_100_classification","Trained",0.8,"veRSA",0.5933823580768
"ghostnet_100_classification","Trained",0.85,"cRSA",0.335669562462085
"ghostnet_100_classification","Trained",0.85,"veRSA",0.6456256133102
"ghostnet_100_classification","Trained",0.9,"cRSA",0.238682606814404
"ghostnet_100_classification","Trained",0.9,"veRSA",0.590735396036085
"ghostnet_100_classification","Trained",0.95,"cRSA",0.296529854307881
"ghostnet_100_classification","Trained",0.95,"veRSA",0.623962606759241
"ghostnet_100_classification","Trained",1,"cRSA",0.300930335376913
"ghostnet_100_classification","Trained",1,"veRSA",0.619713263922312
"ghostnet_100_random","Untrained",0.55,"cRSA",0.0255122618131684
"ghostnet_100_random","Untrained",0.55,"veRSA",0.0688615550037286
"ghostnet_100_random","Untrained",0.6,"cRSA",0.0248923606087519
"ghostnet_100_random","Untrained",0.6,"veRSA",0.0599791749623353
"ghostnet_100_random","Untrained",0.65,"cRSA",0.0208982306315714
"ghostnet_100_random","Untrained",0.65,"veRSA",0.0810327047840113
"ghostnet_100_random","Untrained",0.7,"cRSA",0.0225820148207657
"ghostnet_100_random","Untrained",0.7,"veRSA",0.0697515223386629
"ghostnet_100_random","Untrained",0.75,"cRSA",0.0254335256919548
"ghostnet_100_random","Untrained",0.75,"veRSA",0.0532147571332258
"ghostnet_100_random","Untrained",0.8,"cRSA",0.0285734211392822
"ghostnet_100_random","Untrained",0.8,"veRSA",0.0615324369896158
"ghostnet_100_random","Untrained",0.85,"cRSA",0.0191205449544309
"ghostnet_100_random","Untrained",0.85,"veRSA",0.0624234547465483
"ghostnet_100_random","Untrained",0.9,"cRSA",0.0279868180177026
"ghostnet_100_random","Untrained",0.9,"veRSA",0.0572366497101302
"ghostnet_100_random","Untrained",0.95,"cRSA",0.0202042620772973
"ghostnet_100_random","Untrained",0.95,"veRSA",0.070363825707151
"ghostnet_100_random","Untrained",1,"cRSA",0.0157905289268775
"ghostnet_100_random","Untrained",1,"veRSA",0.0489832805284237
"gmixer_24_224_classification","Trained",0.55,"cRSA",0.192017554621287
"gmixer_24_224_classification","Trained",0.55,"veRSA",0.550656968811053
"gmixer_24_224_classification","Trained",0.6,"cRSA",0.211811911597103
"gmixer_24_224_classification","Trained",0.6,"veRSA",0.575014353241431
"gmixer_24_224_classification","Trained",0.65,"cRSA",0.192467874424409
"gmixer_24_224_classification","Trained",0.65,"veRSA",0.571592596505256
"gmixer_24_224_classification","Trained",0.7,"cRSA",0.174442867031414
"gmixer_24_224_classification","Trained",0.7,"veRSA",0.600484690778165
"gmixer_24_224_classification","Trained",0.75,"cRSA",0.220985930113981
"gmixer_24_224_classification","Trained",0.75,"veRSA",0.641638746896965
"gmixer_24_224_classification","Trained",0.8,"cRSA",0.234318612456923
"gmixer_24_224_classification","Trained",0.8,"veRSA",0.662559169398262
"gmixer_24_224_classification","Trained",0.85,"cRSA",0.251828549224716
"gmixer_24_224_classification","Trained",0.85,"veRSA",0.664194003541214
"gmixer_24_224_classification","Trained",0.9,"cRSA",0.266536522294705
"gmixer_24_224_classification","Trained",0.9,"veRSA",0.668574745590187
"gmixer_24_224_classification","Trained",0.95,"cRSA",0.172606701696036
"gmixer_24_224_classification","Trained",0.95,"veRSA",0.654526610614812
"gmixer_24_224_classification","Trained",1,"cRSA",0.150005041745974
"gmixer_24_224_classification","Trained",1,"veRSA",0.618765545389647
"gmixer_24_224_random","Untrained",0.55,"cRSA",0.0694213591873706
"gmixer_24_224_random","Untrained",0.55,"veRSA",0.0746107749259937
"gmixer_24_224_random","Untrained",0.6,"cRSA",0.0694344140915633
"gmixer_24_224_random","Untrained",0.6,"veRSA",0.0730539481441522
"gmixer_24_224_random","Untrained",0.65,"cRSA",0.0699605495200641
"gmixer_24_224_random","Untrained",0.65,"veRSA",0.0709567905108746
"gmixer_24_224_random","Untrained",0.7,"cRSA",0.0713340676377935
"gmixer_24_224_random","Untrained",0.7,"veRSA",0.0705265231258601
"gmixer_24_224_random","Untrained",0.75,"cRSA",0.0703840935037249
"gmixer_24_224_random","Untrained",0.75,"veRSA",0.06984405901247
"gmixer_24_224_random","Untrained",0.8,"cRSA",0.0694248910921709
"gmixer_24_224_random","Untrained",0.8,"veRSA",0.0698998811934807
"gmixer_24_224_random","Untrained",0.85,"cRSA",0.0692853798616756
"gmixer_24_224_random","Untrained",0.85,"veRSA",0.069955775490349
"gmixer_24_224_random","Untrained",0.9,"cRSA",0.0700518181394075
"gmixer_24_224_random","Untrained",0.9,"veRSA",0.0703041697825343
"gmixer_24_224_random","Untrained",0.95,"cRSA",0.0706300286106803
"gmixer_24_224_random","Untrained",0.95,"veRSA",0.0702930812965311
"gmixer_24_224_random","Untrained",1,"cRSA",0.0703368220517699
"gmixer_24_224_random","Untrained",1,"veRSA",0.0705980534581596
"gmlp_s16_224_classification","Trained",0.55,"cRSA",0.241021679899628
"gmlp_s16_224_classification","Trained",0.55,"veRSA",0.58891969025549
"gmlp_s16_224_classification","Trained",0.6,"cRSA",0.275525004971833
"gmlp_s16_224_classification","Trained",0.6,"veRSA",0.631292353041445
"gmlp_s16_224_classification","Trained",0.65,"cRSA",0.295720860549921
"gmlp_s16_224_classification","Trained",0.65,"veRSA",0.642930994059727
"gmlp_s16_224_classification","Trained",0.7,"cRSA",0.290585020251709
"gmlp_s16_224_classification","Trained",0.7,"veRSA",0.661910259090135
"gmlp_s16_224_classification","Trained",0.75,"cRSA",0.313764941356938
"gmlp_s16_224_classification","Trained",0.75,"veRSA",0.674229080743798
"gmlp_s16_224_classification","Trained",0.8,"cRSA",0.302606048933618
"gmlp_s16_224_classification","Trained",0.8,"veRSA",0.666884918120044
"gmlp_s16_224_classification","Trained",0.85,"cRSA",0.297096714954189
"gmlp_s16_224_classification","Trained",0.85,"veRSA",0.663116359335962
"gmlp_s16_224_classification","Trained",0.9,"cRSA",0.278583618982866
"gmlp_s16_224_classification","Trained",0.9,"veRSA",0.669580950493156
"gmlp_s16_224_classification","Trained",0.95,"cRSA",0.20397644231092
"gmlp_s16_224_classification","Trained",0.95,"veRSA",0.63439571531129
"gmlp_s16_224_classification","Trained",1,"cRSA",0.162802703356417
"gmlp_s16_224_classification","Trained",1,"veRSA",0.615820778279856
"gmlp_s16_224_random","Untrained",0.55,"cRSA",0.0628563481510156
"gmlp_s16_224_random","Untrained",0.55,"veRSA",0.106854940327387
"gmlp_s16_224_random","Untrained",0.6,"cRSA",0.0636914172721143
"gmlp_s16_224_random","Untrained",0.6,"veRSA",0.103305630467206
"gmlp_s16_224_random","Untrained",0.65,"cRSA",0.0635769560298912
"gmlp_s16_224_random","Untrained",0.65,"veRSA",0.10570189650742
"gmlp_s16_224_random","Untrained",0.7,"cRSA",0.0637507377307228
"gmlp_s16_224_random","Untrained",0.7,"veRSA",0.103468797409611
"gmlp_s16_224_random","Untrained",0.75,"cRSA",0.064121024433282
"gmlp_s16_224_random","Untrained",0.75,"veRSA",0.106876841034134
"gmlp_s16_224_random","Untrained",0.8,"cRSA",0.0626812930007003
"gmlp_s16_224_random","Untrained",0.8,"veRSA",0.105131007121343
"gmlp_s16_224_random","Untrained",0.85,"cRSA",0.0628884439076326
"gmlp_s16_224_random","Untrained",0.85,"veRSA",0.10597653390117
"gmlp_s16_224_random","Untrained",0.9,"cRSA",0.0643444507668151
"gmlp_s16_224_random","Untrained",0.9,"veRSA",0.104155366295963
"gmlp_s16_224_random","Untrained",0.95,"cRSA",0.0639341704390844
"gmlp_s16_224_random","Untrained",0.95,"veRSA",0.1042477062647
"gmlp_s16_224_random","Untrained",1,"cRSA",0.0645119757853296
"gmlp_s16_224_random","Untrained",1,"veRSA",0.105424372820286
"googlenet_classification","Trained",0.55,"cRSA",0.151012215918503
"googlenet_classification","Trained",0.55,"veRSA",0.406021584789667
"googlenet_classification","Trained",0.6,"cRSA",0.201987280203779
"googlenet_classification","Trained",0.6,"veRSA",0.535699129788069
"googlenet_classification","Trained",0.65,"cRSA",0.186947756352402
"googlenet_classification","Trained",0.65,"veRSA",0.476798296525162
"googlenet_classification","Trained",0.7,"cRSA",0.225928740059125
"googlenet_classification","Trained",0.7,"veRSA",0.548612466345765
"googlenet_classification","Trained",0.75,"cRSA",0.206230824573824
"googlenet_classification","Trained",0.75,"veRSA",0.543198562135005
"googlenet_classification","Trained",0.8,"cRSA",0.277933911564279
"googlenet_classification","Trained",0.8,"veRSA",0.611277176109701
"googlenet_classification","Trained",0.85,"cRSA",0.25070207347472
"googlenet_classification","Trained",0.85,"veRSA",0.604468399289389
"googlenet_classification","Trained",0.9,"cRSA",0.273201278879768
"googlenet_classification","Trained",0.9,"veRSA",0.623952555500887
"googlenet_classification","Trained",0.95,"cRSA",0.147065180339053
"googlenet_classification","Trained",0.95,"veRSA",0.518231046264991
"googlenet_classification","Trained",1,"cRSA",0.247164598497667
"googlenet_classification","Trained",1,"veRSA",0.545678943261824
"googlenet_random","Untrained",0.55,"cRSA",0.0463503904264007
"googlenet_random","Untrained",0.55,"veRSA",0.147908866566455
"googlenet_random","Untrained",0.6,"cRSA",0.0476898592780414
"googlenet_random","Untrained",0.6,"veRSA",0.163022701982177
"googlenet_random","Untrained",0.65,"cRSA",0.0518802035879432
"googlenet_random","Untrained",0.65,"veRSA",0.159164926751753
"googlenet_random","Untrained",0.7,"cRSA",0.0447493457149121
"googlenet_random","Untrained",0.7,"veRSA",0.160550423927221
"googlenet_random","Untrained",0.75,"cRSA",0.0394685503704808
"googlenet_random","Untrained",0.75,"veRSA",0.139177453198814
"googlenet_random","Untrained",0.8,"cRSA",0.0450987344528007
"googlenet_random","Untrained",0.8,"veRSA",0.15877082670368
"googlenet_random","Untrained",0.85,"cRSA",0.0455641317280813
"googlenet_random","Untrained",0.85,"veRSA",0.141949686532406
"googlenet_random","Untrained",0.9,"cRSA",0.0424441810042766
"googlenet_random","Untrained",0.9,"veRSA",0.153803031508635
"googlenet_random","Untrained",0.95,"cRSA",0.0447376632960514
"googlenet_random","Untrained",0.95,"veRSA",0.147551488547649
"googlenet_random","Untrained",1,"cRSA",0.040794597976045
"googlenet_random","Untrained",1,"veRSA",0.149120168762095
"hardcorenas_a_classification","Trained",0.55,"cRSA",0.135349579544456
"hardcorenas_a_classification","Trained",0.55,"veRSA",0.425258273048293
"hardcorenas_a_classification","Trained",0.6,"cRSA",0.193621228174492
"hardcorenas_a_classification","Trained",0.6,"veRSA",0.443366802291226
"hardcorenas_a_classification","Trained",0.65,"cRSA",0.18544867458967
"hardcorenas_a_classification","Trained",0.65,"veRSA",0.487371968937758
"hardcorenas_a_classification","Trained",0.7,"cRSA",0.216965480488535
"hardcorenas_a_classification","Trained",0.7,"veRSA",0.513682944397594
"hardcorenas_a_classification","Trained",0.75,"cRSA",0.292545975543506
"hardcorenas_a_classification","Trained",0.75,"veRSA",0.611057846063299
"hardcorenas_a_classification","Trained",0.8,"cRSA",0.238466355929498
"hardcorenas_a_classification","Trained",0.8,"veRSA",0.582462723050473
"hardcorenas_a_classification","Trained",0.85,"cRSA",0.331497454586377
"hardcorenas_a_classification","Trained",0.85,"veRSA",0.645500697707257
"hardcorenas_a_classification","Trained",0.9,"cRSA",0.332159626557738
"hardcorenas_a_classification","Trained",0.9,"veRSA",0.671218748928772
"hardcorenas_a_classification","Trained",0.95,"cRSA",0.293679855509258
"hardcorenas_a_classification","Trained",0.95,"veRSA",0.656196079473194
"hardcorenas_a_classification","Trained",1,"cRSA",0.322336491740168
"hardcorenas_a_classification","Trained",1,"veRSA",0.654475490319101
"hardcorenas_a_random","Untrained",0.55,"cRSA",0.0192671435460267
"hardcorenas_a_random","Untrained",0.55,"veRSA",0.104926374190566
"hardcorenas_a_random","Untrained",0.6,"cRSA",0.0259652546947157
"hardcorenas_a_random","Untrained",0.6,"veRSA",0.0782328093759873
"hardcorenas_a_random","Untrained",0.65,"cRSA",0.0203736962762912
"hardcorenas_a_random","Untrained",0.65,"veRSA",0.086887778755148
"hardcorenas_a_random","Untrained",0.7,"cRSA",0.0272633304266359
"hardcorenas_a_random","Untrained",0.7,"veRSA",0.0724133603508839
"hardcorenas_a_random","Untrained",0.75,"cRSA",0.0225327653152418
"hardcorenas_a_random","Untrained",0.75,"veRSA",0.0878623479052768
"hardcorenas_a_random","Untrained",0.8,"cRSA",0.0279389037065639
"hardcorenas_a_random","Untrained",0.8,"veRSA",0.0714418714035541
"hardcorenas_a_random","Untrained",0.85,"cRSA",0.0251472042850994
"hardcorenas_a_random","Untrained",0.85,"veRSA",0.0692716564992832
"hardcorenas_a_random","Untrained",0.9,"cRSA",0.0281081136017555
"hardcorenas_a_random","Untrained",0.9,"veRSA",0.0666696063782885
"hardcorenas_a_random","Untrained",0.95,"cRSA",0.0273128490025846
"hardcorenas_a_random","Untrained",0.95,"veRSA",0.0598086834143631
"hardcorenas_a_random","Untrained",1,"cRSA",0.0215086038973023
"hardcorenas_a_random","Untrained",1,"veRSA",0.0742438011329868
"hardcorenas_f_classification","Trained",0.55,"cRSA",0.180916532340004
"hardcorenas_f_classification","Trained",0.55,"veRSA",0.475916253130878
"hardcorenas_f_classification","Trained",0.6,"cRSA",0.256817704969444
"hardcorenas_f_classification","Trained",0.6,"veRSA",0.543485655876598
"hardcorenas_f_classification","Trained",0.65,"cRSA",0.261778771765009
"hardcorenas_f_classification","Trained",0.65,"veRSA",0.564734800849649
"hardcorenas_f_classification","Trained",0.7,"cRSA",0.243786706903924
"hardcorenas_f_classification","Trained",0.7,"veRSA",0.574527853252598
"hardcorenas_f_classification","Trained",0.75,"cRSA",0.268411590699646
"hardcorenas_f_classification","Trained",0.75,"veRSA",0.585522397916187
"hardcorenas_f_classification","Trained",0.8,"cRSA",0.309650129421742
"hardcorenas_f_classification","Trained",0.8,"veRSA",0.648588747052232
"hardcorenas_f_classification","Trained",0.85,"cRSA",0.32216729618334
"hardcorenas_f_classification","Trained",0.85,"veRSA",0.6682941886437
"hardcorenas_f_classification","Trained",0.9,"cRSA",0.288897122009155
"hardcorenas_f_classification","Trained",0.9,"veRSA",0.635996487649709
"hardcorenas_f_classification","Trained",0.95,"cRSA",0.227852242142229
"hardcorenas_f_classification","Trained",0.95,"veRSA",0.61758767987444
"hardcorenas_f_classification","Trained",1,"cRSA",0.263754247974263
"hardcorenas_f_classification","Trained",1,"veRSA",0.633726369353302
"hardcorenas_f_random","Untrained",0.55,"cRSA",0.0209609460063245
"hardcorenas_f_random","Untrained",0.55,"veRSA",0.0762690277210355
"hardcorenas_f_random","Untrained",0.6,"cRSA",0.022651674866848
"hardcorenas_f_random","Untrained",0.6,"veRSA",0.0756686765278555
"hardcorenas_f_random","Untrained",0.65,"cRSA",0.0218789866439645
"hardcorenas_f_random","Untrained",0.65,"veRSA",0.0720277075883867
"hardcorenas_f_random","Untrained",0.7,"cRSA",0.0240670779531794
"hardcorenas_f_random","Untrained",0.7,"veRSA",0.0714508512316379
"hardcorenas_f_random","Untrained",0.75,"cRSA",0.0224808712379153
"hardcorenas_f_random","Untrained",0.75,"veRSA",0.0674602341230281
"hardcorenas_f_random","Untrained",0.8,"cRSA",0.0203045142476198
"hardcorenas_f_random","Untrained",0.8,"veRSA",0.0685903339795268
"hardcorenas_f_random","Untrained",0.85,"cRSA",0.0215806743127695
"hardcorenas_f_random","Untrained",0.85,"veRSA",0.0537190042484348
"hardcorenas_f_random","Untrained",0.9,"cRSA",0.0195185877175483
"hardcorenas_f_random","Untrained",0.9,"veRSA",0.0535334954407147
"hardcorenas_f_random","Untrained",0.95,"cRSA",0.0195964687737484
"hardcorenas_f_random","Untrained",0.95,"veRSA",0.0502092984033105
"hardcorenas_f_random","Untrained",1,"cRSA",0.0179311606141958
"hardcorenas_f_random","Untrained",1,"veRSA",0.0617294094767716
"inception_v3_classification","Trained",0.55,"cRSA",0.180835540669164
"inception_v3_classification","Trained",0.55,"veRSA",0.498225002840283
"inception_v3_classification","Trained",0.6,"cRSA",0.233674603119385
"inception_v3_classification","Trained",0.6,"veRSA",0.583737371587512
"inception_v3_classification","Trained",0.65,"cRSA",0.239409573905685
"inception_v3_classification","Trained",0.65,"veRSA",0.591999817987779
"inception_v3_classification","Trained",0.7,"cRSA",0.222260388822127
"inception_v3_classification","Trained",0.7,"veRSA",0.613226198887971
"inception_v3_classification","Trained",0.75,"cRSA",0.24487884076869
"inception_v3_classification","Trained",0.75,"veRSA",0.607597928058313
"inception_v3_classification","Trained",0.8,"cRSA",0.292544382350344
"inception_v3_classification","Trained",0.8,"veRSA",0.645497341233143
"inception_v3_classification","Trained",0.85,"cRSA",0.287756158983147
"inception_v3_classification","Trained",0.85,"veRSA",0.622587364060507
"inception_v3_classification","Trained",0.9,"cRSA",0.284610057655122
"inception_v3_classification","Trained",0.9,"veRSA",0.615535992562656
"inception_v3_classification","Trained",0.95,"cRSA",0.152042985346537
"inception_v3_classification","Trained",0.95,"veRSA",0.514386622602472
"inception_v3_classification","Trained",1,"cRSA",0.161706860876456
"inception_v3_classification","Trained",1,"veRSA",0.449101995943079
"inception_v3_random","Untrained",0.55,"cRSA",0.0159626812936958
"inception_v3_random","Untrained",0.55,"veRSA",0.0979947274380373
"inception_v3_random","Untrained",0.6,"cRSA",0.0142772364479724
"inception_v3_random","Untrained",0.6,"veRSA",0.0901244491923189
"inception_v3_random","Untrained",0.65,"cRSA",0.0143953168793886
"inception_v3_random","Untrained",0.65,"veRSA",0.0796336342122558
"inception_v3_random","Untrained",0.7,"cRSA",0.0141126043774403
"inception_v3_random","Untrained",0.7,"veRSA",0.0751517851952259
"inception_v3_random","Untrained",0.75,"cRSA",0.0159717530415251
"inception_v3_random","Untrained",0.75,"veRSA",0.0718697433141847
"inception_v3_random","Untrained",0.8,"cRSA",0.0148443746351341
"inception_v3_random","Untrained",0.8,"veRSA",0.0693545623319985
"inception_v3_random","Untrained",0.85,"cRSA",0.0142614015952368
"inception_v3_random","Untrained",0.85,"veRSA",0.0528660672497166
"inception_v3_random","Untrained",0.9,"cRSA",0.0135043224288001
"inception_v3_random","Untrained",0.9,"veRSA",0.0472349495951492
"inception_v3_random","Untrained",0.95,"cRSA",0.0135223145532609
"inception_v3_random","Untrained",0.95,"veRSA",0.0489963967704311
"inception_v3_random","Untrained",1,"cRSA",0.0129251915608229
"inception_v3_random","Untrained",1,"veRSA",0.0373474814859676
"jx_nest_tiny_classification","Trained",0.55,"cRSA",0.212294271471574
"jx_nest_tiny_classification","Trained",0.55,"veRSA",0.515388646974687
"jx_nest_tiny_classification","Trained",0.6,"cRSA",0.22443934162432
"jx_nest_tiny_classification","Trained",0.6,"veRSA",0.580464906029627
"jx_nest_tiny_classification","Trained",0.65,"cRSA",0.221987369776059
"jx_nest_tiny_classification","Trained",0.65,"veRSA",0.574842591291028
"jx_nest_tiny_classification","Trained",0.7,"cRSA",0.223665858861381
"jx_nest_tiny_classification","Trained",0.7,"veRSA",0.617313109865155
"jx_nest_tiny_classification","Trained",0.75,"cRSA",0.253401259407328
"jx_nest_tiny_classification","Trained",0.75,"veRSA",0.637123386409831
"jx_nest_tiny_classification","Trained",0.8,"cRSA",0.203734455600254
"jx_nest_tiny_classification","Trained",0.8,"veRSA",0.580333201070532
"jx_nest_tiny_classification","Trained",0.85,"cRSA",0.169150829060263
"jx_nest_tiny_classification","Trained",0.85,"veRSA",0.583740472115943
"jx_nest_tiny_classification","Trained",0.9,"cRSA",0.140853903531741
"jx_nest_tiny_classification","Trained",0.9,"veRSA",0.52571647647416
"jx_nest_tiny_classification","Trained",0.95,"cRSA",0.115806926029963
"jx_nest_tiny_classification","Trained",0.95,"veRSA",0.518972627856905
"jx_nest_tiny_classification","Trained",1,"cRSA",0.148277230655772
"jx_nest_tiny_classification","Trained",1,"veRSA",0.53227483409088
"jx_nest_tiny_random","Untrained",0.55,"cRSA",0.0564188459290874
"jx_nest_tiny_random","Untrained",0.55,"veRSA",0.130223055095493
"jx_nest_tiny_random","Untrained",0.6,"cRSA",0.0639935671234242
"jx_nest_tiny_random","Untrained",0.6,"veRSA",0.128273354572525
"jx_nest_tiny_random","Untrained",0.65,"cRSA",0.0575700459049289
"jx_nest_tiny_random","Untrained",0.65,"veRSA",0.128000441038004
"jx_nest_tiny_random","Untrained",0.7,"cRSA",0.0541774441369698
"jx_nest_tiny_random","Untrained",0.7,"veRSA",0.127991519755886
"jx_nest_tiny_random","Untrained",0.75,"cRSA",0.062264726239245
"jx_nest_tiny_random","Untrained",0.75,"veRSA",0.130074355606752
"jx_nest_tiny_random","Untrained",0.8,"cRSA",0.0582554840345932
"jx_nest_tiny_random","Untrained",0.8,"veRSA",0.126622595919255
"jx_nest_tiny_random","Untrained",0.85,"cRSA",0.05632623838849
"jx_nest_tiny_random","Untrained",0.85,"veRSA",0.128152698094727
"jx_nest_tiny_random","Untrained",0.9,"cRSA",0.0620231550036369
"jx_nest_tiny_random","Untrained",0.9,"veRSA",0.128800004414009
"jx_nest_tiny_random","Untrained",0.95,"cRSA",0.0571444912882353
"jx_nest_tiny_random","Untrained",0.95,"veRSA",0.127271987593302
"jx_nest_tiny_random","Untrained",1,"cRSA",0.0530750859063802
"jx_nest_tiny_random","Untrained",1,"veRSA",0.130759491323064
"mixer_b16_224_classification","Trained",0.55,"cRSA",0.184047797959676
"mixer_b16_224_classification","Trained",0.55,"veRSA",0.582837538559966
"mixer_b16_224_classification","Trained",0.6,"cRSA",0.176549276309358
"mixer_b16_224_classification","Trained",0.6,"veRSA",0.593020887553254
"mixer_b16_224_classification","Trained",0.65,"cRSA",0.235250712750775
"mixer_b16_224_classification","Trained",0.65,"veRSA",0.605548673243394
"mixer_b16_224_classification","Trained",0.7,"cRSA",0.168954106708426
"mixer_b16_224_classification","Trained",0.7,"veRSA",0.628309199280823
"mixer_b16_224_classification","Trained",0.75,"cRSA",0.256038801279675
"mixer_b16_224_classification","Trained",0.75,"veRSA",0.64437694704894
"mixer_b16_224_classification","Trained",0.8,"cRSA",0.26884928885019
"mixer_b16_224_classification","Trained",0.8,"veRSA",0.658969202741639
"mixer_b16_224_classification","Trained",0.85,"cRSA",0.223648234694039
"mixer_b16_224_classification","Trained",0.85,"veRSA",0.654439607209961
"mixer_b16_224_classification","Trained",0.9,"cRSA",0.245916757515499
"mixer_b16_224_classification","Trained",0.9,"veRSA",0.64296984969209
"mixer_b16_224_classification","Trained",0.95,"cRSA",0.169474358533922
"mixer_b16_224_classification","Trained",0.95,"veRSA",0.643835115272426
"mixer_b16_224_classification","Trained",1,"cRSA",0.170002859019508
"mixer_b16_224_classification","Trained",1,"veRSA",0.60823905132672
"mixer_b16_224_random","Untrained",0.55,"cRSA",0.0650249330801924
"mixer_b16_224_random","Untrained",0.55,"veRSA",0.103418623759303
"mixer_b16_224_random","Untrained",0.6,"cRSA",0.0655466463616805
"mixer_b16_224_random","Untrained",0.6,"veRSA",0.102741002534381
"mixer_b16_224_random","Untrained",0.65,"cRSA",0.0678625791408085
"mixer_b16_224_random","Untrained",0.65,"veRSA",0.107093028323453
"mixer_b16_224_random","Untrained",0.7,"cRSA",0.0671022078964136
"mixer_b16_224_random","Untrained",0.7,"veRSA",0.104102475125954
"mixer_b16_224_random","Untrained",0.75,"cRSA",0.0672896556075675
"mixer_b16_224_random","Untrained",0.75,"veRSA",0.106344909509036
"mixer_b16_224_random","Untrained",0.8,"cRSA",0.0680490022923051
"mixer_b16_224_random","Untrained",0.8,"veRSA",0.107161981123574
"mixer_b16_224_random","Untrained",0.85,"cRSA",0.0659123306753905
"mixer_b16_224_random","Untrained",0.85,"veRSA",0.0988728213960571
"mixer_b16_224_random","Untrained",0.9,"cRSA",0.0676053308869041
"mixer_b16_224_random","Untrained",0.9,"veRSA",0.10396469312325
"mixer_b16_224_random","Untrained",0.95,"cRSA",0.0662592544963067
"mixer_b16_224_random","Untrained",0.95,"veRSA",0.10244174515746
"mixer_b16_224_random","Untrained",1,"cRSA",0.0666083160405413
"mixer_b16_224_random","Untrained",1,"veRSA",0.102710421039848
"mixer_l16_224_classification","Trained",0.55,"cRSA",0.205309690832576
"mixer_l16_224_classification","Trained",0.55,"veRSA",0.618985889591843
"mixer_l16_224_classification","Trained",0.6,"cRSA",0.236489362574712
"mixer_l16_224_classification","Trained",0.6,"veRSA",0.630670405499041
"mixer_l16_224_classification","Trained",0.65,"cRSA",0.2548543778807
"mixer_l16_224_classification","Trained",0.65,"veRSA",0.638362329756423
"mixer_l16_224_classification","Trained",0.7,"cRSA",0.25743696815047
"mixer_l16_224_classification","Trained",0.7,"veRSA",0.636930549595576
"mixer_l16_224_classification","Trained",0.75,"cRSA",0.274849474708772
"mixer_l16_224_classification","Trained",0.75,"veRSA",0.649670803356153
"mixer_l16_224_classification","Trained",0.8,"cRSA",0.292071084550334
"mixer_l16_224_classification","Trained",0.8,"veRSA",0.659185340805243
"mixer_l16_224_classification","Trained",0.85,"cRSA",0.275460364929741
"mixer_l16_224_classification","Trained",0.85,"veRSA",0.657358320615619
"mixer_l16_224_classification","Trained",0.9,"cRSA",0.249502283548464
"mixer_l16_224_classification","Trained",0.9,"veRSA",0.636455265804022
"mixer_l16_224_classification","Trained",0.95,"cRSA",0.165853346383899
"mixer_l16_224_classification","Trained",0.95,"veRSA",0.604840521299135
"mixer_l16_224_classification","Trained",1,"cRSA",0.0927293882025295
"mixer_l16_224_classification","Trained",1,"veRSA",0.589781762279894
"mixer_l16_224_random","Untrained",0.55,"cRSA",0.0706445548059714
"mixer_l16_224_random","Untrained",0.55,"veRSA",0.116112859105472
"mixer_l16_224_random","Untrained",0.6,"cRSA",0.0702611296725738
"mixer_l16_224_random","Untrained",0.6,"veRSA",0.115447508890801
"mixer_l16_224_random","Untrained",0.65,"cRSA",0.0707347290167571
"mixer_l16_224_random","Untrained",0.65,"veRSA",0.115494203856714
"mixer_l16_224_random","Untrained",0.7,"cRSA",0.0700563711492174
"mixer_l16_224_random","Untrained",0.7,"veRSA",0.117793814879703
"mixer_l16_224_random","Untrained",0.75,"cRSA",0.0686210062030553
"mixer_l16_224_random","Untrained",0.75,"veRSA",0.115407904857918
"mixer_l16_224_random","Untrained",0.8,"cRSA",0.0689365716866343
"mixer_l16_224_random","Untrained",0.8,"veRSA",0.115657754021185
"mixer_l16_224_random","Untrained",0.85,"cRSA",0.068963521382698
"mixer_l16_224_random","Untrained",0.85,"veRSA",0.117520345689762
"mixer_l16_224_random","Untrained",0.9,"cRSA",0.0685612832679864
"mixer_l16_224_random","Untrained",0.9,"veRSA",0.115387824644672
"mixer_l16_224_random","Untrained",0.95,"cRSA",0.0680607898781689
"mixer_l16_224_random","Untrained",0.95,"veRSA",0.115147099047928
"mixer_l16_224_random","Untrained",1,"cRSA",0.0685247921871017
"mixer_l16_224_random","Untrained",1,"veRSA",0.111370806401473
"mnasnet1_0_classification","Trained",0.55,"cRSA",0.174563357429107
"mnasnet1_0_classification","Trained",0.55,"veRSA",0.441768535680663
"mnasnet1_0_classification","Trained",0.6,"cRSA",0.179033260210571
"mnasnet1_0_classification","Trained",0.6,"veRSA",0.465607345906303
"mnasnet1_0_classification","Trained",0.65,"cRSA",0.190863658213733
"mnasnet1_0_classification","Trained",0.65,"veRSA",0.482900726201795
"mnasnet1_0_classification","Trained",0.7,"cRSA",0.186315550778578
"mnasnet1_0_classification","Trained",0.7,"veRSA",0.462589209231408
"mnasnet1_0_classification","Trained",0.75,"cRSA",0.25457325314522
"mnasnet1_0_classification","Trained",0.75,"veRSA",0.59801729031669
"mnasnet1_0_classification","Trained",0.8,"cRSA",0.312234981551178
"mnasnet1_0_classification","Trained",0.8,"veRSA",0.634753803531194
"mnasnet1_0_classification","Trained",0.85,"cRSA",0.31188673084517
"mnasnet1_0_classification","Trained",0.85,"veRSA",0.644112589313694
"mnasnet1_0_classification","Trained",0.9,"cRSA",0.325059083372753
"mnasnet1_0_classification","Trained",0.9,"veRSA",0.660512195705866
"mnasnet1_0_classification","Trained",0.95,"cRSA",0.254128835792144
"mnasnet1_0_classification","Trained",0.95,"veRSA",0.657332358977133
"mnasnet1_0_classification","Trained",1,"cRSA",0.307214632852367
"mnasnet1_0_classification","Trained",1,"veRSA",0.639986849124907
"mnasnet1_0_random","Untrained",0.55,"cRSA",0.0654726145031685
"mnasnet1_0_random","Untrained",0.55,"veRSA",0.109255922103765
"mnasnet1_0_random","Untrained",0.6,"cRSA",0.0665636071931224
"mnasnet1_0_random","Untrained",0.6,"veRSA",0.108430227263306
"mnasnet1_0_random","Untrained",0.65,"cRSA",0.066066349445485
"mnasnet1_0_random","Untrained",0.65,"veRSA",0.112798248692138
"mnasnet1_0_random","Untrained",0.7,"cRSA",0.0626431735741145
"mnasnet1_0_random","Untrained",0.7,"veRSA",0.112592925830451
"mnasnet1_0_random","Untrained",0.75,"cRSA",0.0627060173186082
"mnasnet1_0_random","Untrained",0.75,"veRSA",0.111293430227241
"mnasnet1_0_random","Untrained",0.8,"cRSA",0.0626153603439866
"mnasnet1_0_random","Untrained",0.8,"veRSA",0.105621898678133
"mnasnet1_0_random","Untrained",0.85,"cRSA",0.06347920708988
"mnasnet1_0_random","Untrained",0.85,"veRSA",0.111116961686544
"mnasnet1_0_random","Untrained",0.9,"cRSA",0.0640417898557538
"mnasnet1_0_random","Untrained",0.9,"veRSA",0.111252828201855
"mnasnet1_0_random","Untrained",0.95,"cRSA",0.062133563770724
"mnasnet1_0_random","Untrained",0.95,"veRSA",0.109656439823991
"mnasnet1_0_random","Untrained",1,"cRSA",0.0617799647408147
"mnasnet1_0_random","Untrained",1,"veRSA",0.0988091260439919
"mobilenet_v2_classification","Trained",0.55,"cRSA",0.183666071508099
"mobilenet_v2_classification","Trained",0.55,"veRSA",0.413266597253549
"mobilenet_v2_classification","Trained",0.6,"cRSA",0.138403494018108
"mobilenet_v2_classification","Trained",0.6,"veRSA",0.420629404730788
"mobilenet_v2_classification","Trained",0.65,"cRSA",0.189762319218865
"mobilenet_v2_classification","Trained",0.65,"veRSA",0.472936045341154
"mobilenet_v2_classification","Trained",0.7,"cRSA",0.183426292059206
"mobilenet_v2_classification","Trained",0.7,"veRSA",0.497214550996717
"mobilenet_v2_classification","Trained",0.75,"cRSA",0.139235811816566
"mobilenet_v2_classification","Trained",0.75,"veRSA",0.521650525518041
"mobilenet_v2_classification","Trained",0.8,"cRSA",0.0949794739033004
"mobilenet_v2_classification","Trained",0.8,"veRSA",0.585586620714267
"mobilenet_v2_classification","Trained",0.85,"cRSA",0.13939696161697
"mobilenet_v2_classification","Trained",0.85,"veRSA",0.629624911839322
"mobilenet_v2_classification","Trained",0.9,"cRSA",0.135315983907877
"mobilenet_v2_classification","Trained",0.9,"veRSA",0.649035699005777
"mobilenet_v2_classification","Trained",0.95,"cRSA",0.196297626177972
"mobilenet_v2_classification","Trained",0.95,"veRSA",0.647119737731679
"mobilenet_v2_classification","Trained",1,"cRSA",0.304377639826462
"mobilenet_v2_classification","Trained",1,"veRSA",0.622056629619979
"mobilenet_v2_random","Untrained",0.55,"cRSA",0.0366998977108679
"mobilenet_v2_random","Untrained",0.55,"veRSA",0.0997344834060828
"mobilenet_v2_random","Untrained",0.6,"cRSA",0.038061026350348
"mobilenet_v2_random","Untrained",0.6,"veRSA",0.100326628408933
"mobilenet_v2_random","Untrained",0.65,"cRSA",0.0402256387581842
"mobilenet_v2_random","Untrained",0.65,"veRSA",0.107624885933345
"mobilenet_v2_random","Untrained",0.7,"cRSA",0.0394774760912318
"mobilenet_v2_random","Untrained",0.7,"veRSA",0.112834332793706
"mobilenet_v2_random","Untrained",0.75,"cRSA",0.0381563724748071
"mobilenet_v2_random","Untrained",0.75,"veRSA",0.109208191109217
"mobilenet_v2_random","Untrained",0.8,"cRSA",0.0384145834456271
"mobilenet_v2_random","Untrained",0.8,"veRSA",0.106251491351315
"mobilenet_v2_random","Untrained",0.85,"cRSA",0.0347238441597559
"mobilenet_v2_random","Untrained",0.85,"veRSA",0.105096421952354
"mobilenet_v2_random","Untrained",0.9,"cRSA",0.0361178385188288
"mobilenet_v2_random","Untrained",0.9,"veRSA",0.102179507524207
"mobilenet_v2_random","Untrained",0.95,"cRSA",0.0353521478449349
"mobilenet_v2_random","Untrained",0.95,"veRSA",0.106486884313118
"mobilenet_v2_random","Untrained",1,"cRSA",0.0303119218965247
"mobilenet_v2_random","Untrained",1,"veRSA",0.0909616567294187
"mobilenetv3_large_100_classification","Trained",0.55,"cRSA",0.113184594163145
"mobilenetv3_large_100_classification","Trained",0.55,"veRSA",0.365953140382916
"mobilenetv3_large_100_classification","Trained",0.6,"cRSA",0.119836458702741
"mobilenetv3_large_100_classification","Trained",0.6,"veRSA",0.394734933407137
"mobilenetv3_large_100_classification","Trained",0.65,"cRSA",0.180256128556662
"mobilenetv3_large_100_classification","Trained",0.65,"veRSA",0.458117622823353
"mobilenetv3_large_100_classification","Trained",0.7,"cRSA",0.206984071272161
"mobilenetv3_large_100_classification","Trained",0.7,"veRSA",0.48462635236054
"mobilenetv3_large_100_classification","Trained",0.75,"cRSA",0.251177525839559
"mobilenetv3_large_100_classification","Trained",0.75,"veRSA",0.558855443126869
"mobilenetv3_large_100_classification","Trained",0.8,"cRSA",0.311469165539111
"mobilenetv3_large_100_classification","Trained",0.8,"veRSA",0.618875224647176
"mobilenetv3_large_100_classification","Trained",0.85,"cRSA",0.333811228660302
"mobilenetv3_large_100_classification","Trained",0.85,"veRSA",0.659615618972948
"mobilenetv3_large_100_classification","Trained",0.9,"cRSA",0.287661997753414
"mobilenetv3_large_100_classification","Trained",0.9,"veRSA",0.640738839745743
"mobilenetv3_large_100_classification","Trained",0.95,"cRSA",0.273466746872314
"mobilenetv3_large_100_classification","Trained",0.95,"veRSA",0.633383546905669
"mobilenetv3_large_100_classification","Trained",1,"cRSA",0.297115347496475
"mobilenetv3_large_100_classification","Trained",1,"veRSA",0.632904406498113
"mobilenetv3_large_100_random","Untrained",0.55,"cRSA",0.0182864156769595
"mobilenetv3_large_100_random","Untrained",0.55,"veRSA",0.0545445398988304
"mobilenetv3_large_100_random","Untrained",0.6,"cRSA",0.0172763834877417
"mobilenetv3_large_100_random","Untrained",0.6,"veRSA",0.0509007880476787
"mobilenetv3_large_100_random","Untrained",0.65,"cRSA",0.0106697897397572
"mobilenetv3_large_100_random","Untrained",0.65,"veRSA",0.0513191020040065
"mobilenetv3_large_100_random","Untrained",0.7,"cRSA",0.0153795505706337
"mobilenetv3_large_100_random","Untrained",0.7,"veRSA",0.0403429528424108
"mobilenetv3_large_100_random","Untrained",0.75,"cRSA",0.0101392059618763
"mobilenetv3_large_100_random","Untrained",0.75,"veRSA",0.0411349161332801
"mobilenetv3_large_100_random","Untrained",0.8,"cRSA",0.00908464975225228
"mobilenetv3_large_100_random","Untrained",0.8,"veRSA",0.0318341149672457
"mobilenetv3_large_100_random","Untrained",0.85,"cRSA",0.00924922775912597
"mobilenetv3_large_100_random","Untrained",0.85,"veRSA",0.0258943921532265
"mobilenetv3_large_100_random","Untrained",0.9,"cRSA",0.0111517655058121
"mobilenetv3_large_100_random","Untrained",0.9,"veRSA",0.0245141670355412
"mobilenetv3_large_100_random","Untrained",0.95,"cRSA",0.00716771911852703
"mobilenetv3_large_100_random","Untrained",0.95,"veRSA",0.0223718918989511
"mobilenetv3_large_100_random","Untrained",1,"cRSA",0.00700020730190336
"mobilenetv3_large_100_random","Untrained",1,"veRSA",0.0246642984555152
"nf_resnet50_classification","Trained",0.55,"cRSA",0.235172343471596
"nf_resnet50_classification","Trained",0.55,"veRSA",0.51086588408519
"nf_resnet50_classification","Trained",0.6,"cRSA",0.249151247781738
"nf_resnet50_classification","Trained",0.6,"veRSA",0.537794414682987
"nf_resnet50_classification","Trained",0.65,"cRSA",0.265442075254762
"nf_resnet50_classification","Trained",0.65,"veRSA",0.587836390402003
"nf_resnet50_classification","Trained",0.7,"cRSA",0.257732085596952
"nf_resnet50_classification","Trained",0.7,"veRSA",0.593828984401992
"nf_resnet50_classification","Trained",0.75,"cRSA",0.291750120204646
"nf_resnet50_classification","Trained",0.75,"veRSA",0.62715030353752
"nf_resnet50_classification","Trained",0.8,"cRSA",0.306194592319918
"nf_resnet50_classification","Trained",0.8,"veRSA",0.624521211407725
"nf_resnet50_classification","Trained",0.85,"cRSA",0.334143837764592
"nf_resnet50_classification","Trained",0.85,"veRSA",0.65536910864663
"nf_resnet50_classification","Trained",0.9,"cRSA",0.327522309791385
"nf_resnet50_classification","Trained",0.9,"veRSA",0.671137091674955
"nf_resnet50_classification","Trained",0.95,"cRSA",0.270478050646221
"nf_resnet50_classification","Trained",0.95,"veRSA",0.648678521551324
"nf_resnet50_classification","Trained",1,"cRSA",0.271652649383447
"nf_resnet50_classification","Trained",1,"veRSA",0.622949897931032
"nf_resnet50_random","Untrained",0.55,"cRSA",0.0838752995862806
"nf_resnet50_random","Untrained",0.55,"veRSA",0.120126471947009
"nf_resnet50_random","Untrained",0.6,"cRSA",0.0855013634085283
"nf_resnet50_random","Untrained",0.6,"veRSA",0.121639680046565
"nf_resnet50_random","Untrained",0.65,"cRSA",0.0795685373602037
"nf_resnet50_random","Untrained",0.65,"veRSA",0.118374513845311
"nf_resnet50_random","Untrained",0.7,"cRSA",0.0797917779029874
"nf_resnet50_random","Untrained",0.7,"veRSA",0.124232486708823
"nf_resnet50_random","Untrained",0.75,"cRSA",0.0857158906076198
"nf_resnet50_random","Untrained",0.75,"veRSA",0.1206442396578
"nf_resnet50_random","Untrained",0.8,"cRSA",0.0826011525718201
"nf_resnet50_random","Untrained",0.8,"veRSA",0.136631229222489
"nf_resnet50_random","Untrained",0.85,"cRSA",0.0818486788187346
"nf_resnet50_random","Untrained",0.85,"veRSA",0.126305760562845
"nf_resnet50_random","Untrained",0.9,"cRSA",0.0804058458563917
"nf_resnet50_random","Untrained",0.9,"veRSA",0.11563495795522
"nf_resnet50_random","Untrained",0.95,"cRSA",0.0814199454557805
"nf_resnet50_random","Untrained",0.95,"veRSA",0.126051803774009
"nf_resnet50_random","Untrained",1,"cRSA",0.0679404342740565
"nf_resnet50_random","Untrained",1,"veRSA",0.256256703553013
"nfnet_l0_classification","Trained",0.55,"cRSA",0.268049293031527
"nfnet_l0_classification","Trained",0.55,"veRSA",0.619667408609476
"nfnet_l0_classification","Trained",0.6,"cRSA",0.303557812284671
"nfnet_l0_classification","Trained",0.6,"veRSA",0.63361607166841
"nfnet_l0_classification","Trained",0.65,"cRSA",0.31273326209666
"nfnet_l0_classification","Trained",0.65,"veRSA",0.661098507258087
"nfnet_l0_classification","Trained",0.7,"cRSA",0.306664347462577
"nfnet_l0_classification","Trained",0.7,"veRSA",0.662189352039907
"nfnet_l0_classification","Trained",0.75,"cRSA",0.337930394171862
"nfnet_l0_classification","Trained",0.75,"veRSA",0.658972954207294
"nfnet_l0_classification","Trained",0.8,"cRSA",0.316677853066982
"nfnet_l0_classification","Trained",0.8,"veRSA",0.661500104537325
"nfnet_l0_classification","Trained",0.85,"cRSA",0.282743686574069
"nfnet_l0_classification","Trained",0.85,"veRSA",0.655595596827298
"nfnet_l0_classification","Trained",0.9,"cRSA",0.275546670570286
"nfnet_l0_classification","Trained",0.9,"veRSA",0.644209185269722
"nfnet_l0_classification","Trained",0.95,"cRSA",0.217532713745022
"nfnet_l0_classification","Trained",0.95,"veRSA",0.584198295667597
"nfnet_l0_classification","Trained",1,"cRSA",0.201132622326929
"nfnet_l0_classification","Trained",1,"veRSA",0.587294343567052
"nfnet_l0_random","Untrained",0.55,"cRSA",0.0785795335683052
"nfnet_l0_random","Untrained",0.55,"veRSA",0.0546069133855364
"nfnet_l0_random","Untrained",0.6,"cRSA",0.0850368813728319
"nfnet_l0_random","Untrained",0.6,"veRSA",0.0659559762838825
"nfnet_l0_random","Untrained",0.65,"cRSA",0.0817380039193456
"nfnet_l0_random","Untrained",0.65,"veRSA",0.0561321221358865
"nfnet_l0_random","Untrained",0.7,"cRSA",0.0804220725703024
"nfnet_l0_random","Untrained",0.7,"veRSA",0.0568783642194499
"nfnet_l0_random","Untrained",0.75,"cRSA",0.0849227156421063
"nfnet_l0_random","Untrained",0.75,"veRSA",0.0642676902627694
"nfnet_l0_random","Untrained",0.8,"cRSA",0.0827131830514981
"nfnet_l0_random","Untrained",0.8,"veRSA",0.0622501824597898
"nfnet_l0_random","Untrained",0.85,"cRSA",0.0772689590573278
"nfnet_l0_random","Untrained",0.85,"veRSA",0.0571683037821136
"nfnet_l0_random","Untrained",0.9,"cRSA",0.0766077511464443
"nfnet_l0_random","Untrained",0.9,"veRSA",0.0558935267875858
"nfnet_l0_random","Untrained",0.95,"cRSA",0.0738212372140867
"nfnet_l0_random","Untrained",0.95,"veRSA",0.0575905270732786
"nfnet_l0_random","Untrained",1,"cRSA",0.0774099396343092
"nfnet_l0_random","Untrained",1,"veRSA",0.102074415563819
"pit_b_224_classification","Trained",0.55,"cRSA",0.188561152300891
"pit_b_224_classification","Trained",0.55,"veRSA",0.523452096409986
"pit_b_224_classification","Trained",0.6,"cRSA",0.213999274107069
"pit_b_224_classification","Trained",0.6,"veRSA",0.588415300241929
"pit_b_224_classification","Trained",0.65,"cRSA",0.15546550865907
"pit_b_224_classification","Trained",0.65,"veRSA",0.534618934686755
"pit_b_224_classification","Trained",0.7,"cRSA",0.140108037559859
"pit_b_224_classification","Trained",0.7,"veRSA",0.529675865971351
"pit_b_224_classification","Trained",0.75,"cRSA",0.215852835062116
"pit_b_224_classification","Trained",0.75,"veRSA",0.601641694570213
"pit_b_224_classification","Trained",0.8,"cRSA",0.207561318890545
"pit_b_224_classification","Trained",0.8,"veRSA",0.593481998187874
"pit_b_224_classification","Trained",0.85,"cRSA",0.174969763269137
"pit_b_224_classification","Trained",0.85,"veRSA",0.602158469835454
"pit_b_224_classification","Trained",0.9,"cRSA",0.158362842722424
"pit_b_224_classification","Trained",0.9,"veRSA",0.52684479452773
"pit_b_224_classification","Trained",0.95,"cRSA",0.158938574554412
"pit_b_224_classification","Trained",0.95,"veRSA",0.576693281195293
"pit_b_224_classification","Trained",1,"cRSA",0.10200151621276
"pit_b_224_classification","Trained",1,"veRSA",0.494671916230887
"pit_b_224_random","Untrained",0.55,"cRSA",0.0562123893215115
"pit_b_224_random","Untrained",0.55,"veRSA",0.101646961239531
"pit_b_224_random","Untrained",0.6,"cRSA",0.0572544585554987
"pit_b_224_random","Untrained",0.6,"veRSA",0.115480049975314
"pit_b_224_random","Untrained",0.65,"cRSA",0.0547030272386579
"pit_b_224_random","Untrained",0.65,"veRSA",0.103098762005962
"pit_b_224_random","Untrained",0.7,"cRSA",0.0533474487009654
"pit_b_224_random","Untrained",0.7,"veRSA",0.0917610044420055
"pit_b_224_random","Untrained",0.75,"cRSA",0.0521508014446262
"pit_b_224_random","Untrained",0.75,"veRSA",0.103954582296306
"pit_b_224_random","Untrained",0.8,"cRSA",0.0520963431833719
"pit_b_224_random","Untrained",0.8,"veRSA",0.0945300106066672
"pit_b_224_random","Untrained",0.85,"cRSA",0.0515321600013528
"pit_b_224_random","Untrained",0.85,"veRSA",0.109482989346025
"pit_b_224_random","Untrained",0.9,"cRSA",0.0533818984594079
"pit_b_224_random","Untrained",0.9,"veRSA",0.102788749855518
"pit_b_224_random","Untrained",0.95,"cRSA",0.0504276306419505
"pit_b_224_random","Untrained",0.95,"veRSA",0.100665464053702
"pit_b_224_random","Untrained",1,"cRSA",0.0479266467867338
"pit_b_224_random","Untrained",1,"veRSA",0.0917578237844939
"pit_ti_224_classification","Trained",0.55,"cRSA",0.195191422802571
"pit_ti_224_classification","Trained",0.55,"veRSA",0.464279269241745
"pit_ti_224_classification","Trained",0.6,"cRSA",0.189556530602682
"pit_ti_224_classification","Trained",0.6,"veRSA",0.481315132783868
"pit_ti_224_classification","Trained",0.65,"cRSA",0.233298402768082
"pit_ti_224_classification","Trained",0.65,"veRSA",0.54632628710394
"pit_ti_224_classification","Trained",0.7,"cRSA",0.261558112835574
"pit_ti_224_classification","Trained",0.7,"veRSA",0.591451939123613
"pit_ti_224_classification","Trained",0.75,"cRSA",0.30080716265415
"pit_ti_224_classification","Trained",0.75,"veRSA",0.635050033186036
"pit_ti_224_classification","Trained",0.8,"cRSA",0.267229370520765
"pit_ti_224_classification","Trained",0.8,"veRSA",0.62349019346586
"pit_ti_224_classification","Trained",0.85,"cRSA",0.228097416945435
"pit_ti_224_classification","Trained",0.85,"veRSA",0.612894993320445
"pit_ti_224_classification","Trained",0.9,"cRSA",0.27256854212138
"pit_ti_224_classification","Trained",0.9,"veRSA",0.622284812764731
"pit_ti_224_classification","Trained",0.95,"cRSA",0.208706686564858
"pit_ti_224_classification","Trained",0.95,"veRSA",0.585126114248398
"pit_ti_224_classification","Trained",1,"cRSA",0.200158284093183
"pit_ti_224_classification","Trained",1,"veRSA",0.582769203460074
"pit_ti_224_random","Untrained",0.55,"cRSA",0.0469824651226467
"pit_ti_224_random","Untrained",0.55,"veRSA",0.0899669091897416
"pit_ti_224_random","Untrained",0.6,"cRSA",0.0460709946124798
"pit_ti_224_random","Untrained",0.6,"veRSA",0.0838361155281045
"pit_ti_224_random","Untrained",0.65,"cRSA",0.04689725187341
"pit_ti_224_random","Untrained",0.65,"veRSA",0.0970455071278775
"pit_ti_224_random","Untrained",0.7,"cRSA",0.045346271626761
"pit_ti_224_random","Untrained",0.7,"veRSA",0.0834107133426539
"pit_ti_224_random","Untrained",0.75,"cRSA",0.0448310832479412
"pit_ti_224_random","Untrained",0.75,"veRSA",0.0962759913666358
"pit_ti_224_random","Untrained",0.8,"cRSA",0.0463389107794311
"pit_ti_224_random","Untrained",0.8,"veRSA",0.0868201785049526
"pit_ti_224_random","Untrained",0.85,"cRSA",0.0464528267142851
"pit_ti_224_random","Untrained",0.85,"veRSA",0.0875411672077918
"pit_ti_224_random","Untrained",0.9,"cRSA",0.0444915062550899
"pit_ti_224_random","Untrained",0.9,"veRSA",0.100786709350594
"pit_ti_224_random","Untrained",0.95,"cRSA",0.0454480354244347
"pit_ti_224_random","Untrained",0.95,"veRSA",0.0891615324829673
"pit_ti_224_random","Untrained",1,"cRSA",0.0398481592935732
"pit_ti_224_random","Untrained",1,"veRSA",0.0845303321847575
"poolformer_s36_classification","Trained",0.55,"cRSA",0.168714466857723
"poolformer_s36_classification","Trained",0.55,"veRSA",0.407711969567667
"poolformer_s36_classification","Trained",0.6,"cRSA",0.174951398218134
"poolformer_s36_classification","Trained",0.6,"veRSA",0.426720209323838
"poolformer_s36_classification","Trained",0.65,"cRSA",0.178533159738177
"poolformer_s36_classification","Trained",0.65,"veRSA",0.435916202781453
"poolformer_s36_classification","Trained",0.7,"cRSA",0.202579942010724
"poolformer_s36_classification","Trained",0.7,"veRSA",0.456855543374083
"poolformer_s36_classification","Trained",0.75,"cRSA",0.241567149063679
"poolformer_s36_classification","Trained",0.75,"veRSA",0.534442019786974
"poolformer_s36_classification","Trained",0.8,"cRSA",0.212080263323507
"poolformer_s36_classification","Trained",0.8,"veRSA",0.486058087418277
"poolformer_s36_classification","Trained",0.85,"cRSA",0.228550187219236
"poolformer_s36_classification","Trained",0.85,"veRSA",0.583787005361674
"poolformer_s36_classification","Trained",0.9,"cRSA",0.191354603186248
"poolformer_s36_classification","Trained",0.9,"veRSA",0.602133683706279
"poolformer_s36_classification","Trained",0.95,"cRSA",0.112367746227339
"poolformer_s36_classification","Trained",0.95,"veRSA",0.55543474841517
"poolformer_s36_classification","Trained",1,"cRSA",0.127936148283441
"poolformer_s36_classification","Trained",1,"veRSA",0.533615128286393
"poolformer_s36_random","Untrained",0.55,"cRSA",0.0482209821572191
"poolformer_s36_random","Untrained",0.55,"veRSA",0.0633298783619242
"poolformer_s36_random","Untrained",0.6,"cRSA",0.0486592089978984
"poolformer_s36_random","Untrained",0.6,"veRSA",0.0631742319367584
"poolformer_s36_random","Untrained",0.65,"cRSA",0.0467694108834389
"poolformer_s36_random","Untrained",0.65,"veRSA",0.0655976590218411
"poolformer_s36_random","Untrained",0.7,"cRSA",0.0469686429846515
"poolformer_s36_random","Untrained",0.7,"veRSA",0.0664514984572848
"poolformer_s36_random","Untrained",0.75,"cRSA",0.0521864558815631
"poolformer_s36_random","Untrained",0.75,"veRSA",0.0710839473372707
"poolformer_s36_random","Untrained",0.8,"cRSA",0.0475072517837544
"poolformer_s36_random","Untrained",0.8,"veRSA",0.0634731429100107
"poolformer_s36_random","Untrained",0.85,"cRSA",0.0461861056130593
"poolformer_s36_random","Untrained",0.85,"veRSA",0.0628023613031704
"poolformer_s36_random","Untrained",0.9,"cRSA",0.0464266703617135
"poolformer_s36_random","Untrained",0.9,"veRSA",0.0664566931625782
"poolformer_s36_random","Untrained",0.95,"cRSA",0.0458650314227042
"poolformer_s36_random","Untrained",0.95,"veRSA",0.0676185672700242
"poolformer_s36_random","Untrained",1,"cRSA",0.04812679430505
"poolformer_s36_random","Untrained",1,"veRSA",0.0669836598973302
"regnetx_064_classification","Trained",0.55,"cRSA",0.228830671409511
"regnetx_064_classification","Trained",0.55,"veRSA",0.56103981319835
"regnetx_064_classification","Trained",0.6,"cRSA",0.23612754258942
"regnetx_064_classification","Trained",0.6,"veRSA",0.573126495323826
"regnetx_064_classification","Trained",0.65,"cRSA",0.251718284011157
"regnetx_064_classification","Trained",0.65,"veRSA",0.597302193164297
"regnetx_064_classification","Trained",0.7,"cRSA",0.246144481998622
"regnetx_064_classification","Trained",0.7,"veRSA",0.617369866633335
"regnetx_064_classification","Trained",0.75,"cRSA",0.21307968366073
"regnetx_064_classification","Trained",0.75,"veRSA",0.608958911824332
"regnetx_064_classification","Trained",0.8,"cRSA",0.211704278257682
"regnetx_064_classification","Trained",0.8,"veRSA",0.638711100130793
"regnetx_064_classification","Trained",0.85,"cRSA",0.234252007061286
"regnetx_064_classification","Trained",0.85,"veRSA",0.647395938087875
"regnetx_064_classification","Trained",0.9,"cRSA",0.237800147444861
"regnetx_064_classification","Trained",0.9,"veRSA",0.636917128854904
"regnetx_064_classification","Trained",0.95,"cRSA",0.172597649429569
"regnetx_064_classification","Trained",0.95,"veRSA",0.584148612828742
"regnetx_064_classification","Trained",1,"cRSA",0.277912179138362
"regnetx_064_classification","Trained",1,"veRSA",0.614641949041159
"regnetx_064_random","Untrained",0.55,"cRSA",0.0359464053750826
"regnetx_064_random","Untrained",0.55,"veRSA",0.0730832771453379
"regnetx_064_random","Untrained",0.6,"cRSA",0.0357970545718332
"regnetx_064_random","Untrained",0.6,"veRSA",0.0709649166746294
"regnetx_064_random","Untrained",0.65,"cRSA",0.0335532019891879
"regnetx_064_random","Untrained",0.65,"veRSA",0.07224915651425
"regnetx_064_random","Untrained",0.7,"cRSA",0.0336830165196356
"regnetx_064_random","Untrained",0.7,"veRSA",0.0721667474965269
"regnetx_064_random","Untrained",0.75,"cRSA",0.0317822167735974
"regnetx_064_random","Untrained",0.75,"veRSA",0.0728195190449144
"regnetx_064_random","Untrained",0.8,"cRSA",0.035138196452981
"regnetx_064_random","Untrained",0.8,"veRSA",0.0745821659021584
"regnetx_064_random","Untrained",0.85,"cRSA",0.0348228526824406
"regnetx_064_random","Untrained",0.85,"veRSA",0.0697489383591687
"regnetx_064_random","Untrained",0.9,"cRSA",0.0367409508513438
"regnetx_064_random","Untrained",0.9,"veRSA",0.073445832162331
"regnetx_064_random","Untrained",0.95,"cRSA",0.0348492820711384
"regnetx_064_random","Untrained",0.95,"veRSA",0.0761081236575785
"regnetx_064_random","Untrained",1,"cRSA",0.030716559290573
"regnetx_064_random","Untrained",1,"veRSA",0.0542721175898868
"regnety_064_classification","Trained",0.55,"cRSA",0.192140484224893
"regnety_064_classification","Trained",0.55,"veRSA",0.539892936469391
"regnety_064_classification","Trained",0.6,"cRSA",0.19594591873282
"regnety_064_classification","Trained",0.6,"veRSA",0.573529434677201
"regnety_064_classification","Trained",0.65,"cRSA",0.226404184295879
"regnety_064_classification","Trained",0.65,"veRSA",0.626404675437499
"regnety_064_classification","Trained",0.7,"cRSA",0.233110642174413
"regnety_064_classification","Trained",0.7,"veRSA",0.620087595228866
"regnety_064_classification","Trained",0.75,"cRSA",0.214347585139296
"regnety_064_classification","Trained",0.75,"veRSA",0.640860138228382
"regnety_064_classification","Trained",0.8,"cRSA",0.15144848139625
"regnety_064_classification","Trained",0.8,"veRSA",0.579353952803647
"regnety_064_classification","Trained",0.85,"cRSA",0.181798697858496
"regnety_064_classification","Trained",0.85,"veRSA",0.58893849587904
"regnety_064_classification","Trained",0.9,"cRSA",0.149736717546758
"regnety_064_classification","Trained",0.9,"veRSA",0.603636756055554
"regnety_064_classification","Trained",0.95,"cRSA",0.108891719458819
"regnety_064_classification","Trained",0.95,"veRSA",0.576257613207703
"regnety_064_classification","Trained",1,"cRSA",0.128531768735116
"regnety_064_classification","Trained",1,"veRSA",0.560030123355346
"regnety_064_random","Untrained",0.55,"cRSA",0.0434915298525539
"regnety_064_random","Untrained",0.55,"veRSA",0.0960871225379452
"regnety_064_random","Untrained",0.6,"cRSA",0.0398329569269068
"regnety_064_random","Untrained",0.6,"veRSA",0.0904204313548735
"regnety_064_random","Untrained",0.65,"cRSA",0.0470224570018394
"regnety_064_random","Untrained",0.65,"veRSA",0.0826669307855732
"regnety_064_random","Untrained",0.7,"cRSA",0.0408787773223611
"regnety_064_random","Untrained",0.7,"veRSA",0.0922783877331207
"regnety_064_random","Untrained",0.75,"cRSA",0.0439586171189369
"regnety_064_random","Untrained",0.75,"veRSA",0.0858378944669451
"regnety_064_random","Untrained",0.8,"cRSA",0.0452464363362958
"regnety_064_random","Untrained",0.8,"veRSA",0.0815719909663061
"regnety_064_random","Untrained",0.85,"cRSA",0.0385290428391924
"regnety_064_random","Untrained",0.85,"veRSA",0.0937605092401437
"regnety_064_random","Untrained",0.9,"cRSA",0.0429746438477089
"regnety_064_random","Untrained",0.9,"veRSA",0.0875197075006182
"regnety_064_random","Untrained",0.95,"cRSA",0.044944660008812
"regnety_064_random","Untrained",0.95,"veRSA",0.0773243938486256
"regnety_064_random","Untrained",1,"cRSA",0.0370754169413575
"regnety_064_random","Untrained",1,"veRSA",0.0686361220258452
"resmlp_12_224_classification","Trained",0.55,"cRSA",0.200768389068124
"resmlp_12_224_classification","Trained",0.55,"veRSA",0.488245851799049
"resmlp_12_224_classification","Trained",0.6,"cRSA",0.256143539344038
"resmlp_12_224_classification","Trained",0.6,"veRSA",0.551445826463103
"resmlp_12_224_classification","Trained",0.65,"cRSA",0.250834030160865
"resmlp_12_224_classification","Trained",0.65,"veRSA",0.574024166350087
"resmlp_12_224_classification","Trained",0.7,"cRSA",0.297168078624979
"resmlp_12_224_classification","Trained",0.7,"veRSA",0.622030633665902
"resmlp_12_224_classification","Trained",0.75,"cRSA",0.267530778752653
"resmlp_12_224_classification","Trained",0.75,"veRSA",0.635933369920949
"resmlp_12_224_classification","Trained",0.8,"cRSA",0.283986043940362
"resmlp_12_224_classification","Trained",0.8,"veRSA",0.670147966838178
"resmlp_12_224_classification","Trained",0.85,"cRSA",0.309029571737617
"resmlp_12_224_classification","Trained",0.85,"veRSA",0.670609032958613
"resmlp_12_224_classification","Trained",0.9,"cRSA",0.162745399763073
"resmlp_12_224_classification","Trained",0.9,"veRSA",0.670345031504754
"resmlp_12_224_classification","Trained",0.95,"cRSA",0.0864561484816317
"resmlp_12_224_classification","Trained",0.95,"veRSA",0.650707623729412
"resmlp_12_224_classification","Trained",1,"cRSA",0.208530729217621
"resmlp_12_224_classification","Trained",1,"veRSA",0.642734426612663
"resmlp_12_224_random","Untrained",0.55,"cRSA",0.0550649386876474
"resmlp_12_224_random","Untrained",0.55,"veRSA",0.0745098266017756
"resmlp_12_224_random","Untrained",0.6,"cRSA",0.0560577323586401
"resmlp_12_224_random","Untrained",0.6,"veRSA",0.078431799840953
"resmlp_12_224_random","Untrained",0.65,"cRSA",0.055614691159443
"resmlp_12_224_random","Untrained",0.65,"veRSA",0.0841098457610545
"resmlp_12_224_random","Untrained",0.7,"cRSA",0.0569354960707919
"resmlp_12_224_random","Untrained",0.7,"veRSA",0.0771228331397064
"resmlp_12_224_random","Untrained",0.75,"cRSA",0.0560610013637225
"resmlp_12_224_random","Untrained",0.75,"veRSA",0.0874006987636405
"resmlp_12_224_random","Untrained",0.8,"cRSA",0.0548371691530386
"resmlp_12_224_random","Untrained",0.8,"veRSA",0.0775559115706052
"resmlp_12_224_random","Untrained",0.85,"cRSA",0.0562202349190699
"resmlp_12_224_random","Untrained",0.85,"veRSA",0.0745327873592825
"resmlp_12_224_random","Untrained",0.9,"cRSA",0.0551344342900863
"resmlp_12_224_random","Untrained",0.9,"veRSA",0.0878776131670292
"resmlp_12_224_random","Untrained",0.95,"cRSA",0.0564310075870703
"resmlp_12_224_random","Untrained",0.95,"veRSA",0.0751583362498246
"resmlp_12_224_random","Untrained",1,"cRSA",0.0531432795452581
"resmlp_12_224_random","Untrained",1,"veRSA",0.0862379756926557
"resmlp_24_224_classification","Trained",0.55,"cRSA",0.236380877497498
"resmlp_24_224_classification","Trained",0.55,"veRSA",0.539250499886128
"resmlp_24_224_classification","Trained",0.6,"cRSA",0.249988184721807
"resmlp_24_224_classification","Trained",0.6,"veRSA",0.565160177392854
"resmlp_24_224_classification","Trained",0.65,"cRSA",0.241902612040823
"resmlp_24_224_classification","Trained",0.65,"veRSA",0.597710595503203
"resmlp_24_224_classification","Trained",0.7,"cRSA",0.297835549351754
"resmlp_24_224_classification","Trained",0.7,"veRSA",0.641027112776002
"resmlp_24_224_classification","Trained",0.75,"cRSA",0.31490511297035
"resmlp_24_224_classification","Trained",0.75,"veRSA",0.651586026806721
"resmlp_24_224_classification","Trained",0.8,"cRSA",0.33328457598475
"resmlp_24_224_classification","Trained",0.8,"veRSA",0.669748460132459
"resmlp_24_224_classification","Trained",0.85,"cRSA",0.26561315289232
"resmlp_24_224_classification","Trained",0.85,"veRSA",0.662236740372915
"resmlp_24_224_classification","Trained",0.9,"cRSA",0.200990278726692
"resmlp_24_224_classification","Trained",0.9,"veRSA",0.660856009432217
"resmlp_24_224_classification","Trained",0.95,"cRSA",0.14319545519607
"resmlp_24_224_classification","Trained",0.95,"veRSA",0.652473516789726
"resmlp_24_224_classification","Trained",1,"cRSA",0.174591741500626
"resmlp_24_224_classification","Trained",1,"veRSA",0.62648613851826
"resmlp_24_224_random","Untrained",0.55,"cRSA",0.0565401549530309
"resmlp_24_224_random","Untrained",0.55,"veRSA",0.0772229366321047
"resmlp_24_224_random","Untrained",0.6,"cRSA",0.0569898754752329
"resmlp_24_224_random","Untrained",0.6,"veRSA",0.0774340612823357
"resmlp_24_224_random","Untrained",0.65,"cRSA",0.0559787223220912
"resmlp_24_224_random","Untrained",0.65,"veRSA",0.0838525246294252
"resmlp_24_224_random","Untrained",0.7,"cRSA",0.0554226426960777
"resmlp_24_224_random","Untrained",0.7,"veRSA",0.0777500846369212
"resmlp_24_224_random","Untrained",0.75,"cRSA",0.0554737360370389
"resmlp_24_224_random","Untrained",0.75,"veRSA",0.0793455790433676
"resmlp_24_224_random","Untrained",0.8,"cRSA",0.0553721811919185
"resmlp_24_224_random","Untrained",0.8,"veRSA",0.0768079139794752
"resmlp_24_224_random","Untrained",0.85,"cRSA",0.0567358316989988
"resmlp_24_224_random","Untrained",0.85,"veRSA",0.0811745966515135
"resmlp_24_224_random","Untrained",0.9,"cRSA",0.0566424607292729
"resmlp_24_224_random","Untrained",0.9,"veRSA",0.0829028190795879
"resmlp_24_224_random","Untrained",0.95,"cRSA",0.0572314547305041
"resmlp_24_224_random","Untrained",0.95,"veRSA",0.0791156200657248
"resmlp_24_224_random","Untrained",1,"cRSA",0.0570714764761946
"resmlp_24_224_random","Untrained",1,"veRSA",0.0794472799061771
"resmlp_36_224_classification","Trained",0.55,"cRSA",0.244243130764366
"resmlp_36_224_classification","Trained",0.55,"veRSA",0.57803144508297
"resmlp_36_224_classification","Trained",0.6,"cRSA",0.263157109743124
"resmlp_36_224_classification","Trained",0.6,"veRSA",0.60012385424255
"resmlp_36_224_classification","Trained",0.65,"cRSA",0.278965449732632
"resmlp_36_224_classification","Trained",0.65,"veRSA",0.598333854732361
"resmlp_36_224_classification","Trained",0.7,"cRSA",0.276346022639523
"resmlp_36_224_classification","Trained",0.7,"veRSA",0.611517864363993
"resmlp_36_224_classification","Trained",0.75,"cRSA",0.285168312286866
"resmlp_36_224_classification","Trained",0.75,"veRSA",0.640505972892981
"resmlp_36_224_classification","Trained",0.8,"cRSA",0.323540496752326
"resmlp_36_224_classification","Trained",0.8,"veRSA",0.677730625746631
"resmlp_36_224_classification","Trained",0.85,"cRSA",0.265219560001864
"resmlp_36_224_classification","Trained",0.85,"veRSA",0.670224330381402
"resmlp_36_224_classification","Trained",0.9,"cRSA",0.195718882768906
"resmlp_36_224_classification","Trained",0.9,"veRSA",0.648325219325582
"resmlp_36_224_classification","Trained",0.95,"cRSA",0.129192396207427
"resmlp_36_224_classification","Trained",0.95,"veRSA",0.632760671702432
"resmlp_36_224_classification","Trained",1,"cRSA",0.128509520304467
"resmlp_36_224_classification","Trained",1,"veRSA",0.623038836650067
"resmlp_36_224_random","Untrained",0.55,"cRSA",0.0563691876668679
"resmlp_36_224_random","Untrained",0.55,"veRSA",0.077567138950262
"resmlp_36_224_random","Untrained",0.6,"cRSA",0.0581074707839755
"resmlp_36_224_random","Untrained",0.6,"veRSA",0.0777856238042893
"resmlp_36_224_random","Untrained",0.65,"cRSA",0.0571353215104933
"resmlp_36_224_random","Untrained",0.65,"veRSA",0.0766443643161032
"resmlp_36_224_random","Untrained",0.7,"cRSA",0.0569105047758749
"resmlp_36_224_random","Untrained",0.7,"veRSA",0.0805988758131214
"resmlp_36_224_random","Untrained",0.75,"cRSA",0.0560561142858725
"resmlp_36_224_random","Untrained",0.75,"veRSA",0.0829910220841476
"resmlp_36_224_random","Untrained",0.8,"cRSA",0.0561173711789825
"resmlp_36_224_random","Untrained",0.8,"veRSA",0.0786004026830177
"resmlp_36_224_random","Untrained",0.85,"cRSA",0.0576671025395966
"resmlp_36_224_random","Untrained",0.85,"veRSA",0.0789456040288753
"resmlp_36_224_random","Untrained",0.9,"cRSA",0.0572675256518501
"resmlp_36_224_random","Untrained",0.9,"veRSA",0.0785176489074425
"resmlp_36_224_random","Untrained",0.95,"cRSA",0.056839969836687
"resmlp_36_224_random","Untrained",0.95,"veRSA",0.0770395983421723
"resmlp_36_224_random","Untrained",1,"cRSA",0.0578634758864547
"resmlp_36_224_random","Untrained",1,"veRSA",0.0838385404974314
"resmlp_big_24_224_classification","Trained",0.55,"cRSA",0.225469412406307
"resmlp_big_24_224_classification","Trained",0.55,"veRSA",0.548264249695084
"resmlp_big_24_224_classification","Trained",0.6,"cRSA",0.241197190628437
"resmlp_big_24_224_classification","Trained",0.6,"veRSA",0.59632557914141
"resmlp_big_24_224_classification","Trained",0.65,"cRSA",0.298989758382547
"resmlp_big_24_224_classification","Trained",0.65,"veRSA",0.639518407821747
"resmlp_big_24_224_classification","Trained",0.7,"cRSA",0.323445273430197
"resmlp_big_24_224_classification","Trained",0.7,"veRSA",0.657131435208368
"resmlp_big_24_224_classification","Trained",0.75,"cRSA",0.326785431900856
"resmlp_big_24_224_classification","Trained",0.75,"veRSA",0.664108123011767
"resmlp_big_24_224_classification","Trained",0.8,"cRSA",0.314050829959809
"resmlp_big_24_224_classification","Trained",0.8,"veRSA",0.681890664207075
"resmlp_big_24_224_classification","Trained",0.85,"cRSA",0.289653467784035
"resmlp_big_24_224_classification","Trained",0.85,"veRSA",0.687849184603544
"resmlp_big_24_224_classification","Trained",0.9,"cRSA",0.202898921212946
"resmlp_big_24_224_classification","Trained",0.9,"veRSA",0.676565379960612
"resmlp_big_24_224_classification","Trained",0.95,"cRSA",0.107934643002642
"resmlp_big_24_224_classification","Trained",0.95,"veRSA",0.649633097460306
"resmlp_big_24_224_classification","Trained",1,"cRSA",0.131828405665231
"resmlp_big_24_224_classification","Trained",1,"veRSA",0.625427814147474
"resmlp_big_24_224_random","Untrained",0.55,"cRSA",0.05721051181707
"resmlp_big_24_224_random","Untrained",0.55,"veRSA",0.0821917138805379
"resmlp_big_24_224_random","Untrained",0.6,"cRSA",0.0574724183440064
"resmlp_big_24_224_random","Untrained",0.6,"veRSA",0.0801513721804525
"resmlp_big_24_224_random","Untrained",0.65,"cRSA",0.0563017701319481
"resmlp_big_24_224_random","Untrained",0.65,"veRSA",0.0847228630244559
"resmlp_big_24_224_random","Untrained",0.7,"cRSA",0.0570967320359464
"resmlp_big_24_224_random","Untrained",0.7,"veRSA",0.0777317096679058
"resmlp_big_24_224_random","Untrained",0.75,"cRSA",0.0562386101093198
"resmlp_big_24_224_random","Untrained",0.75,"veRSA",0.0859434498821711
"resmlp_big_24_224_random","Untrained",0.8,"cRSA",0.0567514001993087
"resmlp_big_24_224_random","Untrained",0.8,"veRSA",0.0764976761080964
"resmlp_big_24_224_random","Untrained",0.85,"cRSA",0.0570426546448292
"resmlp_big_24_224_random","Untrained",0.85,"veRSA",0.0841382673849574
"resmlp_big_24_224_random","Untrained",0.9,"cRSA",0.0554262058453784
"resmlp_big_24_224_random","Untrained",0.9,"veRSA",0.0859532176734025
"resmlp_big_24_224_random","Untrained",0.95,"cRSA",0.0558606287150448
"resmlp_big_24_224_random","Untrained",0.95,"veRSA",0.0807726276219077
"resmlp_big_24_224_random","Untrained",1,"cRSA",0.0557860554816084
"resmlp_big_24_224_random","Untrained",1,"veRSA",0.0833740867563131
"resnet101_classification","Trained",0.55,"cRSA",0.168718955205703
"resnet101_classification","Trained",0.55,"veRSA",0.411799855517186
"resnet101_classification","Trained",0.6,"cRSA",0.192362009984468
"resnet101_classification","Trained",0.6,"veRSA",0.478619526391939
"resnet101_classification","Trained",0.65,"cRSA",0.206117160148344
"resnet101_classification","Trained",0.65,"veRSA",0.529927760425025
"resnet101_classification","Trained",0.7,"cRSA",0.201859539946153
"resnet101_classification","Trained",0.7,"veRSA",0.563134253103932
"resnet101_classification","Trained",0.75,"cRSA",0.197405694875932
"resnet101_classification","Trained",0.75,"veRSA",0.565689973738637
"resnet101_classification","Trained",0.8,"cRSA",0.189864249811833
"resnet101_classification","Trained",0.8,"veRSA",0.556235211514032
"resnet101_classification","Trained",0.85,"cRSA",0.189875310226576
"resnet101_classification","Trained",0.85,"veRSA",0.578637887744541
"resnet101_classification","Trained",0.9,"cRSA",0.208985670888357
"resnet101_classification","Trained",0.9,"veRSA",0.61978282582634
"resnet101_classification","Trained",0.95,"cRSA",0.255056513608507
"resnet101_classification","Trained",0.95,"veRSA",0.60756963846288
"resnet101_classification","Trained",1,"cRSA",0.28311801008476
"resnet101_classification","Trained",1,"veRSA",0.616867240132259
"resnet101_random","Untrained",0.55,"cRSA",0.0319727275238138
"resnet101_random","Untrained",0.55,"veRSA",0.0912523160207427
"resnet101_random","Untrained",0.6,"cRSA",0.030824837820975
"resnet101_random","Untrained",0.6,"veRSA",0.0896786176172754
"resnet101_random","Untrained",0.65,"cRSA",0.0307565973648923
"resnet101_random","Untrained",0.65,"veRSA",0.0873455558066374
"resnet101_random","Untrained",0.7,"cRSA",0.0303999156385838
"resnet101_random","Untrained",0.7,"veRSA",0.07846441219652
"resnet101_random","Untrained",0.75,"cRSA",0.0303213853182594
"resnet101_random","Untrained",0.75,"veRSA",0.0833556126374732
"resnet101_random","Untrained",0.8,"cRSA",0.0302011399726045
"resnet101_random","Untrained",0.8,"veRSA",0.0746022051867156
"resnet101_random","Untrained",0.85,"cRSA",0.0296188690366606
"resnet101_random","Untrained",0.85,"veRSA",0.0698487216718539
"resnet101_random","Untrained",0.9,"cRSA",0.0295205847277002
"resnet101_random","Untrained",0.9,"veRSA",0.0624863388302014
"resnet101_random","Untrained",0.95,"cRSA",0.0288999861428002
"resnet101_random","Untrained",0.95,"veRSA",0.0589223941391809
"resnet101_random","Untrained",1,"cRSA",0.0284475185939759
"resnet101_random","Untrained",1,"veRSA",0.0569491810498522
"resnet152_classification","Trained",0.55,"cRSA",0.148101750617304
"resnet152_classification","Trained",0.55,"veRSA",0.452587731522938
"resnet152_classification","Trained",0.6,"cRSA",0.165789975888335
"resnet152_classification","Trained",0.6,"veRSA",0.478910462945554
"resnet152_classification","Trained",0.65,"cRSA",0.188446468900577
"resnet152_classification","Trained",0.65,"veRSA",0.5211879260213
"resnet152_classification","Trained",0.7,"cRSA",0.212113094919248
"resnet152_classification","Trained",0.7,"veRSA",0.534699898288875
"resnet152_classification","Trained",0.75,"cRSA",0.247400721665733
"resnet152_classification","Trained",0.75,"veRSA",0.59864236733026
"resnet152_classification","Trained",0.8,"cRSA",0.208271645216843
"resnet152_classification","Trained",0.8,"veRSA",0.550627246424933
"resnet152_classification","Trained",0.85,"cRSA",0.209294383335422
"resnet152_classification","Trained",0.85,"veRSA",0.558018880633753
"resnet152_classification","Trained",0.9,"cRSA",0.21944861588849
"resnet152_classification","Trained",0.9,"veRSA",0.588479482688427
"resnet152_classification","Trained",0.95,"cRSA",0.231652157604873
"resnet152_classification","Trained",0.95,"veRSA",0.607650043406423
"resnet152_classification","Trained",1,"cRSA",0.283053214889714
"resnet152_classification","Trained",1,"veRSA",0.623357959708611
"resnet152_random","Untrained",0.55,"cRSA",0.0366963222138015
"resnet152_random","Untrained",0.55,"veRSA",0.0903586510027791
"resnet152_random","Untrained",0.6,"cRSA",0.0359217066480461
"resnet152_random","Untrained",0.6,"veRSA",0.0854075594118803
"resnet152_random","Untrained",0.65,"cRSA",0.0352621673404589
"resnet152_random","Untrained",0.65,"veRSA",0.0786615656405878
"resnet152_random","Untrained",0.7,"cRSA",0.0347881434814901
"resnet152_random","Untrained",0.7,"veRSA",0.0711442544317711
"resnet152_random","Untrained",0.75,"cRSA",0.0344514366598534
"resnet152_random","Untrained",0.75,"veRSA",0.0714431096295432
"resnet152_random","Untrained",0.8,"cRSA",0.0336896846505023
"resnet152_random","Untrained",0.8,"veRSA",0.0657648749469416
"resnet152_random","Untrained",0.85,"cRSA",0.0336592547824494
"resnet152_random","Untrained",0.85,"veRSA",0.0624162287348701
"resnet152_random","Untrained",0.9,"cRSA",0.0337708571967716
"resnet152_random","Untrained",0.9,"veRSA",0.0623637213261992
"resnet152_random","Untrained",0.95,"cRSA",0.0333786120214201
"resnet152_random","Untrained",0.95,"veRSA",0.0589832052644168
"resnet152_random","Untrained",1,"cRSA",0.0328416974311173
"resnet152_random","Untrained",1,"veRSA",0.0514710479547849
"resnet18_classification","Trained",0.55,"cRSA",0.135398693629095
"resnet18_classification","Trained",0.55,"veRSA",0.387571407273948
"resnet18_classification","Trained",0.6,"cRSA",0.166919643843553
"resnet18_classification","Trained",0.6,"veRSA",0.421585701829403
"resnet18_classification","Trained",0.65,"cRSA",0.181843882376372
"resnet18_classification","Trained",0.65,"veRSA",0.502796399729136
"resnet18_classification","Trained",0.7,"cRSA",0.172439029052186
"resnet18_classification","Trained",0.7,"veRSA",0.544423157890076
"resnet18_classification","Trained",0.75,"cRSA",0.197797508224102
"resnet18_classification","Trained",0.75,"veRSA",0.582615251406749
"resnet18_classification","Trained",0.8,"cRSA",0.235047710076873
"resnet18_classification","Trained",0.8,"veRSA",0.616388904235594
"resnet18_classification","Trained",0.85,"cRSA",0.17790706436453
"resnet18_classification","Trained",0.85,"veRSA",0.550065913875948
"resnet18_classification","Trained",0.9,"cRSA",0.293936501808971
"resnet18_classification","Trained",0.9,"veRSA",0.637054608450459
"resnet18_classification","Trained",0.95,"cRSA",0.302947271943351
"resnet18_classification","Trained",0.95,"veRSA",0.624028092309323
"resnet18_classification","Trained",1,"cRSA",0.309543238609561
"resnet18_classification","Trained",1,"veRSA",0.466018994096039
"resnet18_random","Untrained",0.55,"cRSA",0.0385721560293688
"resnet18_random","Untrained",0.55,"veRSA",0.100318475259537
"resnet18_random","Untrained",0.6,"cRSA",0.0375704714305128
"resnet18_random","Untrained",0.6,"veRSA",0.101905973581331
"resnet18_random","Untrained",0.65,"cRSA",0.0378008089866786
"resnet18_random","Untrained",0.65,"veRSA",0.111626828195187
"resnet18_random","Untrained",0.7,"cRSA",0.0370002851350867
"resnet18_random","Untrained",0.7,"veRSA",0.115253664462044
"resnet18_random","Untrained",0.75,"cRSA",0.0364444576636178
"resnet18_random","Untrained",0.75,"veRSA",0.110718537316601
"resnet18_random","Untrained",0.8,"cRSA",0.0342220409829038
"resnet18_random","Untrained",0.8,"veRSA",0.107661662940735
"resnet18_random","Untrained",0.85,"cRSA",0.03560475599816
"resnet18_random","Untrained",0.85,"veRSA",0.108370774443207
"resnet18_random","Untrained",0.9,"cRSA",0.032489247565487
"resnet18_random","Untrained",0.9,"veRSA",0.11187017214043
"resnet18_random","Untrained",0.95,"cRSA",0.0316517254473141
"resnet18_random","Untrained",0.95,"veRSA",0.117115206232154
"resnet18_random","Untrained",1,"cRSA",0.0435224766940421
"resnet18_random","Untrained",1,"veRSA",0.0261915490989145
"resnet50_classification","Trained",0.55,"cRSA",0.184908856568789
"resnet50_classification","Trained",0.55,"veRSA",0.450694588198883
"resnet50_classification","Trained",0.6,"cRSA",0.174222003365521
"resnet50_classification","Trained",0.6,"veRSA",0.458168021959697
"resnet50_classification","Trained",0.65,"cRSA",0.184641328562916
"resnet50_classification","Trained",0.65,"veRSA",0.485066865883719
"resnet50_classification","Trained",0.7,"cRSA",0.21120398546376
"resnet50_classification","Trained",0.7,"veRSA",0.534468857672268
"resnet50_classification","Trained",0.75,"cRSA",0.216285456533954
"resnet50_classification","Trained",0.75,"veRSA",0.580078644676556
"resnet50_classification","Trained",0.8,"cRSA",0.203850154701049
"resnet50_classification","Trained",0.8,"veRSA",0.610744915211003
"resnet50_classification","Trained",0.85,"cRSA",0.194656054366476
"resnet50_classification","Trained",0.85,"veRSA",0.592036855284311
"resnet50_classification","Trained",0.9,"cRSA",0.297707319175004
"resnet50_classification","Trained",0.9,"veRSA",0.645844508394182
"resnet50_classification","Trained",0.95,"cRSA",0.270504640132043
"resnet50_classification","Trained",0.95,"veRSA",0.640950431729453
"resnet50_classification","Trained",1,"cRSA",0.268323498275608
"resnet50_classification","Trained",1,"veRSA",0.610820730708257
"resnet50_random","Untrained",0.55,"cRSA",0.0378608448751243
"resnet50_random","Untrained",0.55,"veRSA",0.0839890202641396
"resnet50_random","Untrained",0.6,"cRSA",0.0374467168805317
"resnet50_random","Untrained",0.6,"veRSA",0.0855457016280832
"resnet50_random","Untrained",0.65,"cRSA",0.03746032373486
"resnet50_random","Untrained",0.65,"veRSA",0.0891723329088403
"resnet50_random","Untrained",0.7,"cRSA",0.0367545772243081
"resnet50_random","Untrained",0.7,"veRSA",0.0886180773630883
"resnet50_random","Untrained",0.75,"cRSA",0.0367202101661655
"resnet50_random","Untrained",0.75,"veRSA",0.0934386462030583
"resnet50_random","Untrained",0.8,"cRSA",0.0367013384398576
"resnet50_random","Untrained",0.8,"veRSA",0.0952540878077608
"resnet50_random","Untrained",0.85,"cRSA",0.0353487298105781
"resnet50_random","Untrained",0.85,"veRSA",0.0924608211805084
"resnet50_random","Untrained",0.9,"cRSA",0.0345699322897963
"resnet50_random","Untrained",0.9,"veRSA",0.0932356025492558
"resnet50_random","Untrained",0.95,"cRSA",0.033607766715829
"resnet50_random","Untrained",0.95,"veRSA",0.0934137040644832
"resnet50_random","Untrained",1,"cRSA",0.0347453359866523
"resnet50_random","Untrained",1,"veRSA",0.0856712762277201
"semnasnet_100_classification","Trained",0.55,"cRSA",0.166373832334365
"semnasnet_100_classification","Trained",0.55,"veRSA",0.428455078261395
"semnasnet_100_classification","Trained",0.6,"cRSA",0.171819907458113
"semnasnet_100_classification","Trained",0.6,"veRSA",0.441362719790633
"semnasnet_100_classification","Trained",0.65,"cRSA",0.180019763689606
"semnasnet_100_classification","Trained",0.65,"veRSA",0.415831504553777
"semnasnet_100_classification","Trained",0.7,"cRSA",0.241350059964947
"semnasnet_100_classification","Trained",0.7,"veRSA",0.564809517951299
"semnasnet_100_classification","Trained",0.75,"cRSA",0.239090526599351
"semnasnet_100_classification","Trained",0.75,"veRSA",0.554259847907506
"semnasnet_100_classification","Trained",0.8,"cRSA",0.294381645058211
"semnasnet_100_classification","Trained",0.8,"veRSA",0.614562680229276
"semnasnet_100_classification","Trained",0.85,"cRSA",0.345442461022111
"semnasnet_100_classification","Trained",0.85,"veRSA",0.649827265856235
"semnasnet_100_classification","Trained",0.9,"cRSA",0.310808846663442
"semnasnet_100_classification","Trained",0.9,"veRSA",0.661573003549193
"semnasnet_100_classification","Trained",0.95,"cRSA",0.284131022436395
"semnasnet_100_classification","Trained",0.95,"veRSA",0.666721469910775
"semnasnet_100_classification","Trained",1,"cRSA",0.25451256867928
"semnasnet_100_classification","Trained",1,"veRSA",0.625587526597101
"semnasnet_100_random","Untrained",0.55,"cRSA",0.0344322122696343
"semnasnet_100_random","Untrained",0.55,"veRSA",0.0871510367980792
"semnasnet_100_random","Untrained",0.6,"cRSA",0.0342855663831245
"semnasnet_100_random","Untrained",0.6,"veRSA",0.0866212713159911
"semnasnet_100_random","Untrained",0.65,"cRSA",0.0204973670219245
"semnasnet_100_random","Untrained",0.65,"veRSA",0.0702609295715051
"semnasnet_100_random","Untrained",0.7,"cRSA",0.0246574013057074
"semnasnet_100_random","Untrained",0.7,"veRSA",0.0725993344138718
"semnasnet_100_random","Untrained",0.75,"cRSA",0.0293846839933024
"semnasnet_100_random","Untrained",0.75,"veRSA",0.0753620992992663
"semnasnet_100_random","Untrained",0.8,"cRSA",0.0269679787687693
"semnasnet_100_random","Untrained",0.8,"veRSA",0.0663133742044243
"semnasnet_100_random","Untrained",0.85,"cRSA",0.0224568334840706
"semnasnet_100_random","Untrained",0.85,"veRSA",0.0548275005350594
"semnasnet_100_random","Untrained",0.9,"cRSA",0.0242469259137651
"semnasnet_100_random","Untrained",0.9,"veRSA",0.0643055076995052
"semnasnet_100_random","Untrained",0.95,"cRSA",0.0285579093919208
"semnasnet_100_random","Untrained",0.95,"veRSA",0.0679707397551545
"semnasnet_100_random","Untrained",1,"cRSA",0.0272089295435438
"semnasnet_100_random","Untrained",1,"veRSA",0.0583503998236939
"seresnext50_32x4d_classification","Trained",0.55,"cRSA",0.23492702772209
"seresnext50_32x4d_classification","Trained",0.55,"veRSA",0.538818232763318
"seresnext50_32x4d_classification","Trained",0.6,"cRSA",0.21358248654304
"seresnext50_32x4d_classification","Trained",0.6,"veRSA",0.540566480962162
"seresnext50_32x4d_classification","Trained",0.65,"cRSA",0.178244628681963
"seresnext50_32x4d_classification","Trained",0.65,"veRSA",0.504813292333354
"seresnext50_32x4d_classification","Trained",0.7,"cRSA",0.151314801198807
"seresnext50_32x4d_classification","Trained",0.7,"veRSA",0.460004001404805
"seresnext50_32x4d_classification","Trained",0.75,"cRSA",0.25304560009546
"seresnext50_32x4d_classification","Trained",0.75,"veRSA",0.62365419719579
"seresnext50_32x4d_classification","Trained",0.8,"cRSA",0.27761930998179
"seresnext50_32x4d_classification","Trained",0.8,"veRSA",0.643808148600288
"seresnext50_32x4d_classification","Trained",0.85,"cRSA",0.231370812752904
"seresnext50_32x4d_classification","Trained",0.85,"veRSA",0.614436579377975
"seresnext50_32x4d_classification","Trained",0.9,"cRSA",0.153649580957184
"seresnext50_32x4d_classification","Trained",0.9,"veRSA",0.648024053195924
"seresnext50_32x4d_classification","Trained",0.95,"cRSA",0.178635996751483
"seresnext50_32x4d_classification","Trained",0.95,"veRSA",0.637857080067892
"seresnext50_32x4d_classification","Trained",1,"cRSA",0.103883215965759
"seresnext50_32x4d_classification","Trained",1,"veRSA",0.46609189849639
"seresnext50_32x4d_random","Untrained",0.55,"cRSA",0.0429360104463016
"seresnext50_32x4d_random","Untrained",0.55,"veRSA",0.114518649594753
"seresnext50_32x4d_random","Untrained",0.6,"cRSA",0.041720218326506
"seresnext50_32x4d_random","Untrained",0.6,"veRSA",0.10688889464491
"seresnext50_32x4d_random","Untrained",0.65,"cRSA",0.0407410346921765
"seresnext50_32x4d_random","Untrained",0.65,"veRSA",0.107787200082135
"seresnext50_32x4d_random","Untrained",0.7,"cRSA",0.0414628165275295
"seresnext50_32x4d_random","Untrained",0.7,"veRSA",0.108357180297008
"seresnext50_32x4d_random","Untrained",0.75,"cRSA",0.0425904911106494
"seresnext50_32x4d_random","Untrained",0.75,"veRSA",0.112537448990407
"seresnext50_32x4d_random","Untrained",0.8,"cRSA",0.0423928405413689
"seresnext50_32x4d_random","Untrained",0.8,"veRSA",0.110768592344886
"seresnext50_32x4d_random","Untrained",0.85,"cRSA",0.043535881225585
"seresnext50_32x4d_random","Untrained",0.85,"veRSA",0.111638313784195
"seresnext50_32x4d_random","Untrained",0.9,"cRSA",0.0373518526944706
"seresnext50_32x4d_random","Untrained",0.9,"veRSA",0.0816278808162604
"seresnext50_32x4d_random","Untrained",0.95,"cRSA",0.036257661192078
"seresnext50_32x4d_random","Untrained",0.95,"veRSA",0.0865785235146811
"seresnext50_32x4d_random","Untrained",1,"cRSA",0.022212257378203
"seresnext50_32x4d_random","Untrained",1,"veRSA",0.0779239766960271
"shufflenet_v2_x1_0_classification","Trained",0.55,"cRSA",0.161902258375955
"shufflenet_v2_x1_0_classification","Trained",0.55,"veRSA",0.381933906701541
"shufflenet_v2_x1_0_classification","Trained",0.6,"cRSA",0.167218441494849
"shufflenet_v2_x1_0_classification","Trained",0.6,"veRSA",0.417908180561568
"shufflenet_v2_x1_0_classification","Trained",0.65,"cRSA",0.189717085071053
"shufflenet_v2_x1_0_classification","Trained",0.65,"veRSA",0.462574012881865
"shufflenet_v2_x1_0_classification","Trained",0.7,"cRSA",0.181591554242928
"shufflenet_v2_x1_0_classification","Trained",0.7,"veRSA",0.445823147310367
"shufflenet_v2_x1_0_classification","Trained",0.75,"cRSA",0.22138018001583
"shufflenet_v2_x1_0_classification","Trained",0.75,"veRSA",0.476052330156744
"shufflenet_v2_x1_0_classification","Trained",0.8,"cRSA",0.21570508669206
"shufflenet_v2_x1_0_classification","Trained",0.8,"veRSA",0.493057273722201
"shufflenet_v2_x1_0_classification","Trained",0.85,"cRSA",0.321070367514682
"shufflenet_v2_x1_0_classification","Trained",0.85,"veRSA",0.613017941059586
"shufflenet_v2_x1_0_classification","Trained",0.9,"cRSA",0.330541740495377
"shufflenet_v2_x1_0_classification","Trained",0.9,"veRSA",0.643998599310281
"shufflenet_v2_x1_0_classification","Trained",0.95,"cRSA",0.324934401185927
"shufflenet_v2_x1_0_classification","Trained",0.95,"veRSA",0.651186643131451
"shufflenet_v2_x1_0_classification","Trained",1,"cRSA",0.320024983118327
"shufflenet_v2_x1_0_classification","Trained",1,"veRSA",0.646346190249061
"shufflenet_v2_x1_0_random","Untrained",0.55,"cRSA",0.0384474952407365
"shufflenet_v2_x1_0_random","Untrained",0.55,"veRSA",0.0485154458725344
"shufflenet_v2_x1_0_random","Untrained",0.6,"cRSA",0.0448222266510095
"shufflenet_v2_x1_0_random","Untrained",0.6,"veRSA",0.0412800548762326
"shufflenet_v2_x1_0_random","Untrained",0.65,"cRSA",0.0411637577085186
"shufflenet_v2_x1_0_random","Untrained",0.65,"veRSA",0.034910752575467
"shufflenet_v2_x1_0_random","Untrained",0.7,"cRSA",0.0360167152386928
"shufflenet_v2_x1_0_random","Untrained",0.7,"veRSA",0.0393386450390932
"shufflenet_v2_x1_0_random","Untrained",0.75,"cRSA",0.0277916378890125
"shufflenet_v2_x1_0_random","Untrained",0.75,"veRSA",0.0370211222541029
"shufflenet_v2_x1_0_random","Untrained",0.8,"cRSA",0.0342540567318603
"shufflenet_v2_x1_0_random","Untrained",0.8,"veRSA",0.0315022964125612
"shufflenet_v2_x1_0_random","Untrained",0.85,"cRSA",0.0336863091075838
"shufflenet_v2_x1_0_random","Untrained",0.85,"veRSA",0.0370652187247796
"shufflenet_v2_x1_0_random","Untrained",0.9,"cRSA",0.0334186428053062
"shufflenet_v2_x1_0_random","Untrained",0.9,"veRSA",0.0357149007331262
"shufflenet_v2_x1_0_random","Untrained",0.95,"cRSA",0.0332392483887403
"shufflenet_v2_x1_0_random","Untrained",0.95,"veRSA",0.0365501037567069
"shufflenet_v2_x1_0_random","Untrained",1,"cRSA",0.0303965333991327
"shufflenet_v2_x1_0_random","Untrained",1,"veRSA",0.0435174272740094
"skresnext50_32x4d_classification","Trained",0.55,"cRSA",0.200012333385519
"skresnext50_32x4d_classification","Trained",0.55,"veRSA",0.529177505931293
"skresnext50_32x4d_classification","Trained",0.6,"cRSA",0.211137222814981
"skresnext50_32x4d_classification","Trained",0.6,"veRSA",0.543900364890716
"skresnext50_32x4d_classification","Trained",0.65,"cRSA",0.205699877026092
"skresnext50_32x4d_classification","Trained",0.65,"veRSA",0.542755422580832
"skresnext50_32x4d_classification","Trained",0.7,"cRSA",0.226552647046799
"skresnext50_32x4d_classification","Trained",0.7,"veRSA",0.612605444236235
"skresnext50_32x4d_classification","Trained",0.75,"cRSA",0.278521991392152
"skresnext50_32x4d_classification","Trained",0.75,"veRSA",0.653211898908036
"skresnext50_32x4d_classification","Trained",0.8,"cRSA",0.237339444171438
"skresnext50_32x4d_classification","Trained",0.8,"veRSA",0.626704981655668
"skresnext50_32x4d_classification","Trained",0.85,"cRSA",0.177354843469149
"skresnext50_32x4d_classification","Trained",0.85,"veRSA",0.523116988908802
"skresnext50_32x4d_classification","Trained",0.9,"cRSA",0.280857439147546
"skresnext50_32x4d_classification","Trained",0.9,"veRSA",0.639221538841591
"skresnext50_32x4d_classification","Trained",0.95,"cRSA",0.244175107587656
"skresnext50_32x4d_classification","Trained",0.95,"veRSA",0.598577523962914
"skresnext50_32x4d_classification","Trained",1,"cRSA",0.138458105020775
"skresnext50_32x4d_classification","Trained",1,"veRSA",0.500712206760578
"skresnext50_32x4d_random","Untrained",0.55,"cRSA",0.0389530553711741
"skresnext50_32x4d_random","Untrained",0.55,"veRSA",0.117259492850677
"skresnext50_32x4d_random","Untrained",0.6,"cRSA",0.0378236190405657
"skresnext50_32x4d_random","Untrained",0.6,"veRSA",0.126347151489166
"skresnext50_32x4d_random","Untrained",0.65,"cRSA",0.0338469503007225
"skresnext50_32x4d_random","Untrained",0.65,"veRSA",0.118486109408714
"skresnext50_32x4d_random","Untrained",0.7,"cRSA",0.036930410896789
"skresnext50_32x4d_random","Untrained",0.7,"veRSA",0.124967304123707
"skresnext50_32x4d_random","Untrained",0.75,"cRSA",0.0324212630047596
"skresnext50_32x4d_random","Untrained",0.75,"veRSA",0.115623063171225
"skresnext50_32x4d_random","Untrained",0.8,"cRSA",0.0316022138166945
"skresnext50_32x4d_random","Untrained",0.8,"veRSA",0.12089582631281
"skresnext50_32x4d_random","Untrained",0.85,"cRSA",0.0330822922862196
"skresnext50_32x4d_random","Untrained",0.85,"veRSA",0.108194906822136
"skresnext50_32x4d_random","Untrained",0.9,"cRSA",0.0305896989668757
"skresnext50_32x4d_random","Untrained",0.9,"veRSA",0.10554134225948
"skresnext50_32x4d_random","Untrained",0.95,"cRSA",0.0277407741730224
"skresnext50_32x4d_random","Untrained",0.95,"veRSA",0.102431351411943
"skresnext50_32x4d_random","Untrained",1,"cRSA",0.0279225367424444
"skresnext50_32x4d_random","Untrained",1,"veRSA",0.101116907481597
"squeezenet1_0_classification","Trained",0.55,"cRSA",0.170071254936988
"squeezenet1_0_classification","Trained",0.55,"veRSA",0.376309228430905
"squeezenet1_0_classification","Trained",0.6,"cRSA",0.183137186537218
"squeezenet1_0_classification","Trained",0.6,"veRSA",0.395992402815392
"squeezenet1_0_classification","Trained",0.65,"cRSA",0.180988276352014
"squeezenet1_0_classification","Trained",0.65,"veRSA",0.410455509480104
"squeezenet1_0_classification","Trained",0.7,"cRSA",0.197794868652807
"squeezenet1_0_classification","Trained",0.7,"veRSA",0.432386113416423
"squeezenet1_0_classification","Trained",0.75,"cRSA",0.19107734773619
"squeezenet1_0_classification","Trained",0.75,"veRSA",0.452381129214502
"squeezenet1_0_classification","Trained",0.8,"cRSA",0.203200172488024
"squeezenet1_0_classification","Trained",0.8,"veRSA",0.466596442248597
"squeezenet1_0_classification","Trained",0.85,"cRSA",0.276768314366127
"squeezenet1_0_classification","Trained",0.85,"veRSA",0.550858198442369
"squeezenet1_0_classification","Trained",0.9,"cRSA",0.28153513989282
"squeezenet1_0_classification","Trained",0.9,"veRSA",0.564685410215072
"squeezenet1_0_classification","Trained",0.95,"cRSA",0.283156146123386
"squeezenet1_0_classification","Trained",0.95,"veRSA",0.565255872549555
"squeezenet1_0_classification","Trained",1,"cRSA",0.289867755238435
"squeezenet1_0_classification","Trained",1,"veRSA",0.593263389476691
"squeezenet1_0_random","Untrained",0.55,"cRSA",0.0425657156128726
"squeezenet1_0_random","Untrained",0.55,"veRSA",0.115463231471753
"squeezenet1_0_random","Untrained",0.6,"cRSA",0.0425147442731218
"squeezenet1_0_random","Untrained",0.6,"veRSA",0.118589688640181
"squeezenet1_0_random","Untrained",0.65,"cRSA",0.0476028013769217
"squeezenet1_0_random","Untrained",0.65,"veRSA",0.110915084804634
"squeezenet1_0_random","Untrained",0.7,"cRSA",0.0460806857734799
"squeezenet1_0_random","Untrained",0.7,"veRSA",0.107524750410379
"squeezenet1_0_random","Untrained",0.75,"cRSA",0.0450557988404147
"squeezenet1_0_random","Untrained",0.75,"veRSA",0.106063585275549
"squeezenet1_0_random","Untrained",0.8,"cRSA",0.0441232100779235
"squeezenet1_0_random","Untrained",0.8,"veRSA",0.109248595579724
"squeezenet1_0_random","Untrained",0.85,"cRSA",0.0434220607903749
"squeezenet1_0_random","Untrained",0.85,"veRSA",0.120767264279404
"squeezenet1_0_random","Untrained",0.9,"cRSA",0.0418813763211909
"squeezenet1_0_random","Untrained",0.9,"veRSA",0.123381625534222
"squeezenet1_0_random","Untrained",0.95,"cRSA",0.0421285647653458
"squeezenet1_0_random","Untrained",0.95,"veRSA",0.126634860037077
"squeezenet1_0_random","Untrained",1,"cRSA",0.0512894809014553
"squeezenet1_0_random","Untrained",1,"veRSA",0.120517690466163
"vgg16_classification","Trained",0.55,"cRSA",0.219573392372743
"vgg16_classification","Trained",0.55,"veRSA",0.495794039400187
"vgg16_classification","Trained",0.6,"cRSA",0.263017817663043
"vgg16_classification","Trained",0.6,"veRSA",0.53249379078668
"vgg16_classification","Trained",0.65,"cRSA",0.30110092092072
"vgg16_classification","Trained",0.65,"veRSA",0.613295723331432
"vgg16_classification","Trained",0.7,"cRSA",0.315897806982637
"vgg16_classification","Trained",0.7,"veRSA",0.636218380049134
"vgg16_classification","Trained",0.75,"cRSA",0.277561378115414
"vgg16_classification","Trained",0.75,"veRSA",0.629410479202077
"vgg16_classification","Trained",0.8,"cRSA",0.340567855363111
"vgg16_classification","Trained",0.8,"veRSA",0.64603004451988
"vgg16_classification","Trained",0.85,"cRSA",0.334460788539871
"vgg16_classification","Trained",0.85,"veRSA",0.666495332908601
"vgg16_classification","Trained",0.9,"cRSA",0.33108628150779
"vgg16_classification","Trained",0.9,"veRSA",0.650567397506195
"vgg16_classification","Trained",0.95,"cRSA",0.326651138139396
"vgg16_classification","Trained",0.95,"veRSA",0.653574571126007
"vgg16_classification","Trained",1,"cRSA",0.303300976081498
"vgg16_classification","Trained",1,"veRSA",0.632494790062041
"vgg16_random","Untrained",0.55,"cRSA",0.0403719044864527
"vgg16_random","Untrained",0.55,"veRSA",0.0983412952751036
"vgg16_random","Untrained",0.6,"cRSA",0.0405815364239244
"vgg16_random","Untrained",0.6,"veRSA",0.1084345094759
"vgg16_random","Untrained",0.65,"cRSA",0.0393074668658139
"vgg16_random","Untrained",0.65,"veRSA",0.118655971071789
"vgg16_random","Untrained",0.7,"cRSA",0.0386576522230211
"vgg16_random","Untrained",0.7,"veRSA",0.116807382477759
"vgg16_random","Untrained",0.75,"cRSA",0.0379901270859899
"vgg16_random","Untrained",0.75,"veRSA",0.119499409189791
"vgg16_random","Untrained",0.8,"cRSA",0.0390326098336508
"vgg16_random","Untrained",0.8,"veRSA",0.137814107633686
"vgg16_random","Untrained",0.85,"cRSA",0.0387335479089181
"vgg16_random","Untrained",0.85,"veRSA",0.120451242618233
"vgg16_random","Untrained",0.9,"cRSA",0.0398078572631784
"vgg16_random","Untrained",0.9,"veRSA",0.11241982106909
"vgg16_random","Untrained",0.95,"cRSA",0.0404927619378156
"vgg16_random","Untrained",0.95,"veRSA",0.118175448540203
"vgg16_random","Untrained",1,"cRSA",0.0413771714751541
"vgg16_random","Untrained",1,"veRSA",0.0824098173454714
"visformer_small_classification","Trained",0.55,"cRSA",0.195820604231911
"visformer_small_classification","Trained",0.55,"veRSA",0.492241774865711
"visformer_small_classification","Trained",0.6,"cRSA",0.232796099833581
"visformer_small_classification","Trained",0.6,"veRSA",0.560432588882888
"visformer_small_classification","Trained",0.65,"cRSA",0.235440902683185
"visformer_small_classification","Trained",0.65,"veRSA",0.549989936390147
"visformer_small_classification","Trained",0.7,"cRSA",0.212117218204655
"visformer_small_classification","Trained",0.7,"veRSA",0.594898508976348
"visformer_small_classification","Trained",0.75,"cRSA",0.22252101543209
"visformer_small_classification","Trained",0.75,"veRSA",0.584810018967652
"visformer_small_classification","Trained",0.8,"cRSA",0.237605972575596
"visformer_small_classification","Trained",0.8,"veRSA",0.615049223131463
"visformer_small_classification","Trained",0.85,"cRSA",0.176111508697384
"visformer_small_classification","Trained",0.85,"veRSA",0.5497159783224
"visformer_small_classification","Trained",0.9,"cRSA",0.166074230318258
"visformer_small_classification","Trained",0.9,"veRSA",0.562013012013998
"visformer_small_classification","Trained",0.95,"cRSA",0.169140669280453
"visformer_small_classification","Trained",0.95,"veRSA",0.541330207320946
"visformer_small_classification","Trained",1,"cRSA",0.162155823848468
"visformer_small_classification","Trained",1,"veRSA",0.530888084207151
"visformer_small_random","Untrained",0.55,"cRSA",0.0429570557248904
"visformer_small_random","Untrained",0.55,"veRSA",0.111436484692133
"visformer_small_random","Untrained",0.6,"cRSA",0.0375214775055845
"visformer_small_random","Untrained",0.6,"veRSA",0.125092570650539
"visformer_small_random","Untrained",0.65,"cRSA",0.0369366001353626
"visformer_small_random","Untrained",0.65,"veRSA",0.107509230703789
"visformer_small_random","Untrained",0.7,"cRSA",0.0326092771019185
"visformer_small_random","Untrained",0.7,"veRSA",0.128069921294238
"visformer_small_random","Untrained",0.75,"cRSA",0.0283928208332414
"visformer_small_random","Untrained",0.75,"veRSA",0.091273565622047
"visformer_small_random","Untrained",0.8,"cRSA",0.0249998246894656
"visformer_small_random","Untrained",0.8,"veRSA",0.0857907383646626
"visformer_small_random","Untrained",0.85,"cRSA",0.0244204145650474
"visformer_small_random","Untrained",0.85,"veRSA",0.0767892926033716
"visformer_small_random","Untrained",0.9,"cRSA",0.0264114255668467
"visformer_small_random","Untrained",0.9,"veRSA",0.0601606469023611
"visformer_small_random","Untrained",0.95,"cRSA",0.0237348701353907
"visformer_small_random","Untrained",0.95,"veRSA",0.044851254773657
"visformer_small_random","Untrained",1,"cRSA",0.027997527657323
"visformer_small_random","Untrained",1,"veRSA",0.0427515662599022
"vit_base_patch16_224_classification","Trained",0.55,"cRSA",0.160862479323506
"vit_base_patch16_224_classification","Trained",0.55,"veRSA",0.488757338378442
"vit_base_patch16_224_classification","Trained",0.6,"cRSA",0.127832622791678
"vit_base_patch16_224_classification","Trained",0.6,"veRSA",0.488619738030248
"vit_base_patch16_224_classification","Trained",0.65,"cRSA",0.246810788954631
"vit_base_patch16_224_classification","Trained",0.65,"veRSA",0.600262252641503
"vit_base_patch16_224_classification","Trained",0.7,"cRSA",0.164106945849193
"vit_base_patch16_224_classification","Trained",0.7,"veRSA",0.528017214585018
"vit_base_patch16_224_classification","Trained",0.75,"cRSA",0.222102826253008
"vit_base_patch16_224_classification","Trained",0.75,"veRSA",0.612614618577571
"vit_base_patch16_224_classification","Trained",0.8,"cRSA",0.189593317950522
"vit_base_patch16_224_classification","Trained",0.8,"veRSA",0.566146604384906
"vit_base_patch16_224_classification","Trained",0.85,"cRSA",0.143312566903244
"vit_base_patch16_224_classification","Trained",0.85,"veRSA",0.538629220502997
"vit_base_patch16_224_classification","Trained",0.9,"cRSA",0.196476490121064
"vit_base_patch16_224_classification","Trained",0.9,"veRSA",0.595140783153156
"vit_base_patch16_224_classification","Trained",0.95,"cRSA",0.185314235256871
"vit_base_patch16_224_classification","Trained",0.95,"veRSA",0.562193751803181
"vit_base_patch16_224_classification","Trained",1,"cRSA",0.243992926527104
"vit_base_patch16_224_classification","Trained",1,"veRSA",0.628558438286868
"vit_base_patch16_224_random","Untrained",0.55,"cRSA",0.0564215408854732
"vit_base_patch16_224_random","Untrained",0.55,"veRSA",0.107257561975197
"vit_base_patch16_224_random","Untrained",0.6,"cRSA",0.0585191571469782
"vit_base_patch16_224_random","Untrained",0.6,"veRSA",0.112850235949332
"vit_base_patch16_224_random","Untrained",0.65,"cRSA",0.0622676113449843
"vit_base_patch16_224_random","Untrained",0.65,"veRSA",0.115422419956633
"vit_base_patch16_224_random","Untrained",0.7,"cRSA",0.054774415276166
"vit_base_patch16_224_random","Untrained",0.7,"veRSA",0.101292964503651
"vit_base_patch16_224_random","Untrained",0.75,"cRSA",0.0597581357314765
"vit_base_patch16_224_random","Untrained",0.75,"veRSA",0.116068705685909
"vit_base_patch16_224_random","Untrained",0.8,"cRSA",0.0536739295616191
"vit_base_patch16_224_random","Untrained",0.8,"veRSA",0.102151815217578
"vit_base_patch16_224_random","Untrained",0.85,"cRSA",0.0535512195325665
"vit_base_patch16_224_random","Untrained",0.85,"veRSA",0.097608528997554
"vit_base_patch16_224_random","Untrained",0.9,"cRSA",0.0593372467096047
"vit_base_patch16_224_random","Untrained",0.9,"veRSA",0.114325239273619
"vit_base_patch16_224_random","Untrained",0.95,"cRSA",0.054298912793338
"vit_base_patch16_224_random","Untrained",0.95,"veRSA",0.104984210139581
"vit_base_patch16_224_random","Untrained",1,"cRSA",0.0526985187110337
"vit_base_patch16_224_random","Untrained",1,"veRSA",0.0854758313071428
"vit_base_patch32_224_classification","Trained",0.55,"cRSA",0.170706802143606
"vit_base_patch32_224_classification","Trained",0.55,"veRSA",0.48634597773075
"vit_base_patch32_224_classification","Trained",0.6,"cRSA",0.167657367461615
"vit_base_patch32_224_classification","Trained",0.6,"veRSA",0.515531138192317
"vit_base_patch32_224_classification","Trained",0.65,"cRSA",0.181543253402808
"vit_base_patch32_224_classification","Trained",0.65,"veRSA",0.601405012087941
"vit_base_patch32_224_classification","Trained",0.7,"cRSA",0.20491719640419
"vit_base_patch32_224_classification","Trained",0.7,"veRSA",0.568618000459473
"vit_base_patch32_224_classification","Trained",0.75,"cRSA",0.155886088240782
"vit_base_patch32_224_classification","Trained",0.75,"veRSA",0.614770149468396
"vit_base_patch32_224_classification","Trained",0.8,"cRSA",0.242749372624783
"vit_base_patch32_224_classification","Trained",0.8,"veRSA",0.586448181930059
"vit_base_patch32_224_classification","Trained",0.85,"cRSA",0.15900052158489
"vit_base_patch32_224_classification","Trained",0.85,"veRSA",0.537663147008776
"vit_base_patch32_224_classification","Trained",0.9,"cRSA",0.215542174763185
"vit_base_patch32_224_classification","Trained",0.9,"veRSA",0.619952977470319
"vit_base_patch32_224_classification","Trained",0.95,"cRSA",0.216138172345226
"vit_base_patch32_224_classification","Trained",0.95,"veRSA",0.569385033142187
"vit_base_patch32_224_classification","Trained",1,"cRSA",0.238257401559425
"vit_base_patch32_224_classification","Trained",1,"veRSA",0.63233881472432
"vit_base_patch32_224_random","Untrained",0.55,"cRSA",0.060273152066097
"vit_base_patch32_224_random","Untrained",0.55,"veRSA",0.0983591614907663
"vit_base_patch32_224_random","Untrained",0.6,"cRSA",0.0600680352138448
"vit_base_patch32_224_random","Untrained",0.6,"veRSA",0.0973872851198453
"vit_base_patch32_224_random","Untrained",0.65,"cRSA",0.0669044938024683
"vit_base_patch32_224_random","Untrained",0.65,"veRSA",0.118260492274502
"vit_base_patch32_224_random","Untrained",0.7,"cRSA",0.059836549587127
"vit_base_patch32_224_random","Untrained",0.7,"veRSA",0.0988345221912766
"vit_base_patch32_224_random","Untrained",0.75,"cRSA",0.0640502630677242
"vit_base_patch32_224_random","Untrained",0.75,"veRSA",0.112893896470356
"vit_base_patch32_224_random","Untrained",0.8,"cRSA",0.0568538879368974
"vit_base_patch32_224_random","Untrained",0.8,"veRSA",0.0980421827615809
"vit_base_patch32_224_random","Untrained",0.85,"cRSA",0.0548582569935159
"vit_base_patch32_224_random","Untrained",0.85,"veRSA",0.0898217270853981
"vit_base_patch32_224_random","Untrained",0.9,"cRSA",0.0648477534504576
"vit_base_patch32_224_random","Untrained",0.9,"veRSA",0.118139959394376
"vit_base_patch32_224_random","Untrained",0.95,"cRSA",0.0578873238648728
"vit_base_patch32_224_random","Untrained",0.95,"veRSA",0.101358866340825
"vit_base_patch32_224_random","Untrained",1,"cRSA",0.0573949706616711
"vit_base_patch32_224_random","Untrained",1,"veRSA",0.089537479405395
"vit_large_patch16_224_classification","Trained",0.55,"cRSA",0.184023722842637
"vit_large_patch16_224_classification","Trained",0.55,"veRSA",0.529963647501449
"vit_large_patch16_224_classification","Trained",0.6,"cRSA",0.20295739245951
"vit_large_patch16_224_classification","Trained",0.6,"veRSA",0.563200972507025
"vit_large_patch16_224_classification","Trained",0.65,"cRSA",0.217145715748698
"vit_large_patch16_224_classification","Trained",0.65,"veRSA",0.568500803803119
"vit_large_patch16_224_classification","Trained",0.7,"cRSA",0.208961141045119
"vit_large_patch16_224_classification","Trained",0.7,"veRSA",0.537351295076189
"vit_large_patch16_224_classification","Trained",0.75,"cRSA",0.204315024763482
"vit_large_patch16_224_classification","Trained",0.75,"veRSA",0.562585036860076
"vit_large_patch16_224_classification","Trained",0.8,"cRSA",0.183674666889931
"vit_large_patch16_224_classification","Trained",0.8,"veRSA",0.516364113409475
"vit_large_patch16_224_classification","Trained",0.85,"cRSA",0.191696487900046
"vit_large_patch16_224_classification","Trained",0.85,"veRSA",0.52772255770842
"vit_large_patch16_224_classification","Trained",0.9,"cRSA",0.139003014762876
"vit_large_patch16_224_classification","Trained",0.9,"veRSA",0.469989536704871
"vit_large_patch16_224_classification","Trained",0.95,"cRSA",0.168610281237959
"vit_large_patch16_224_classification","Trained",0.95,"veRSA",0.50539529675903
"vit_large_patch16_224_classification","Trained",1,"cRSA",0.216489562192793
"vit_large_patch16_224_classification","Trained",1,"veRSA",0.565226221448152
"vit_large_patch16_224_random","Untrained",0.55,"cRSA",0.0504985107467271
"vit_large_patch16_224_random","Untrained",0.55,"veRSA",0.103540225724856
"vit_large_patch16_224_random","Untrained",0.6,"cRSA",0.0521984097499176
"vit_large_patch16_224_random","Untrained",0.6,"veRSA",0.108542600756516
"vit_large_patch16_224_random","Untrained",0.65,"cRSA",0.0526696237943678
"vit_large_patch16_224_random","Untrained",0.65,"veRSA",0.113960946485961
"vit_large_patch16_224_random","Untrained",0.7,"cRSA",0.0521247798423316
"vit_large_patch16_224_random","Untrained",0.7,"veRSA",0.111663874204607
"vit_large_patch16_224_random","Untrained",0.75,"cRSA",0.0521373985616545
"vit_large_patch16_224_random","Untrained",0.75,"veRSA",0.113228111383964
"vit_large_patch16_224_random","Untrained",0.8,"cRSA",0.0510695708732519
"vit_large_patch16_224_random","Untrained",0.8,"veRSA",0.103031408863732
"vit_large_patch16_224_random","Untrained",0.85,"cRSA",0.0524282970284296
"vit_large_patch16_224_random","Untrained",0.85,"veRSA",0.112762051844485
"vit_large_patch16_224_random","Untrained",0.9,"cRSA",0.0517322260647063
"vit_large_patch16_224_random","Untrained",0.9,"veRSA",0.111186833630812
"vit_large_patch16_224_random","Untrained",0.95,"cRSA",0.0512518452874011
"vit_large_patch16_224_random","Untrained",0.95,"veRSA",0.113573496406802
"vit_large_patch16_224_random","Untrained",1,"cRSA",0.049781590569112
"vit_large_patch16_224_random","Untrained",1,"veRSA",0.101975220442753
"vit_small_patch16_224_classification","Trained",0.55,"cRSA",0.175753817060317
"vit_small_patch16_224_classification","Trained",0.55,"veRSA",0.476662736693878
"vit_small_patch16_224_classification","Trained",0.6,"cRSA",0.12875819479942
"vit_small_patch16_224_classification","Trained",0.6,"veRSA",0.441793223636875
"vit_small_patch16_224_classification","Trained",0.65,"cRSA",0.245540237870383
"vit_small_patch16_224_classification","Trained",0.65,"veRSA",0.575288849525894
"vit_small_patch16_224_classification","Trained",0.7,"cRSA",0.187049934485622
"vit_small_patch16_224_classification","Trained",0.7,"veRSA",0.506979668723435
"vit_small_patch16_224_classification","Trained",0.75,"cRSA",0.2108646845375
"vit_small_patch16_224_classification","Trained",0.75,"veRSA",0.575536292460202
"vit_small_patch16_224_classification","Trained",0.8,"cRSA",0.208032654647463
"vit_small_patch16_224_classification","Trained",0.8,"veRSA",0.517140339630619
"vit_small_patch16_224_classification","Trained",0.85,"cRSA",0.16152856371383
"vit_small_patch16_224_classification","Trained",0.85,"veRSA",0.492800584680156
"vit_small_patch16_224_classification","Trained",0.9,"cRSA",0.229369137637542
"vit_small_patch16_224_classification","Trained",0.9,"veRSA",0.584649956175063
"vit_small_patch16_224_classification","Trained",0.95,"cRSA",0.194162376268336
"vit_small_patch16_224_classification","Trained",0.95,"veRSA",0.530362009864334
"vit_small_patch16_224_classification","Trained",1,"cRSA",0.233812454045774
"vit_small_patch16_224_classification","Trained",1,"veRSA",0.61750462187416
"vit_small_patch16_224_random","Untrained",0.55,"cRSA",0.0608758636475506
"vit_small_patch16_224_random","Untrained",0.55,"veRSA",0.0843190265337108
"vit_small_patch16_224_random","Untrained",0.6,"cRSA",0.0581934294286121
"vit_small_patch16_224_random","Untrained",0.6,"veRSA",0.0839248620046115
"vit_small_patch16_224_random","Untrained",0.65,"cRSA",0.0664965601605362
"vit_small_patch16_224_random","Untrained",0.65,"veRSA",0.102398312052094
"vit_small_patch16_224_random","Untrained",0.7,"cRSA",0.0557803201833016
"vit_small_patch16_224_random","Untrained",0.7,"veRSA",0.0846969539612529
"vit_small_patch16_224_random","Untrained",0.75,"cRSA",0.0650807304837586
"vit_small_patch16_224_random","Untrained",0.75,"veRSA",0.0995137399281968
"vit_small_patch16_224_random","Untrained",0.8,"cRSA",0.0573132570772283
"vit_small_patch16_224_random","Untrained",0.8,"veRSA",0.091104792555345
"vit_small_patch16_224_random","Untrained",0.85,"cRSA",0.05377160120872
"vit_small_patch16_224_random","Untrained",0.85,"veRSA",0.0803449946024222
"vit_small_patch16_224_random","Untrained",0.9,"cRSA",0.0646059043069921
"vit_small_patch16_224_random","Untrained",0.9,"veRSA",0.098222583803219
"vit_small_patch16_224_random","Untrained",0.95,"cRSA",0.055957689016477
"vit_small_patch16_224_random","Untrained",0.95,"veRSA",0.0849720633774564
"vit_small_patch16_224_random","Untrained",1,"cRSA",0.0573671258672409
"vit_small_patch16_224_random","Untrained",1,"veRSA",0.0774350708917272
"vit_small_patch32_224_classification","Trained",0.55,"cRSA",0.143996984811267
"vit_small_patch32_224_classification","Trained",0.55,"veRSA",0.444704274508759
"vit_small_patch32_224_classification","Trained",0.6,"cRSA",0.168375410195277
"vit_small_patch32_224_classification","Trained",0.6,"veRSA",0.471678062000491
"vit_small_patch32_224_classification","Trained",0.65,"cRSA",0.196693750551227
"vit_small_patch32_224_classification","Trained",0.65,"veRSA",0.562924278249542
"vit_small_patch32_224_classification","Trained",0.7,"cRSA",0.202218830657139
"vit_small_patch32_224_classification","Trained",0.7,"veRSA",0.533899142779056
"vit_small_patch32_224_classification","Trained",0.75,"cRSA",0.126908193911253
"vit_small_patch32_224_classification","Trained",0.75,"veRSA",0.555485527085254
"vit_small_patch32_224_classification","Trained",0.8,"cRSA",0.225867737124399
"vit_small_patch32_224_classification","Trained",0.8,"veRSA",0.573205492242367
"vit_small_patch32_224_classification","Trained",0.85,"cRSA",0.149481414839078
"vit_small_patch32_224_classification","Trained",0.85,"veRSA",0.502170488495118
"vit_small_patch32_224_classification","Trained",0.9,"cRSA",0.192482328550013
"vit_small_patch32_224_classification","Trained",0.9,"veRSA",0.581686310708482
"vit_small_patch32_224_classification","Trained",0.95,"cRSA",0.197928591916119
"vit_small_patch32_224_classification","Trained",0.95,"veRSA",0.533606626310814
"vit_small_patch32_224_classification","Trained",1,"cRSA",0.189116407530482
"vit_small_patch32_224_classification","Trained",1,"veRSA",0.598516914722555
"vit_small_patch32_224_random","Untrained",0.55,"cRSA",0.0588128212413485
"vit_small_patch32_224_random","Untrained",0.55,"veRSA",0.084111921989764
"vit_small_patch32_224_random","Untrained",0.6,"cRSA",0.0581582512695495
"vit_small_patch32_224_random","Untrained",0.6,"veRSA",0.0844916324661053
"vit_small_patch32_224_random","Untrained",0.65,"cRSA",0.0651299341176287
"vit_small_patch32_224_random","Untrained",0.65,"veRSA",0.0985948111210718
"vit_small_patch32_224_random","Untrained",0.7,"cRSA",0.0535807871254124
"vit_small_patch32_224_random","Untrained",0.7,"veRSA",0.0799813763624487
"vit_small_patch32_224_random","Untrained",0.75,"cRSA",0.0644085598135634
"vit_small_patch32_224_random","Untrained",0.75,"veRSA",0.0993614329223837
"vit_small_patch32_224_random","Untrained",0.8,"cRSA",0.0562721656177615
"vit_small_patch32_224_random","Untrained",0.8,"veRSA",0.0827140730875184
"vit_small_patch32_224_random","Untrained",0.85,"cRSA",0.0523964202278419
"vit_small_patch32_224_random","Untrained",0.85,"veRSA",0.0750735415214185
"vit_small_patch32_224_random","Untrained",0.9,"cRSA",0.0659471141963315
"vit_small_patch32_224_random","Untrained",0.9,"veRSA",0.0977229102132235
"vit_small_patch32_224_random","Untrained",0.95,"cRSA",0.0573431834569878
"vit_small_patch32_224_random","Untrained",0.95,"veRSA",0.0855561734674382
"vit_small_patch32_224_random","Untrained",1,"cRSA",0.0574937761481202
"vit_small_patch32_224_random","Untrained",1,"veRSA",0.0722724542650812
"vit_tiny_patch16_224_classification","Trained",0.55,"cRSA",0.170566212071731
"vit_tiny_patch16_224_classification","Trained",0.55,"veRSA",0.475264798696578
"vit_tiny_patch16_224_classification","Trained",0.6,"cRSA",0.164825474674693
"vit_tiny_patch16_224_classification","Trained",0.6,"veRSA",0.470185638149748
"vit_tiny_patch16_224_classification","Trained",0.65,"cRSA",0.100499797211317
"vit_tiny_patch16_224_classification","Trained",0.65,"veRSA",0.529494129722972
"vit_tiny_patch16_224_classification","Trained",0.7,"cRSA",0.138804575798652
"vit_tiny_patch16_224_classification","Trained",0.7,"veRSA",0.515092734055279
"vit_tiny_patch16_224_classification","Trained",0.75,"cRSA",0.183940412150802
"vit_tiny_patch16_224_classification","Trained",0.75,"veRSA",0.5567101865731
"vit_tiny_patch16_224_classification","Trained",0.8,"cRSA",0.150839506854467
"vit_tiny_patch16_224_classification","Trained",0.8,"veRSA",0.505414333482788
"vit_tiny_patch16_224_classification","Trained",0.85,"cRSA",0.100758321604507
"vit_tiny_patch16_224_classification","Trained",0.85,"veRSA",0.484801552798803
"vit_tiny_patch16_224_classification","Trained",0.9,"cRSA",0.154162541921531
"vit_tiny_patch16_224_classification","Trained",0.9,"veRSA",0.516342519182432
"vit_tiny_patch16_224_classification","Trained",0.95,"cRSA",0.14648459487364
"vit_tiny_patch16_224_classification","Trained",0.95,"veRSA",0.473256702810764
"vit_tiny_patch16_224_classification","Trained",1,"cRSA",0.170785009726585
"vit_tiny_patch16_224_classification","Trained",1,"veRSA",0.542770495685102
"vit_tiny_patch16_224_random","Untrained",0.55,"cRSA",0.0569196138740562
"vit_tiny_patch16_224_random","Untrained",0.55,"veRSA",0.0745474375749657
"vit_tiny_patch16_224_random","Untrained",0.6,"cRSA",0.054889764452479
"vit_tiny_patch16_224_random","Untrained",0.6,"veRSA",0.070539396691068
"vit_tiny_patch16_224_random","Untrained",0.65,"cRSA",0.0647172582083398
"vit_tiny_patch16_224_random","Untrained",0.65,"veRSA",0.0840493040112853
"vit_tiny_patch16_224_random","Untrained",0.7,"cRSA",0.0521297418696399
"vit_tiny_patch16_224_random","Untrained",0.7,"veRSA",0.0647108726907979
"vit_tiny_patch16_224_random","Untrained",0.75,"cRSA",0.0627359148797919
"vit_tiny_patch16_224_random","Untrained",0.75,"veRSA",0.0828383750562905
"vit_tiny_patch16_224_random","Untrained",0.8,"cRSA",0.05574467241272
"vit_tiny_patch16_224_random","Untrained",0.8,"veRSA",0.0803255350488466
"vit_tiny_patch16_224_random","Untrained",0.85,"cRSA",0.0520779736860478
"vit_tiny_patch16_224_random","Untrained",0.85,"veRSA",0.0613338130166812
"vit_tiny_patch16_224_random","Untrained",0.9,"cRSA",0.0625577466177828
"vit_tiny_patch16_224_random","Untrained",0.9,"veRSA",0.0811139946466437
"vit_tiny_patch16_224_random","Untrained",0.95,"cRSA",0.0593938407957665
"vit_tiny_patch16_224_random","Untrained",0.95,"veRSA",0.0821886241721229
"vit_tiny_patch16_224_random","Untrained",1,"cRSA",0.0524279546286266
"vit_tiny_patch16_224_random","Untrained",1,"veRSA",0.0745987040164371
"xception_classification","Trained",0.55,"cRSA",0.140925962070213
"xception_classification","Trained",0.55,"veRSA",0.436287263675148
"xception_classification","Trained",0.6,"cRSA",0.280090176052805
"xception_classification","Trained",0.6,"veRSA",0.610571702237364
"xception_classification","Trained",0.65,"cRSA",0.23247257612039
"xception_classification","Trained",0.65,"veRSA",0.590983002959471
"xception_classification","Trained",0.7,"cRSA",0.230729958224187
"xception_classification","Trained",0.7,"veRSA",0.609192705610048
"xception_classification","Trained",0.75,"cRSA",0.272009149860049
"xception_classification","Trained",0.75,"veRSA",0.635109968971241
"xception_classification","Trained",0.8,"cRSA",0.258630541725289
"xception_classification","Trained",0.8,"veRSA",0.62420832752377
"xception_classification","Trained",0.85,"cRSA",0.296081596049843
"xception_classification","Trained",0.85,"veRSA",0.648135182890969
"xception_classification","Trained",0.9,"cRSA",0.203028443733457
"xception_classification","Trained",0.9,"veRSA",0.593907267491273
"xception_classification","Trained",0.95,"cRSA",0.221182850049519
"xception_classification","Trained",0.95,"veRSA",0.623512334963182
"xception_classification","Trained",1,"cRSA",0.233061382772244
"xception_classification","Trained",1,"veRSA",0.588134546950148
"xception_random","Untrained",0.55,"cRSA",0.0578520880446408
"xception_random","Untrained",0.55,"veRSA",0.103863936691244
"xception_random","Untrained",0.6,"cRSA",0.0576291516441453
"xception_random","Untrained",0.6,"veRSA",0.108729989618856
"xception_random","Untrained",0.65,"cRSA",0.0581904011788006
"xception_random","Untrained",0.65,"veRSA",0.103732763699645
"xception_random","Untrained",0.7,"cRSA",0.0562028000606409
"xception_random","Untrained",0.7,"veRSA",0.112716848179785
"xception_random","Untrained",0.75,"cRSA",0.0572778781340437
"xception_random","Untrained",0.75,"veRSA",0.0967537658695419
"xception_random","Untrained",0.8,"cRSA",0.0535833538987236
"xception_random","Untrained",0.8,"veRSA",0.104943991892727
"xception_random","Untrained",0.85,"cRSA",0.0534804326877244
"xception_random","Untrained",0.85,"veRSA",0.10658894561028
"xception_random","Untrained",0.9,"cRSA",0.0589525051300668
"xception_random","Untrained",0.9,"veRSA",0.103301057541598
"xception_random","Untrained",0.95,"cRSA",0.0574636667572737
"xception_random","Untrained",0.95,"veRSA",0.0897406410615643
"xception_random","Untrained",1,"cRSA",0.046091299015382
"xception_random","Untrained",1,"veRSA",0.105250855204148
