"model_string","display_name","metric","subj_id","score","rank"
"alexnet_classification","AlexNet","cRSA","1",0.331594702239299,75
"alexnet_classification","AlexNet","cRSA","1",0.331594702239299,124
"alexnet_classification","AlexNet","cRSA","1",0.331594702239299,120
"alexnet_classification","AlexNet","cRSA","2",0.339760823314873,75
"alexnet_classification","AlexNet","cRSA","2",0.339760823314873,124
"alexnet_classification","AlexNet","cRSA","2",0.339760823314873,120
"alexnet_classification","AlexNet","cRSA","5",0.35702451880588,75
"alexnet_classification","AlexNet","cRSA","5",0.35702451880588,124
"alexnet_classification","AlexNet","cRSA","5",0.35702451880588,120
"alexnet_classification","AlexNet","cRSA","7",0.32491977560077,75
"alexnet_classification","AlexNet","cRSA","7",0.32491977560077,124
"alexnet_classification","AlexNet","cRSA","7",0.32491977560077,120
"alexnet_gn_ipcl_imagenet","AlexNet-GN-IPCLImageNet","cRSA","1",0.268218011984028,122
"alexnet_gn_ipcl_imagenet","AlexNet-GN-IPCLImageNet","cRSA","1",0.268218011984028,132
"alexnet_gn_ipcl_imagenet","AlexNet-GN-IPCLImageNet","cRSA","2",0.279925911840306,122
"alexnet_gn_ipcl_imagenet","AlexNet-GN-IPCLImageNet","cRSA","2",0.279925911840306,132
"alexnet_gn_ipcl_imagenet","AlexNet-GN-IPCLImageNet","cRSA","5",0.281897941963089,122
"alexnet_gn_ipcl_imagenet","AlexNet-GN-IPCLImageNet","cRSA","5",0.281897941963089,132
"alexnet_gn_ipcl_imagenet","AlexNet-GN-IPCLImageNet","cRSA","7",0.258722364521909,122
"alexnet_gn_ipcl_imagenet","AlexNet-GN-IPCLImageNet","cRSA","7",0.258722364521909,132
"alexnet_gn_ipcl_openimages","AlexNet-GN-IPCLOpenImages","cRSA","1",0.242250570288976,129
"alexnet_gn_ipcl_openimages","AlexNet-GN-IPCLOpenImages","cRSA","1",0.242250570288976,133
"alexnet_gn_ipcl_openimages","AlexNet-GN-IPCLOpenImages","cRSA","2",0.257666497776477,129
"alexnet_gn_ipcl_openimages","AlexNet-GN-IPCLOpenImages","cRSA","2",0.257666497776477,133
"alexnet_gn_ipcl_openimages","AlexNet-GN-IPCLOpenImages","cRSA","5",0.263433613129999,129
"alexnet_gn_ipcl_openimages","AlexNet-GN-IPCLOpenImages","cRSA","5",0.263433613129999,133
"alexnet_gn_ipcl_openimages","AlexNet-GN-IPCLOpenImages","cRSA","7",0.234441284050791,129
"alexnet_gn_ipcl_openimages","AlexNet-GN-IPCLOpenImages","cRSA","7",0.234441284050791,133
"alexnet_gn_ipcl_places256","AlexNet-GN-IPCLPlaces256","cRSA","2",0.249029920844353,131
"alexnet_gn_ipcl_places256","AlexNet-GN-IPCLPlaces256","cRSA","2",0.249029920844353,134
"alexnet_gn_ipcl_places256","AlexNet-GN-IPCLPlaces256","cRSA","5",0.263252647683597,131
"alexnet_gn_ipcl_places256","AlexNet-GN-IPCLPlaces256","cRSA","5",0.263252647683597,134
"alexnet_gn_ipcl_places256","AlexNet-GN-IPCLPlaces256","cRSA","1",0.227532375357868,131
"alexnet_gn_ipcl_places256","AlexNet-GN-IPCLPlaces256","cRSA","1",0.227532375357868,134
"alexnet_gn_ipcl_places256","AlexNet-GN-IPCLPlaces256","cRSA","7",0.227340184786455,131
"alexnet_gn_ipcl_places256","AlexNet-GN-IPCLPlaces256","cRSA","7",0.227340184786455,134
"alexnet_gn_ipcl_vggface2","AlexNet-GN-IPCLVGGFace2","cRSA","1",0.10407129210044,147
"alexnet_gn_ipcl_vggface2","AlexNet-GN-IPCLVGGFace2","cRSA","1",0.10407129210044,146
"alexnet_gn_ipcl_vggface2","AlexNet-GN-IPCLVGGFace2","cRSA","2",0.0997548988777202,147
"alexnet_gn_ipcl_vggface2","AlexNet-GN-IPCLVGGFace2","cRSA","2",0.0997548988777202,146
"alexnet_gn_ipcl_vggface2","AlexNet-GN-IPCLVGGFace2","cRSA","5",0.104088902331646,147
"alexnet_gn_ipcl_vggface2","AlexNet-GN-IPCLVGGFace2","cRSA","5",0.104088902331646,146
"alexnet_gn_ipcl_vggface2","AlexNet-GN-IPCLVGGFace2","cRSA","7",0.0961433161094833,147
"alexnet_gn_ipcl_vggface2","AlexNet-GN-IPCLVGGFace2","cRSA","7",0.0961433161094833,146
"alexnet_random","AlexNet","cRSA","1",0.0445711207844762,209
"alexnet_random","AlexNet","cRSA","1",0.0445711207844762,158
"alexnet_random","AlexNet","cRSA","1",0.0445711207844762,165
"alexnet_random","AlexNet","cRSA","2",0.0419607550186095,209
"alexnet_random","AlexNet","cRSA","2",0.0419607550186095,158
"alexnet_random","AlexNet","cRSA","2",0.0419607550186095,165
"alexnet_random","AlexNet","cRSA","5",0.0412031077571718,209
"alexnet_random","AlexNet","cRSA","5",0.0412031077571718,158
"alexnet_random","AlexNet","cRSA","5",0.0412031077571718,165
"alexnet_random","AlexNet","cRSA","7",0.0294887354028416,209
"alexnet_random","AlexNet","cRSA","7",0.0294887354028416,158
"alexnet_random","AlexNet","cRSA","7",0.0294887354028416,165
"autoencoding_taskonomy","Autoencoder","cRSA","1",0.0798085703981504,158
"autoencoding_taskonomy","Autoencoder","cRSA","1",0.0798085703981504,166
"autoencoding_taskonomy","Autoencoder","cRSA","1",0.0798085703981504,197
"autoencoding_taskonomy","Autoencoder","cRSA","2",0.0618345764475788,158
"autoencoding_taskonomy","Autoencoder","cRSA","2",0.0618345764475788,166
"autoencoding_taskonomy","Autoencoder","cRSA","2",0.0618345764475788,197
"autoencoding_taskonomy","Autoencoder","cRSA","5",0.0783240559021164,158
"autoencoding_taskonomy","Autoencoder","cRSA","5",0.0783240559021164,166
"autoencoding_taskonomy","Autoencoder","cRSA","5",0.0783240559021164,197
"autoencoding_taskonomy","Autoencoder","cRSA","7",0.0867506543126553,158
"autoencoding_taskonomy","Autoencoder","cRSA","7",0.0867506543126553,166
"autoencoding_taskonomy","Autoencoder","cRSA","7",0.0867506543126553,197
"BiT-Expert-ResNet-V2-Abstraction_bit_expert","BiT-Expert-ResNet-V2-Abstraction","cRSA","1",0.351003313349107,59
"BiT-Expert-ResNet-V2-Abstraction_bit_expert","BiT-Expert-ResNet-V2-Abstraction","cRSA","1",0.351003313349107,9
"BiT-Expert-ResNet-V2-Abstraction_bit_expert","BiT-Expert-ResNet-V2-Abstraction","cRSA","1",0.351003313349107,14
"BiT-Expert-ResNet-V2-Abstraction_bit_expert","BiT-Expert-ResNet-V2-Abstraction","cRSA","2",0.365102627085237,59
"BiT-Expert-ResNet-V2-Abstraction_bit_expert","BiT-Expert-ResNet-V2-Abstraction","cRSA","2",0.365102627085237,9
"BiT-Expert-ResNet-V2-Abstraction_bit_expert","BiT-Expert-ResNet-V2-Abstraction","cRSA","2",0.365102627085237,14
"BiT-Expert-ResNet-V2-Abstraction_bit_expert","BiT-Expert-ResNet-V2-Abstraction","cRSA","5",0.348155751284001,59
"BiT-Expert-ResNet-V2-Abstraction_bit_expert","BiT-Expert-ResNet-V2-Abstraction","cRSA","5",0.348155751284001,9
"BiT-Expert-ResNet-V2-Abstraction_bit_expert","BiT-Expert-ResNet-V2-Abstraction","cRSA","5",0.348155751284001,14
"BiT-Expert-ResNet-V2-Abstraction_bit_expert","BiT-Expert-ResNet-V2-Abstraction","cRSA","7",0.334359307155713,59
"BiT-Expert-ResNet-V2-Abstraction_bit_expert","BiT-Expert-ResNet-V2-Abstraction","cRSA","7",0.334359307155713,9
"BiT-Expert-ResNet-V2-Abstraction_bit_expert","BiT-Expert-ResNet-V2-Abstraction","cRSA","7",0.334359307155713,14
"BiT-Expert-ResNet-V2-Animal_bit_expert","BiT-Expert-ResNet-V2-Animal","cRSA","1",0.352320491774067,43
"BiT-Expert-ResNet-V2-Animal_bit_expert","BiT-Expert-ResNet-V2-Animal","cRSA","1",0.352320491774067,19
"BiT-Expert-ResNet-V2-Animal_bit_expert","BiT-Expert-ResNet-V2-Animal","cRSA","1",0.352320491774067,22
"BiT-Expert-ResNet-V2-Animal_bit_expert","BiT-Expert-ResNet-V2-Animal","cRSA","2",0.36961027421264,43
"BiT-Expert-ResNet-V2-Animal_bit_expert","BiT-Expert-ResNet-V2-Animal","cRSA","2",0.36961027421264,19
"BiT-Expert-ResNet-V2-Animal_bit_expert","BiT-Expert-ResNet-V2-Animal","cRSA","2",0.36961027421264,22
"BiT-Expert-ResNet-V2-Animal_bit_expert","BiT-Expert-ResNet-V2-Animal","cRSA","5",0.362908767847052,43
"BiT-Expert-ResNet-V2-Animal_bit_expert","BiT-Expert-ResNet-V2-Animal","cRSA","5",0.362908767847052,19
"BiT-Expert-ResNet-V2-Animal_bit_expert","BiT-Expert-ResNet-V2-Animal","cRSA","5",0.362908767847052,22
"BiT-Expert-ResNet-V2-Animal_bit_expert","BiT-Expert-ResNet-V2-Animal","cRSA","7",0.342233428708045,43
"BiT-Expert-ResNet-V2-Animal_bit_expert","BiT-Expert-ResNet-V2-Animal","cRSA","7",0.342233428708045,19
"BiT-Expert-ResNet-V2-Animal_bit_expert","BiT-Expert-ResNet-V2-Animal","cRSA","7",0.342233428708045,22
"BiT-Expert-ResNet-V2-Arthropod_bit_expert","BiT-Expert-ResNet-V2-Arthropod","cRSA","1",0.359831986546701,37
"BiT-Expert-ResNet-V2-Arthropod_bit_expert","BiT-Expert-ResNet-V2-Arthropod","cRSA","1",0.359831986546701,15
"BiT-Expert-ResNet-V2-Arthropod_bit_expert","BiT-Expert-ResNet-V2-Arthropod","cRSA","1",0.359831986546701,35
"BiT-Expert-ResNet-V2-Arthropod_bit_expert","BiT-Expert-ResNet-V2-Arthropod","cRSA","2",0.37464664913642,37
"BiT-Expert-ResNet-V2-Arthropod_bit_expert","BiT-Expert-ResNet-V2-Arthropod","cRSA","2",0.37464664913642,15
"BiT-Expert-ResNet-V2-Arthropod_bit_expert","BiT-Expert-ResNet-V2-Arthropod","cRSA","2",0.37464664913642,35
"BiT-Expert-ResNet-V2-Arthropod_bit_expert","BiT-Expert-ResNet-V2-Arthropod","cRSA","5",0.364449961223425,37
"BiT-Expert-ResNet-V2-Arthropod_bit_expert","BiT-Expert-ResNet-V2-Arthropod","cRSA","5",0.364449961223425,15
"BiT-Expert-ResNet-V2-Arthropod_bit_expert","BiT-Expert-ResNet-V2-Arthropod","cRSA","5",0.364449961223425,35
"BiT-Expert-ResNet-V2-Arthropod_bit_expert","BiT-Expert-ResNet-V2-Arthropod","cRSA","7",0.345847302336894,37
"BiT-Expert-ResNet-V2-Arthropod_bit_expert","BiT-Expert-ResNet-V2-Arthropod","cRSA","7",0.345847302336894,15
"BiT-Expert-ResNet-V2-Arthropod_bit_expert","BiT-Expert-ResNet-V2-Arthropod","cRSA","7",0.345847302336894,35
"BiT-Expert-ResNet-V2-Bird_bit_expert","BiT-Expert-ResNet-V2-Bird","cRSA","1",0.344049444232121,64
"BiT-Expert-ResNet-V2-Bird_bit_expert","BiT-Expert-ResNet-V2-Bird","cRSA","1",0.344049444232121,31
"BiT-Expert-ResNet-V2-Bird_bit_expert","BiT-Expert-ResNet-V2-Bird","cRSA","1",0.344049444232121,26
"BiT-Expert-ResNet-V2-Bird_bit_expert","BiT-Expert-ResNet-V2-Bird","cRSA","2",0.361542661101891,64
"BiT-Expert-ResNet-V2-Bird_bit_expert","BiT-Expert-ResNet-V2-Bird","cRSA","2",0.361542661101891,31
"BiT-Expert-ResNet-V2-Bird_bit_expert","BiT-Expert-ResNet-V2-Bird","cRSA","2",0.361542661101891,26
"BiT-Expert-ResNet-V2-Bird_bit_expert","BiT-Expert-ResNet-V2-Bird","cRSA","5",0.354464087315299,64
"BiT-Expert-ResNet-V2-Bird_bit_expert","BiT-Expert-ResNet-V2-Bird","cRSA","5",0.354464087315299,31
"BiT-Expert-ResNet-V2-Bird_bit_expert","BiT-Expert-ResNet-V2-Bird","cRSA","5",0.354464087315299,26
"BiT-Expert-ResNet-V2-Bird_bit_expert","BiT-Expert-ResNet-V2-Bird","cRSA","7",0.334606505724435,64
"BiT-Expert-ResNet-V2-Bird_bit_expert","BiT-Expert-ResNet-V2-Bird","cRSA","7",0.334606505724435,31
"BiT-Expert-ResNet-V2-Bird_bit_expert","BiT-Expert-ResNet-V2-Bird","cRSA","7",0.334606505724435,26
"BiT-Expert-ResNet-V2-Flower_bit_expert","BiT-Expert-ResNet-V2-Flower","cRSA","1",0.33214661653339,80
"BiT-Expert-ResNet-V2-Flower_bit_expert","BiT-Expert-ResNet-V2-Flower","cRSA","1",0.33214661653339,24
"BiT-Expert-ResNet-V2-Flower_bit_expert","BiT-Expert-ResNet-V2-Flower","cRSA","1",0.33214661653339,36
"BiT-Expert-ResNet-V2-Flower_bit_expert","BiT-Expert-ResNet-V2-Flower","cRSA","2",0.343494149959644,80
"BiT-Expert-ResNet-V2-Flower_bit_expert","BiT-Expert-ResNet-V2-Flower","cRSA","2",0.343494149959644,24
"BiT-Expert-ResNet-V2-Flower_bit_expert","BiT-Expert-ResNet-V2-Flower","cRSA","2",0.343494149959644,36
"BiT-Expert-ResNet-V2-Flower_bit_expert","BiT-Expert-ResNet-V2-Flower","cRSA","5",0.336182231429866,80
"BiT-Expert-ResNet-V2-Flower_bit_expert","BiT-Expert-ResNet-V2-Flower","cRSA","5",0.336182231429866,24
"BiT-Expert-ResNet-V2-Flower_bit_expert","BiT-Expert-ResNet-V2-Flower","cRSA","5",0.336182231429866,36
"BiT-Expert-ResNet-V2-Flower_bit_expert","BiT-Expert-ResNet-V2-Flower","cRSA","7",0.323433725282738,80
"BiT-Expert-ResNet-V2-Flower_bit_expert","BiT-Expert-ResNet-V2-Flower","cRSA","7",0.323433725282738,24
"BiT-Expert-ResNet-V2-Flower_bit_expert","BiT-Expert-ResNet-V2-Flower","cRSA","7",0.323433725282738,36
"BiT-Expert-ResNet-V2-Food_bit_expert","BiT-Expert-ResNet-V2-Food","cRSA","1",0.355601732380437,45
"BiT-Expert-ResNet-V2-Food_bit_expert","BiT-Expert-ResNet-V2-Food","cRSA","1",0.355601732380437,17
"BiT-Expert-ResNet-V2-Food_bit_expert","BiT-Expert-ResNet-V2-Food","cRSA","1",0.355601732380437,41
"BiT-Expert-ResNet-V2-Food_bit_expert","BiT-Expert-ResNet-V2-Food","cRSA","2",0.368854221974013,45
"BiT-Expert-ResNet-V2-Food_bit_expert","BiT-Expert-ResNet-V2-Food","cRSA","2",0.368854221974013,17
"BiT-Expert-ResNet-V2-Food_bit_expert","BiT-Expert-ResNet-V2-Food","cRSA","2",0.368854221974013,41
"BiT-Expert-ResNet-V2-Food_bit_expert","BiT-Expert-ResNet-V2-Food","cRSA","5",0.358223580835102,45
"BiT-Expert-ResNet-V2-Food_bit_expert","BiT-Expert-ResNet-V2-Food","cRSA","5",0.358223580835102,17
"BiT-Expert-ResNet-V2-Food_bit_expert","BiT-Expert-ResNet-V2-Food","cRSA","5",0.358223580835102,41
"BiT-Expert-ResNet-V2-Food_bit_expert","BiT-Expert-ResNet-V2-Food","cRSA","7",0.341113797274611,45
"BiT-Expert-ResNet-V2-Food_bit_expert","BiT-Expert-ResNet-V2-Food","cRSA","7",0.341113797274611,17
"BiT-Expert-ResNet-V2-Food_bit_expert","BiT-Expert-ResNet-V2-Food","cRSA","7",0.341113797274611,41
"BiT-Expert-ResNet-V2-Instrument_bit_expert","BiT-Expert-ResNet-V2-Instrument","cRSA","1",0.350047256312341,51
"BiT-Expert-ResNet-V2-Instrument_bit_expert","BiT-Expert-ResNet-V2-Instrument","cRSA","1",0.350047256312341,22
"BiT-Expert-ResNet-V2-Instrument_bit_expert","BiT-Expert-ResNet-V2-Instrument","cRSA","1",0.350047256312341,37
"BiT-Expert-ResNet-V2-Instrument_bit_expert","BiT-Expert-ResNet-V2-Instrument","cRSA","2",0.363351367918943,51
"BiT-Expert-ResNet-V2-Instrument_bit_expert","BiT-Expert-ResNet-V2-Instrument","cRSA","2",0.363351367918943,22
"BiT-Expert-ResNet-V2-Instrument_bit_expert","BiT-Expert-ResNet-V2-Instrument","cRSA","2",0.363351367918943,37
"BiT-Expert-ResNet-V2-Instrument_bit_expert","BiT-Expert-ResNet-V2-Instrument","cRSA","5",0.357155095373772,51
"BiT-Expert-ResNet-V2-Instrument_bit_expert","BiT-Expert-ResNet-V2-Instrument","cRSA","5",0.357155095373772,22
"BiT-Expert-ResNet-V2-Instrument_bit_expert","BiT-Expert-ResNet-V2-Instrument","cRSA","5",0.357155095373772,37
"BiT-Expert-ResNet-V2-Instrument_bit_expert","BiT-Expert-ResNet-V2-Instrument","cRSA","7",0.340831959206561,51
"BiT-Expert-ResNet-V2-Instrument_bit_expert","BiT-Expert-ResNet-V2-Instrument","cRSA","7",0.340831959206561,22
"BiT-Expert-ResNet-V2-Instrument_bit_expert","BiT-Expert-ResNet-V2-Instrument","cRSA","7",0.340831959206561,37
"BiT-Expert-ResNet-V2-Mammal_bit_expert","BiT-Expert-ResNet-V2-Mammal","cRSA","1",0.349255608352916,58
"BiT-Expert-ResNet-V2-Mammal_bit_expert","BiT-Expert-ResNet-V2-Mammal","cRSA","1",0.349255608352916,20
"BiT-Expert-ResNet-V2-Mammal_bit_expert","BiT-Expert-ResNet-V2-Mammal","cRSA","1",0.349255608352916,17
"BiT-Expert-ResNet-V2-Mammal_bit_expert","BiT-Expert-ResNet-V2-Mammal","cRSA","2",0.367337635667249,58
"BiT-Expert-ResNet-V2-Mammal_bit_expert","BiT-Expert-ResNet-V2-Mammal","cRSA","2",0.367337635667249,20
"BiT-Expert-ResNet-V2-Mammal_bit_expert","BiT-Expert-ResNet-V2-Mammal","cRSA","2",0.367337635667249,17
"BiT-Expert-ResNet-V2-Mammal_bit_expert","BiT-Expert-ResNet-V2-Mammal","cRSA","5",0.36067232274352,58
"BiT-Expert-ResNet-V2-Mammal_bit_expert","BiT-Expert-ResNet-V2-Mammal","cRSA","5",0.36067232274352,20
"BiT-Expert-ResNet-V2-Mammal_bit_expert","BiT-Expert-ResNet-V2-Mammal","cRSA","5",0.36067232274352,17
"BiT-Expert-ResNet-V2-Mammal_bit_expert","BiT-Expert-ResNet-V2-Mammal","cRSA","7",0.321939325112545,58
"BiT-Expert-ResNet-V2-Mammal_bit_expert","BiT-Expert-ResNet-V2-Mammal","cRSA","7",0.321939325112545,20
"BiT-Expert-ResNet-V2-Mammal_bit_expert","BiT-Expert-ResNet-V2-Mammal","cRSA","7",0.321939325112545,17
"BiT-Expert-ResNet-V2-Object_bit_expert","BiT-Expert-ResNet-V2-Object","cRSA","1",0.352260503694929,65
"BiT-Expert-ResNet-V2-Object_bit_expert","BiT-Expert-ResNet-V2-Object","cRSA","1",0.352260503694929,8
"BiT-Expert-ResNet-V2-Object_bit_expert","BiT-Expert-ResNet-V2-Object","cRSA","1",0.352260503694929,19
"BiT-Expert-ResNet-V2-Object_bit_expert","BiT-Expert-ResNet-V2-Object","cRSA","2",0.366997524273611,65
"BiT-Expert-ResNet-V2-Object_bit_expert","BiT-Expert-ResNet-V2-Object","cRSA","2",0.366997524273611,8
"BiT-Expert-ResNet-V2-Object_bit_expert","BiT-Expert-ResNet-V2-Object","cRSA","2",0.366997524273611,19
"BiT-Expert-ResNet-V2-Object_bit_expert","BiT-Expert-ResNet-V2-Object","cRSA","5",0.344300366007785,65
"BiT-Expert-ResNet-V2-Object_bit_expert","BiT-Expert-ResNet-V2-Object","cRSA","5",0.344300366007785,8
"BiT-Expert-ResNet-V2-Object_bit_expert","BiT-Expert-ResNet-V2-Object","cRSA","5",0.344300366007785,19
"BiT-Expert-ResNet-V2-Object_bit_expert","BiT-Expert-ResNet-V2-Object","cRSA","7",0.329930158304363,65
"BiT-Expert-ResNet-V2-Object_bit_expert","BiT-Expert-ResNet-V2-Object","cRSA","7",0.329930158304363,8
"BiT-Expert-ResNet-V2-Object_bit_expert","BiT-Expert-ResNet-V2-Object","cRSA","7",0.329930158304363,19
"BiT-Expert-ResNet-V2-Relation_bit_expert","BiT-Expert-ResNet-V2-Relation","cRSA","1",0.354090923118904,46
"BiT-Expert-ResNet-V2-Relation_bit_expert","BiT-Expert-ResNet-V2-Relation","cRSA","1",0.354090923118904,14
"BiT-Expert-ResNet-V2-Relation_bit_expert","BiT-Expert-ResNet-V2-Relation","cRSA","1",0.354090923118904,30
"BiT-Expert-ResNet-V2-Relation_bit_expert","BiT-Expert-ResNet-V2-Relation","cRSA","2",0.366834702765388,46
"BiT-Expert-ResNet-V2-Relation_bit_expert","BiT-Expert-ResNet-V2-Relation","cRSA","2",0.366834702765388,14
"BiT-Expert-ResNet-V2-Relation_bit_expert","BiT-Expert-ResNet-V2-Relation","cRSA","2",0.366834702765388,30
"BiT-Expert-ResNet-V2-Relation_bit_expert","BiT-Expert-ResNet-V2-Relation","cRSA","5",0.360567081252114,46
"BiT-Expert-ResNet-V2-Relation_bit_expert","BiT-Expert-ResNet-V2-Relation","cRSA","5",0.360567081252114,14
"BiT-Expert-ResNet-V2-Relation_bit_expert","BiT-Expert-ResNet-V2-Relation","cRSA","5",0.360567081252114,30
"BiT-Expert-ResNet-V2-Relation_bit_expert","BiT-Expert-ResNet-V2-Relation","cRSA","7",0.341555222095691,46
"BiT-Expert-ResNet-V2-Relation_bit_expert","BiT-Expert-ResNet-V2-Relation","cRSA","7",0.341555222095691,14
"BiT-Expert-ResNet-V2-Relation_bit_expert","BiT-Expert-ResNet-V2-Relation","cRSA","7",0.341555222095691,30
"BiT-Expert-ResNet-V2-Vehicle_bit_expert","BiT-Expert-ResNet-V2-Vehicle","cRSA","1",0.347183237979405,57
"BiT-Expert-ResNet-V2-Vehicle_bit_expert","BiT-Expert-ResNet-V2-Vehicle","cRSA","1",0.347183237979405,21
"BiT-Expert-ResNet-V2-Vehicle_bit_expert","BiT-Expert-ResNet-V2-Vehicle","cRSA","1",0.347183237979405,38
"BiT-Expert-ResNet-V2-Vehicle_bit_expert","BiT-Expert-ResNet-V2-Vehicle","cRSA","2",0.361396039276872,57
"BiT-Expert-ResNet-V2-Vehicle_bit_expert","BiT-Expert-ResNet-V2-Vehicle","cRSA","2",0.361396039276872,21
"BiT-Expert-ResNet-V2-Vehicle_bit_expert","BiT-Expert-ResNet-V2-Vehicle","cRSA","2",0.361396039276872,38
"BiT-Expert-ResNet-V2-Vehicle_bit_expert","BiT-Expert-ResNet-V2-Vehicle","cRSA","5",0.354146465419955,57
"BiT-Expert-ResNet-V2-Vehicle_bit_expert","BiT-Expert-ResNet-V2-Vehicle","cRSA","5",0.354146465419955,21
"BiT-Expert-ResNet-V2-Vehicle_bit_expert","BiT-Expert-ResNet-V2-Vehicle","cRSA","5",0.354146465419955,38
"BiT-Expert-ResNet-V2-Vehicle_bit_expert","BiT-Expert-ResNet-V2-Vehicle","cRSA","7",0.337672635634011,57
"BiT-Expert-ResNet-V2-Vehicle_bit_expert","BiT-Expert-ResNet-V2-Vehicle","cRSA","7",0.337672635634011,21
"BiT-Expert-ResNet-V2-Vehicle_bit_expert","BiT-Expert-ResNet-V2-Vehicle","cRSA","7",0.337672635634011,38
"class_object_taskonomy","Object Classification","cRSA","1",0.17247986280937,135
"class_object_taskonomy","Object Classification","cRSA","2",0.19608759690345,135
"class_object_taskonomy","Object Classification","cRSA","5",0.202066253257215,135
"class_object_taskonomy","Object Classification","cRSA","7",0.186322929057005,135
"class_scene_taskonomy","Scene Classification","cRSA","1",0.141849096991062,142
"class_scene_taskonomy","Scene Classification","cRSA","1",0.141849096991062,136
"class_scene_taskonomy","Scene Classification","cRSA","2",0.143195626397001,142
"class_scene_taskonomy","Scene Classification","cRSA","2",0.143195626397001,136
"class_scene_taskonomy","Scene Classification","cRSA","5",0.157794842433345,142
"class_scene_taskonomy","Scene Classification","cRSA","5",0.157794842433345,136
"class_scene_taskonomy","Scene Classification","cRSA","7",0.143375069665877,142
"class_scene_taskonomy","Scene Classification","cRSA","7",0.143375069665877,136
"coat_lite_tiny_classification","CoaT-Lite-Tiny","cRSA","1",0.318727166983814,92
"coat_lite_tiny_classification","CoaT-Lite-Tiny","cRSA","1",0.318727166983814,28
"coat_lite_tiny_classification","CoaT-Lite-Tiny","cRSA","1",0.318727166983814,79
"coat_lite_tiny_classification","CoaT-Lite-Tiny","cRSA","2",0.324104506834612,92
"coat_lite_tiny_classification","CoaT-Lite-Tiny","cRSA","2",0.324104506834612,28
"coat_lite_tiny_classification","CoaT-Lite-Tiny","cRSA","2",0.324104506834612,79
"coat_lite_tiny_classification","CoaT-Lite-Tiny","cRSA","5",0.332994412302476,92
"coat_lite_tiny_classification","CoaT-Lite-Tiny","cRSA","5",0.332994412302476,28
"coat_lite_tiny_classification","CoaT-Lite-Tiny","cRSA","5",0.332994412302476,79
"coat_lite_tiny_classification","CoaT-Lite-Tiny","cRSA","7",0.315786410133053,92
"coat_lite_tiny_classification","CoaT-Lite-Tiny","cRSA","7",0.315786410133053,28
"coat_lite_tiny_classification","CoaT-Lite-Tiny","cRSA","7",0.315786410133053,79
"coat_lite_tiny_random","CoaT-Lite-Tiny","cRSA","7",0.0646669905654219,172
"coat_lite_tiny_random","CoaT-Lite-Tiny","cRSA","7",0.0646669905654219,211
"coat_lite_tiny_random","CoaT-Lite-Tiny","cRSA","7",0.0646669905654219,208
"coat_lite_tiny_random","CoaT-Lite-Tiny","cRSA","1",0.0702054890544015,172
"coat_lite_tiny_random","CoaT-Lite-Tiny","cRSA","1",0.0702054890544015,211
"coat_lite_tiny_random","CoaT-Lite-Tiny","cRSA","1",0.0702054890544015,208
"coat_lite_tiny_random","CoaT-Lite-Tiny","cRSA","2",0.0606027206702088,172
"coat_lite_tiny_random","CoaT-Lite-Tiny","cRSA","2",0.0606027206702088,211
"coat_lite_tiny_random","CoaT-Lite-Tiny","cRSA","2",0.0606027206702088,208
"coat_lite_tiny_random","CoaT-Lite-Tiny","cRSA","5",0.0738438851040289,172
"coat_lite_tiny_random","CoaT-Lite-Tiny","cRSA","5",0.0738438851040289,211
"coat_lite_tiny_random","CoaT-Lite-Tiny","cRSA","5",0.0738438851040289,208
"convit_base_classification","ConViT-B","cRSA","1",0.343015090449335,68
"convit_base_classification","ConViT-B","cRSA","1",0.343015090449335,109
"convit_base_classification","ConViT-B","cRSA","1",0.343015090449335,117
"convit_base_classification","ConViT-B","cRSA","2",0.353026891570949,68
"convit_base_classification","ConViT-B","cRSA","2",0.353026891570949,109
"convit_base_classification","ConViT-B","cRSA","2",0.353026891570949,117
"convit_base_classification","ConViT-B","cRSA","5",0.354443961305973,68
"convit_base_classification","ConViT-B","cRSA","5",0.354443961305973,109
"convit_base_classification","ConViT-B","cRSA","5",0.354443961305973,117
"convit_base_classification","ConViT-B","cRSA","7",0.329752561924221,68
"convit_base_classification","ConViT-B","cRSA","7",0.329752561924221,109
"convit_base_classification","ConViT-B","cRSA","7",0.329752561924221,117
"convit_base_random","ConViT-B","cRSA","5",0.0729881335375787,192
"convit_base_random","ConViT-B","cRSA","5",0.0729881335375787,177
"convit_base_random","ConViT-B","cRSA","5",0.0729881335375787,175
"convit_base_random","ConViT-B","cRSA","1",0.0457212922473378,192
"convit_base_random","ConViT-B","cRSA","1",0.0457212922473378,177
"convit_base_random","ConViT-B","cRSA","1",0.0457212922473378,175
"convit_base_random","ConViT-B","cRSA","2",0.0445065615110901,192
"convit_base_random","ConViT-B","cRSA","2",0.0445065615110901,177
"convit_base_random","ConViT-B","cRSA","2",0.0445065615110901,175
"convit_base_random","ConViT-B","cRSA","7",0.0498137472671078,192
"convit_base_random","ConViT-B","cRSA","7",0.0498137472671078,177
"convit_base_random","ConViT-B","cRSA","7",0.0498137472671078,175
"convit_tiny_classification","ConViT-T","cRSA","7",0.281844337618857,117
"convit_tiny_classification","ConViT-T","cRSA","7",0.281844337618857,101
"convit_tiny_classification","ConViT-T","cRSA","7",0.281844337618857,122
"convit_tiny_classification","ConViT-T","cRSA","1",0.296232813323028,117
"convit_tiny_classification","ConViT-T","cRSA","1",0.296232813323028,101
"convit_tiny_classification","ConViT-T","cRSA","1",0.296232813323028,122
"convit_tiny_classification","ConViT-T","cRSA","2",0.278788702178923,117
"convit_tiny_classification","ConViT-T","cRSA","2",0.278788702178923,101
"convit_tiny_classification","ConViT-T","cRSA","2",0.278788702178923,122
"convit_tiny_classification","ConViT-T","cRSA","5",0.289013074983626,117
"convit_tiny_classification","ConViT-T","cRSA","5",0.289013074983626,101
"convit_tiny_classification","ConViT-T","cRSA","5",0.289013074983626,122
"convit_tiny_random","ConViT-T","cRSA","2",0.0576204746561455,169
"convit_tiny_random","ConViT-T","cRSA","2",0.0576204746561455,197
"convit_tiny_random","ConViT-T","cRSA","2",0.0576204746561455,209
"convit_tiny_random","ConViT-T","cRSA","5",0.0733628122923788,169
"convit_tiny_random","ConViT-T","cRSA","5",0.0733628122923788,197
"convit_tiny_random","ConViT-T","cRSA","5",0.0733628122923788,209
"convit_tiny_random","ConViT-T","cRSA","1",0.0745410802897674,169
"convit_tiny_random","ConViT-T","cRSA","1",0.0745410802897674,197
"convit_tiny_random","ConViT-T","cRSA","1",0.0745410802897674,209
"convit_tiny_random","ConViT-T","cRSA","7",0.0695512891025329,169
"convit_tiny_random","ConViT-T","cRSA","7",0.0695512891025329,197
"convit_tiny_random","ConViT-T","cRSA","7",0.0695512891025329,209
"convmixer_768_32_classification","ConvMixer-768-32","cRSA","1",0.32860249300071,70
"convmixer_768_32_classification","ConvMixer-768-32","cRSA","1",0.32860249300071,48
"convmixer_768_32_classification","ConvMixer-768-32","cRSA","1",0.32860249300071,73
"convmixer_768_32_classification","ConvMixer-768-32","cRSA","2",0.349378706387405,70
"convmixer_768_32_classification","ConvMixer-768-32","cRSA","2",0.349378706387405,48
"convmixer_768_32_classification","ConvMixer-768-32","cRSA","2",0.349378706387405,73
"convmixer_768_32_classification","ConvMixer-768-32","cRSA","7",0.332833428225813,70
"convmixer_768_32_classification","ConvMixer-768-32","cRSA","7",0.332833428225813,48
"convmixer_768_32_classification","ConvMixer-768-32","cRSA","7",0.332833428225813,73
"convmixer_768_32_classification","ConvMixer-768-32","cRSA","5",0.358811548842234,70
"convmixer_768_32_classification","ConvMixer-768-32","cRSA","5",0.358811548842234,48
"convmixer_768_32_classification","ConvMixer-768-32","cRSA","5",0.358811548842234,73
"convmixer_768_32_random","ConvMixer-768-32","cRSA","5",0.022704795107314,222
"convmixer_768_32_random","ConvMixer-768-32","cRSA","5",0.022704795107314,218
"convmixer_768_32_random","ConvMixer-768-32","cRSA","5",0.022704795107314,219
"convmixer_768_32_random","ConvMixer-768-32","cRSA","1",0.0188347860820108,222
"convmixer_768_32_random","ConvMixer-768-32","cRSA","1",0.0188347860820108,218
"convmixer_768_32_random","ConvMixer-768-32","cRSA","1",0.0188347860820108,219
"convmixer_768_32_random","ConvMixer-768-32","cRSA","2",0.0139667734138546,222
"convmixer_768_32_random","ConvMixer-768-32","cRSA","2",0.0139667734138546,218
"convmixer_768_32_random","ConvMixer-768-32","cRSA","2",0.0139667734138546,219
"convmixer_768_32_random","ConvMixer-768-32","cRSA","7",0.0127043413446039,222
"convmixer_768_32_random","ConvMixer-768-32","cRSA","7",0.0127043413446039,218
"convmixer_768_32_random","ConvMixer-768-32","cRSA","7",0.0127043413446039,219
"convnext_base_classification","ConvNext-B","cRSA","1",0.295200491224175,109
"convnext_base_classification","ConvNext-B","cRSA","1",0.295200491224175,35
"convnext_base_classification","ConvNext-B","cRSA","1",0.295200491224175,72
"convnext_base_classification","ConvNext-B","cRSA","2",0.301788200624782,109
"convnext_base_classification","ConvNext-B","cRSA","2",0.301788200624782,35
"convnext_base_classification","ConvNext-B","cRSA","2",0.301788200624782,72
"convnext_base_classification","ConvNext-B","cRSA","5",0.305329882868694,109
"convnext_base_classification","ConvNext-B","cRSA","5",0.305329882868694,35
"convnext_base_classification","ConvNext-B","cRSA","5",0.305329882868694,72
"convnext_base_classification","ConvNext-B","cRSA","7",0.291163232108141,109
"convnext_base_classification","ConvNext-B","cRSA","7",0.291163232108141,35
"convnext_base_classification","ConvNext-B","cRSA","7",0.291163232108141,72
"convnext_base_in22k_classification","ConvNext-Base-IN21K","cRSA","1",0.3247939911245,86
"convnext_base_in22k_classification","ConvNext-Base-IN21K","cRSA","1",0.3247939911245,4
"convnext_base_in22k_classification","ConvNext-Base-IN21K","cRSA","1",0.3247939911245,12
"convnext_base_in22k_classification","ConvNext-Base-IN21K","cRSA","2",0.332468010215607,86
"convnext_base_in22k_classification","ConvNext-Base-IN21K","cRSA","2",0.332468010215607,4
"convnext_base_in22k_classification","ConvNext-Base-IN21K","cRSA","2",0.332468010215607,12
"convnext_base_in22k_classification","ConvNext-Base-IN21K","cRSA","5",0.339883998150757,86
"convnext_base_in22k_classification","ConvNext-Base-IN21K","cRSA","5",0.339883998150757,4
"convnext_base_in22k_classification","ConvNext-Base-IN21K","cRSA","5",0.339883998150757,12
"convnext_base_in22k_classification","ConvNext-Base-IN21K","cRSA","7",0.322565229418718,86
"convnext_base_in22k_classification","ConvNext-Base-IN21K","cRSA","7",0.322565229418718,4
"convnext_base_in22k_classification","ConvNext-Base-IN21K","cRSA","7",0.322565229418718,12
"convnext_base_random","ConvNext-B","cRSA","2",0.0647384990268888,163
"convnext_base_random","ConvNext-B","cRSA","2",0.0647384990268888,201
"convnext_base_random","ConvNext-B","cRSA","2",0.0647384990268888,200
"convnext_base_random","ConvNext-B","cRSA","1",0.0766109863062613,163
"convnext_base_random","ConvNext-B","cRSA","1",0.0766109863062613,201
"convnext_base_random","ConvNext-B","cRSA","1",0.0766109863062613,200
"convnext_base_random","ConvNext-B","cRSA","5",0.0758741461298187,163
"convnext_base_random","ConvNext-B","cRSA","5",0.0758741461298187,201
"convnext_base_random","ConvNext-B","cRSA","5",0.0758741461298187,200
"convnext_base_random","ConvNext-B","cRSA","7",0.0717167387684934,163
"convnext_base_random","ConvNext-B","cRSA","7",0.0717167387684934,201
"convnext_base_random","ConvNext-B","cRSA","7",0.0717167387684934,200
"convnext_large_classification","ConvNext-L","cRSA","1",0.247228954809176,130
"convnext_large_classification","ConvNext-L","cRSA","1",0.247228954809176,68
"convnext_large_classification","ConvNext-L","cRSA","1",0.247228954809176,108
"convnext_large_classification","ConvNext-L","cRSA","2",0.247658552299862,130
"convnext_large_classification","ConvNext-L","cRSA","2",0.247658552299862,68
"convnext_large_classification","ConvNext-L","cRSA","2",0.247658552299862,108
"convnext_large_classification","ConvNext-L","cRSA","5",0.23803315139362,130
"convnext_large_classification","ConvNext-L","cRSA","5",0.23803315139362,68
"convnext_large_classification","ConvNext-L","cRSA","5",0.23803315139362,108
"convnext_large_classification","ConvNext-L","cRSA","7",0.23967578116477,130
"convnext_large_classification","ConvNext-L","cRSA","7",0.23967578116477,68
"convnext_large_classification","ConvNext-L","cRSA","7",0.23967578116477,108
"convnext_large_in22k_classification","ConvNext-Large-IN21K","cRSA","2",0.351309848867916,50
"convnext_large_in22k_classification","ConvNext-Large-IN21K","cRSA","2",0.351309848867916,3
"convnext_large_in22k_classification","ConvNext-Large-IN21K","cRSA","2",0.351309848867916,8
"convnext_large_in22k_classification","ConvNext-Large-IN21K","cRSA","5",0.359218885971973,50
"convnext_large_in22k_classification","ConvNext-Large-IN21K","cRSA","5",0.359218885971973,3
"convnext_large_in22k_classification","ConvNext-Large-IN21K","cRSA","5",0.359218885971973,8
"convnext_large_in22k_classification","ConvNext-Large-IN21K","cRSA","1",0.352570239945704,50
"convnext_large_in22k_classification","ConvNext-Large-IN21K","cRSA","1",0.352570239945704,3
"convnext_large_in22k_classification","ConvNext-Large-IN21K","cRSA","1",0.352570239945704,8
"convnext_large_in22k_classification","ConvNext-Large-IN21K","cRSA","7",0.349138753842946,50
"convnext_large_in22k_classification","ConvNext-Large-IN21K","cRSA","7",0.349138753842946,3
"convnext_large_in22k_classification","ConvNext-Large-IN21K","cRSA","7",0.349138753842946,8
"convnext_large_random","ConvNext-L","cRSA","1",0.0776537669735208,161
"convnext_large_random","ConvNext-L","cRSA","1",0.0776537669735208,205
"convnext_large_random","ConvNext-L","cRSA","1",0.0776537669735208,192
"convnext_large_random","ConvNext-L","cRSA","2",0.0655748937462829,161
"convnext_large_random","ConvNext-L","cRSA","2",0.0655748937462829,205
"convnext_large_random","ConvNext-L","cRSA","2",0.0655748937462829,192
"convnext_large_random","ConvNext-L","cRSA","5",0.0769919530518785,161
"convnext_large_random","ConvNext-L","cRSA","5",0.0769919530518785,205
"convnext_large_random","ConvNext-L","cRSA","5",0.0769919530518785,192
"convnext_large_random","ConvNext-L","cRSA","7",0.0738704568554526,161
"convnext_large_random","ConvNext-L","cRSA","7",0.0738704568554526,205
"convnext_large_random","ConvNext-L","cRSA","7",0.0738704568554526,192
"crossvit_base_240_classification","CrossViT-B","cRSA","1",0.316919711114183,102
"crossvit_base_240_classification","CrossViT-B","cRSA","1",0.316919711114183,114
"crossvit_base_240_classification","CrossViT-B","cRSA","1",0.316919711114183,106
"crossvit_base_240_classification","CrossViT-B","cRSA","7",0.304041761992953,102
"crossvit_base_240_classification","CrossViT-B","cRSA","7",0.304041761992953,114
"crossvit_base_240_classification","CrossViT-B","cRSA","7",0.304041761992953,106
"crossvit_base_240_classification","CrossViT-B","cRSA","2",0.310821960754933,102
"crossvit_base_240_classification","CrossViT-B","cRSA","2",0.310821960754933,114
"crossvit_base_240_classification","CrossViT-B","cRSA","2",0.310821960754933,106
"crossvit_base_240_classification","CrossViT-B","cRSA","5",0.32736948924311,102
"crossvit_base_240_classification","CrossViT-B","cRSA","5",0.32736948924311,114
"crossvit_base_240_classification","CrossViT-B","cRSA","5",0.32736948924311,106
"crossvit_base_240_random","CrossViT-B","cRSA","1",0.0534771284510077,193
"crossvit_base_240_random","CrossViT-B","cRSA","1",0.0534771284510077,199
"crossvit_base_240_random","CrossViT-B","cRSA","1",0.0534771284510077,203
"crossvit_base_240_random","CrossViT-B","cRSA","2",0.0522304010680901,193
"crossvit_base_240_random","CrossViT-B","cRSA","2",0.0522304010680901,199
"crossvit_base_240_random","CrossViT-B","cRSA","2",0.0522304010680901,203
"crossvit_base_240_random","CrossViT-B","cRSA","5",0.0575753526248674,193
"crossvit_base_240_random","CrossViT-B","cRSA","5",0.0575753526248674,199
"crossvit_base_240_random","CrossViT-B","cRSA","5",0.0575753526248674,203
"crossvit_base_240_random","CrossViT-B","cRSA","7",0.0495241197210658,193
"crossvit_base_240_random","CrossViT-B","cRSA","7",0.0495241197210658,199
"crossvit_base_240_random","CrossViT-B","cRSA","7",0.0495241197210658,203
"cspresnet50_classification","CSP-ResNet50","cRSA","1",0.396028960916897,13
"cspresnet50_classification","CSP-ResNet50","cRSA","1",0.396028960916897,23
"cspresnet50_classification","CSP-ResNet50","cRSA","1",0.396028960916897,67
"cspresnet50_classification","CSP-ResNet50","cRSA","2",0.412936023362387,13
"cspresnet50_classification","CSP-ResNet50","cRSA","2",0.412936023362387,23
"cspresnet50_classification","CSP-ResNet50","cRSA","2",0.412936023362387,67
"cspresnet50_classification","CSP-ResNet50","cRSA","5",0.410958434105047,13
"cspresnet50_classification","CSP-ResNet50","cRSA","5",0.410958434105047,23
"cspresnet50_classification","CSP-ResNet50","cRSA","5",0.410958434105047,67
"cspresnet50_classification","CSP-ResNet50","cRSA","7",0.378783617442283,13
"cspresnet50_classification","CSP-ResNet50","cRSA","7",0.378783617442283,23
"cspresnet50_classification","CSP-ResNet50","cRSA","7",0.378783617442283,67
"cspresnet50_random","CSP-ResNet50","cRSA","2",0.0433108253435793,205
"cspresnet50_random","CSP-ResNet50","cRSA","2",0.0433108253435793,167
"cspresnet50_random","CSP-ResNet50","cRSA","5",0.0481348590341933,205
"cspresnet50_random","CSP-ResNet50","cRSA","5",0.0481348590341933,167
"cspresnet50_random","CSP-ResNet50","cRSA","1",0.0361522771181551,205
"cspresnet50_random","CSP-ResNet50","cRSA","1",0.0361522771181551,167
"cspresnet50_random","CSP-ResNet50","cRSA","7",0.0355363132282995,205
"cspresnet50_random","CSP-ResNet50","cRSA","7",0.0355363132282995,167
"curvature_taskonomy","Curvatures","cRSA","5",0.130152478621806,145
"curvature_taskonomy","Curvatures","cRSA","5",0.130152478621806,147
"curvature_taskonomy","Curvatures","cRSA","5",0.130152478621806,144
"curvature_taskonomy","Curvatures","cRSA","7",0.130300537849433,145
"curvature_taskonomy","Curvatures","cRSA","7",0.130300537849433,147
"curvature_taskonomy","Curvatures","cRSA","7",0.130300537849433,144
"curvature_taskonomy","Curvatures","cRSA","1",0.128710082007411,145
"curvature_taskonomy","Curvatures","cRSA","1",0.128710082007411,147
"curvature_taskonomy","Curvatures","cRSA","1",0.128710082007411,144
"curvature_taskonomy","Curvatures","cRSA","2",0.13849225400296,145
"curvature_taskonomy","Curvatures","cRSA","2",0.13849225400296,147
"curvature_taskonomy","Curvatures","cRSA","2",0.13849225400296,144
"deit_base_patch16_224_classification","DeiT-B-P16-224","cRSA","1",0.308448526807149,106
"deit_base_patch16_224_classification","DeiT-B-P16-224","cRSA","1",0.308448526807149,110
"deit_base_patch16_224_classification","DeiT-B-P16-224","cRSA","1",0.308448526807149,116
"deit_base_patch16_224_classification","DeiT-B-P16-224","cRSA","2",0.31230714321555,106
"deit_base_patch16_224_classification","DeiT-B-P16-224","cRSA","2",0.31230714321555,110
"deit_base_patch16_224_classification","DeiT-B-P16-224","cRSA","2",0.31230714321555,116
"deit_base_patch16_224_classification","DeiT-B-P16-224","cRSA","5",0.322133405226109,106
"deit_base_patch16_224_classification","DeiT-B-P16-224","cRSA","5",0.322133405226109,110
"deit_base_patch16_224_classification","DeiT-B-P16-224","cRSA","5",0.322133405226109,116
"deit_base_patch16_224_classification","DeiT-B-P16-224","cRSA","7",0.294210259653024,106
"deit_base_patch16_224_classification","DeiT-B-P16-224","cRSA","7",0.294210259653024,110
"deit_base_patch16_224_classification","DeiT-B-P16-224","cRSA","7",0.294210259653024,116
"deit_base_patch16_224_random","DeiT-B-P16-224","cRSA","1",0.0486228583057764,190
"deit_base_patch16_224_random","DeiT-B-P16-224","cRSA","1",0.0486228583057764,185
"deit_base_patch16_224_random","DeiT-B-P16-224","cRSA","1",0.0486228583057764,186
"deit_base_patch16_224_random","DeiT-B-P16-224","cRSA","2",0.0506805423812938,190
"deit_base_patch16_224_random","DeiT-B-P16-224","cRSA","2",0.0506805423812938,185
"deit_base_patch16_224_random","DeiT-B-P16-224","cRSA","2",0.0506805423812938,186
"deit_base_patch16_224_random","DeiT-B-P16-224","cRSA","5",0.067330780426457,190
"deit_base_patch16_224_random","DeiT-B-P16-224","cRSA","5",0.067330780426457,185
"deit_base_patch16_224_random","DeiT-B-P16-224","cRSA","5",0.067330780426457,186
"deit_base_patch16_224_random","DeiT-B-P16-224","cRSA","7",0.0515110131932193,190
"deit_base_patch16_224_random","DeiT-B-P16-224","cRSA","7",0.0515110131932193,185
"deit_base_patch16_224_random","DeiT-B-P16-224","cRSA","7",0.0515110131932193,186
"denoising_taskonomy","Denoising","cRSA","1",0.0644323263282379,180
"denoising_taskonomy","Denoising","cRSA","1",0.0644323263282379,189
"denoising_taskonomy","Denoising","cRSA","1",0.0644323263282379,161
"denoising_taskonomy","Denoising","cRSA","2",0.0547475968291475,180
"denoising_taskonomy","Denoising","cRSA","2",0.0547475968291475,189
"denoising_taskonomy","Denoising","cRSA","2",0.0547475968291475,161
"denoising_taskonomy","Denoising","cRSA","5",0.067399772504334,180
"denoising_taskonomy","Denoising","cRSA","5",0.067399772504334,189
"denoising_taskonomy","Denoising","cRSA","5",0.067399772504334,161
"denoising_taskonomy","Denoising","cRSA","7",0.0592623827242431,180
"denoising_taskonomy","Denoising","cRSA","7",0.0592623827242431,189
"denoising_taskonomy","Denoising","cRSA","7",0.0592623827242431,161
"densenet121_classification","DenseNet121","cRSA","1",0.373566382755989,26
"densenet121_classification","DenseNet121","cRSA","1",0.373566382755989,49
"densenet121_classification","DenseNet121","cRSA","1",0.373566382755989,86
"densenet121_classification","DenseNet121","cRSA","2",0.374989998644328,26
"densenet121_classification","DenseNet121","cRSA","2",0.374989998644328,49
"densenet121_classification","DenseNet121","cRSA","2",0.374989998644328,86
"densenet121_classification","DenseNet121","cRSA","7",0.348048218575296,26
"densenet121_classification","DenseNet121","cRSA","7",0.348048218575296,49
"densenet121_classification","DenseNet121","cRSA","7",0.348048218575296,86
"densenet121_classification","DenseNet121","cRSA","5",0.378646517771673,26
"densenet121_classification","DenseNet121","cRSA","5",0.378646517771673,49
"densenet121_classification","DenseNet121","cRSA","5",0.378646517771673,86
"densenet121_random","DenseNet121","cRSA","1",0.060676055014532,187
"densenet121_random","DenseNet121","cRSA","1",0.060676055014532,157
"densenet121_random","DenseNet121","cRSA","1",0.060676055014532,166
"densenet121_random","DenseNet121","cRSA","2",0.0435784543518926,187
"densenet121_random","DenseNet121","cRSA","2",0.0435784543518926,157
"densenet121_random","DenseNet121","cRSA","2",0.0435784543518926,166
"densenet121_random","DenseNet121","cRSA","5",0.058176163331398,187
"densenet121_random","DenseNet121","cRSA","5",0.058176163331398,157
"densenet121_random","DenseNet121","cRSA","5",0.058176163331398,166
"densenet121_random","DenseNet121","cRSA","7",0.0643241292250539,187
"densenet121_random","DenseNet121","cRSA","7",0.0643241292250539,157
"densenet121_random","DenseNet121","cRSA","7",0.0643241292250539,166
"depth_euclidean_taskonomy","Euclidean Depth","cRSA","1",0.164880585417773,136
"depth_euclidean_taskonomy","Euclidean Depth","cRSA","1",0.164880585417773,140
"depth_euclidean_taskonomy","Euclidean Depth","cRSA","1",0.164880585417773,138
"depth_euclidean_taskonomy","Euclidean Depth","cRSA","2",0.172254839008399,136
"depth_euclidean_taskonomy","Euclidean Depth","cRSA","2",0.172254839008399,140
"depth_euclidean_taskonomy","Euclidean Depth","cRSA","2",0.172254839008399,138
"depth_euclidean_taskonomy","Euclidean Depth","cRSA","5",0.180179725507269,136
"depth_euclidean_taskonomy","Euclidean Depth","cRSA","5",0.180179725507269,140
"depth_euclidean_taskonomy","Euclidean Depth","cRSA","5",0.180179725507269,138
"depth_euclidean_taskonomy","Euclidean Depth","cRSA","7",0.175978288527107,136
"depth_euclidean_taskonomy","Euclidean Depth","cRSA","7",0.175978288527107,140
"depth_euclidean_taskonomy","Euclidean Depth","cRSA","7",0.175978288527107,138
"depth_zbuffer_taskonomy","Z-Buffer Depth","cRSA","1",0.127058499749042,146
"depth_zbuffer_taskonomy","Z-Buffer Depth","cRSA","1",0.127058499749042,143
"depth_zbuffer_taskonomy","Z-Buffer Depth","cRSA","1",0.127058499749042,142
"depth_zbuffer_taskonomy","Z-Buffer Depth","cRSA","5",0.134381967807397,146
"depth_zbuffer_taskonomy","Z-Buffer Depth","cRSA","5",0.134381967807397,143
"depth_zbuffer_taskonomy","Z-Buffer Depth","cRSA","5",0.134381967807397,142
"depth_zbuffer_taskonomy","Z-Buffer Depth","cRSA","7",0.126941700784067,146
"depth_zbuffer_taskonomy","Z-Buffer Depth","cRSA","7",0.126941700784067,143
"depth_zbuffer_taskonomy","Z-Buffer Depth","cRSA","7",0.126941700784067,142
"depth_zbuffer_taskonomy","Z-Buffer Depth","cRSA","2",0.138798032641742,146
"depth_zbuffer_taskonomy","Z-Buffer Depth","cRSA","2",0.138798032641742,143
"depth_zbuffer_taskonomy","Z-Buffer Depth","cRSA","2",0.138798032641742,142
"dino_resnet50_selfsupervised","Dino-ResNet50","cRSA","2",0.357674145625531,39
"dino_resnet50_selfsupervised","Dino-ResNet50","cRSA","2",0.357674145625531,37
"dino_resnet50_selfsupervised","Dino-ResNet50","cRSA","2",0.357674145625531,48
"dino_resnet50_selfsupervised","Dino-ResNet50","cRSA","5",0.358854135783277,39
"dino_resnet50_selfsupervised","Dino-ResNet50","cRSA","5",0.358854135783277,37
"dino_resnet50_selfsupervised","Dino-ResNet50","cRSA","5",0.358854135783277,48
"dino_resnet50_selfsupervised","Dino-ResNet50","cRSA","7",0.356159719103763,39
"dino_resnet50_selfsupervised","Dino-ResNet50","cRSA","7",0.356159719103763,37
"dino_resnet50_selfsupervised","Dino-ResNet50","cRSA","7",0.356159719103763,48
"dino_resnet50_selfsupervised","Dino-ResNet50","cRSA","1",0.359859484699004,39
"dino_resnet50_selfsupervised","Dino-ResNet50","cRSA","1",0.359859484699004,37
"dino_resnet50_selfsupervised","Dino-ResNet50","cRSA","1",0.359859484699004,48
"dino_vitb16_selfsupervised","Dino-VIT-B16","cRSA","1",0.32207009737196,85
"dino_vitb16_selfsupervised","Dino-VIT-B16","cRSA","1",0.32207009737196,104
"dino_vitb16_selfsupervised","Dino-VIT-B16","cRSA","1",0.32207009737196,54
"dino_vitb16_selfsupervised","Dino-VIT-B16","cRSA","2",0.32785427086309,85
"dino_vitb16_selfsupervised","Dino-VIT-B16","cRSA","2",0.32785427086309,104
"dino_vitb16_selfsupervised","Dino-VIT-B16","cRSA","2",0.32785427086309,54
"dino_vitb16_selfsupervised","Dino-VIT-B16","cRSA","5",0.353978860761361,85
"dino_vitb16_selfsupervised","Dino-VIT-B16","cRSA","5",0.353978860761361,104
"dino_vitb16_selfsupervised","Dino-VIT-B16","cRSA","5",0.353978860761361,54
"dino_vitb16_selfsupervised","Dino-VIT-B16","cRSA","7",0.318127767730692,85
"dino_vitb16_selfsupervised","Dino-VIT-B16","cRSA","7",0.318127767730692,104
"dino_vitb16_selfsupervised","Dino-VIT-B16","cRSA","7",0.318127767730692,54
"dla34_classification","DLA34","cRSA","1",0.357585517937047,38
"dla34_classification","DLA34","cRSA","1",0.357585517937047,77
"dla34_classification","DLA34","cRSA","1",0.357585517937047,92
"dla34_classification","DLA34","cRSA","2",0.369286349579634,38
"dla34_classification","DLA34","cRSA","2",0.369286349579634,77
"dla34_classification","DLA34","cRSA","2",0.369286349579634,92
"dla34_classification","DLA34","cRSA","5",0.369581805995319,38
"dla34_classification","DLA34","cRSA","5",0.369581805995319,77
"dla34_classification","DLA34","cRSA","5",0.369581805995319,92
"dla34_classification","DLA34","cRSA","7",0.338580643533372,38
"dla34_classification","DLA34","cRSA","7",0.338580643533372,77
"dla34_classification","DLA34","cRSA","7",0.338580643533372,92
"dla34_random","DLA34","cRSA","1",0.0188341025680097,221
"dla34_random","DLA34","cRSA","1",0.0188341025680097,212
"dla34_random","DLA34","cRSA","1",0.0188341025680097,173
"dla34_random","DLA34","cRSA","2",0.0206585876088788,221
"dla34_random","DLA34","cRSA","2",0.0206585876088788,212
"dla34_random","DLA34","cRSA","2",0.0206585876088788,173
"dla34_random","DLA34","cRSA","5",0.0166276117463716,221
"dla34_random","DLA34","cRSA","5",0.0166276117463716,212
"dla34_random","DLA34","cRSA","5",0.0166276117463716,173
"dla34_random","DLA34","cRSA","7",0.015771100137328,221
"dla34_random","DLA34","cRSA","7",0.015771100137328,212
"dla34_random","DLA34","cRSA","7",0.015771100137328,173
"DPT_Hybrid_monoculardepth","DPT-Hybrid","cRSA","1",0.266297831393604,127
"DPT_Hybrid_monoculardepth","DPT-Hybrid","cRSA","1",0.266297831393604,118
"DPT_Hybrid_monoculardepth","DPT-Hybrid","cRSA","1",0.266297831393604,125
"DPT_Hybrid_monoculardepth","DPT-Hybrid","cRSA","2",0.268695958036729,127
"DPT_Hybrid_monoculardepth","DPT-Hybrid","cRSA","2",0.268695958036729,118
"DPT_Hybrid_monoculardepth","DPT-Hybrid","cRSA","2",0.268695958036729,125
"DPT_Hybrid_monoculardepth","DPT-Hybrid","cRSA","5",0.262006322642907,127
"DPT_Hybrid_monoculardepth","DPT-Hybrid","cRSA","5",0.262006322642907,118
"DPT_Hybrid_monoculardepth","DPT-Hybrid","cRSA","5",0.262006322642907,125
"DPT_Hybrid_monoculardepth","DPT-Hybrid","cRSA","7",0.264851225783818,127
"DPT_Hybrid_monoculardepth","DPT-Hybrid","cRSA","7",0.264851225783818,118
"DPT_Hybrid_monoculardepth","DPT-Hybrid","cRSA","7",0.264851225783818,125
"eca_nfnet_l0_classification","ECA-NFNeT-L0","cRSA","2",0.363289629745655,11
"eca_nfnet_l0_classification","ECA-NFNeT-L0","cRSA","2",0.363289629745655,50
"eca_nfnet_l0_classification","ECA-NFNeT-L0","cRSA","2",0.363289629745655,57
"eca_nfnet_l0_classification","ECA-NFNeT-L0","cRSA","1",0.402067371287909,11
"eca_nfnet_l0_classification","ECA-NFNeT-L0","cRSA","1",0.402067371287909,50
"eca_nfnet_l0_classification","ECA-NFNeT-L0","cRSA","1",0.402067371287909,57
"eca_nfnet_l0_classification","ECA-NFNeT-L0","cRSA","5",0.444960642079094,11
"eca_nfnet_l0_classification","ECA-NFNeT-L0","cRSA","5",0.444960642079094,50
"eca_nfnet_l0_classification","ECA-NFNeT-L0","cRSA","5",0.444960642079094,57
"eca_nfnet_l0_classification","ECA-NFNeT-L0","cRSA","7",0.393507027077792,11
"eca_nfnet_l0_classification","ECA-NFNeT-L0","cRSA","7",0.393507027077792,50
"eca_nfnet_l0_classification","ECA-NFNeT-L0","cRSA","7",0.393507027077792,57
"eca_nfnet_l0_random","ECA-NFNeT-L0","cRSA","7",0.0681579596229334,173
"eca_nfnet_l0_random","ECA-NFNeT-L0","cRSA","7",0.0681579596229334,215
"eca_nfnet_l0_random","ECA-NFNeT-L0","cRSA","7",0.0681579596229334,191
"eca_nfnet_l0_random","ECA-NFNeT-L0","cRSA","1",0.0719771391381067,173
"eca_nfnet_l0_random","ECA-NFNeT-L0","cRSA","1",0.0719771391381067,215
"eca_nfnet_l0_random","ECA-NFNeT-L0","cRSA","1",0.0719771391381067,191
"eca_nfnet_l0_random","ECA-NFNeT-L0","cRSA","2",0.0613116385476111,173
"eca_nfnet_l0_random","ECA-NFNeT-L0","cRSA","2",0.0613116385476111,215
"eca_nfnet_l0_random","ECA-NFNeT-L0","cRSA","2",0.0613116385476111,191
"eca_nfnet_l0_random","ECA-NFNeT-L0","cRSA","5",0.0667503111095547,173
"eca_nfnet_l0_random","ECA-NFNeT-L0","cRSA","5",0.0667503111095547,215
"eca_nfnet_l0_random","ECA-NFNeT-L0","cRSA","5",0.0667503111095547,191
"edge_occlusion_taskonomy","Occlusion Edges","cRSA","2",0.160108624822571,139
"edge_occlusion_taskonomy","Occlusion Edges","cRSA","2",0.160108624822571,140
"edge_occlusion_taskonomy","Occlusion Edges","cRSA","5",0.170998404990858,139
"edge_occlusion_taskonomy","Occlusion Edges","cRSA","5",0.170998404990858,140
"edge_occlusion_taskonomy","Occlusion Edges","cRSA","7",0.15493657492493,139
"edge_occlusion_taskonomy","Occlusion Edges","cRSA","7",0.15493657492493,140
"edge_occlusion_taskonomy","Occlusion Edges","cRSA","1",0.161010562499583,139
"edge_occlusion_taskonomy","Occlusion Edges","cRSA","1",0.161010562499583,140
"edge_texture_taskonomy","Texture Edges","cRSA","1",0.0687411305627702,177
"edge_texture_taskonomy","Texture Edges","cRSA","1",0.0687411305627702,222
"edge_texture_taskonomy","Texture Edges","cRSA","1",0.0687411305627702,156
"edge_texture_taskonomy","Texture Edges","cRSA","5",0.0509887925062109,177
"edge_texture_taskonomy","Texture Edges","cRSA","5",0.0509887925062109,222
"edge_texture_taskonomy","Texture Edges","cRSA","5",0.0509887925062109,156
"edge_texture_taskonomy","Texture Edges","cRSA","7",0.0703297984816995,177
"edge_texture_taskonomy","Texture Edges","cRSA","7",0.0703297984816995,222
"edge_texture_taskonomy","Texture Edges","cRSA","7",0.0703297984816995,156
"edge_texture_taskonomy","Texture Edges","cRSA","2",0.0630238579431022,177
"edge_texture_taskonomy","Texture Edges","cRSA","2",0.0630238579431022,222
"edge_texture_taskonomy","Texture Edges","cRSA","2",0.0630238579431022,156
"efficientnet_b1_classification","EfficientNet-B1","cRSA","1",0.420319796568483,4
"efficientnet_b1_classification","EfficientNet-B1","cRSA","1",0.420319796568483,65
"efficientnet_b1_classification","EfficientNet-B1","cRSA","1",0.420319796568483,34
"efficientnet_b1_classification","EfficientNet-B1","cRSA","2",0.435412717334274,4
"efficientnet_b1_classification","EfficientNet-B1","cRSA","2",0.435412717334274,65
"efficientnet_b1_classification","EfficientNet-B1","cRSA","2",0.435412717334274,34
"efficientnet_b1_classification","EfficientNet-B1","cRSA","5",0.450258898754139,4
"efficientnet_b1_classification","EfficientNet-B1","cRSA","5",0.450258898754139,65
"efficientnet_b1_classification","EfficientNet-B1","cRSA","5",0.450258898754139,34
"efficientnet_b1_classification","EfficientNet-B1","cRSA","7",0.383489743682111,4
"efficientnet_b1_classification","EfficientNet-B1","cRSA","7",0.383489743682111,65
"efficientnet_b1_classification","EfficientNet-B1","cRSA","7",0.383489743682111,34
"efficientnet_b1_random","EfficientNet-B1","cRSA","1",0.0487072029994995,200
"efficientnet_b1_random","EfficientNet-B1","cRSA","1",0.0487072029994995,219
"efficientnet_b1_random","EfficientNet-B1","cRSA","1",0.0487072029994995,218
"efficientnet_b1_random","EfficientNet-B1","cRSA","2",0.0454871113571,200
"efficientnet_b1_random","EfficientNet-B1","cRSA","2",0.0454871113571,219
"efficientnet_b1_random","EfficientNet-B1","cRSA","2",0.0454871113571,218
"efficientnet_b1_random","EfficientNet-B1","cRSA","5",0.0465038987203619,200
"efficientnet_b1_random","EfficientNet-B1","cRSA","5",0.0465038987203619,219
"efficientnet_b1_random","EfficientNet-B1","cRSA","5",0.0465038987203619,218
"efficientnet_b1_random","EfficientNet-B1","cRSA","7",0.0534828042025644,200
"efficientnet_b1_random","EfficientNet-B1","cRSA","7",0.0534828042025644,219
"efficientnet_b1_random","EfficientNet-B1","cRSA","7",0.0534828042025644,218
"efficientnet_b3_classification","EfficientNet-B3","cRSA","1",0.425457873005272,2
"efficientnet_b3_classification","EfficientNet-B3","cRSA","1",0.425457873005272,62
"efficientnet_b3_classification","EfficientNet-B3","cRSA","1",0.425457873005272,59
"efficientnet_b3_classification","EfficientNet-B3","cRSA","2",0.438872093892364,2
"efficientnet_b3_classification","EfficientNet-B3","cRSA","2",0.438872093892364,62
"efficientnet_b3_classification","EfficientNet-B3","cRSA","2",0.438872093892364,59
"efficientnet_b3_classification","EfficientNet-B3","cRSA","5",0.46041871039468,2
"efficientnet_b3_classification","EfficientNet-B3","cRSA","5",0.46041871039468,62
"efficientnet_b3_classification","EfficientNet-B3","cRSA","5",0.46041871039468,59
"efficientnet_b3_classification","EfficientNet-B3","cRSA","7",0.397582713973944,2
"efficientnet_b3_classification","EfficientNet-B3","cRSA","7",0.397582713973944,62
"efficientnet_b3_classification","EfficientNet-B3","cRSA","7",0.397582713973944,59
"efficientnet_b3_random","EfficientNet-B3","cRSA","2",0.0699389271079437,157
"efficientnet_b3_random","EfficientNet-B3","cRSA","2",0.0699389271079437,206
"efficientnet_b3_random","EfficientNet-B3","cRSA","2",0.0699389271079437,199
"efficientnet_b3_random","EfficientNet-B3","cRSA","5",0.0785912329622389,157
"efficientnet_b3_random","EfficientNet-B3","cRSA","5",0.0785912329622389,206
"efficientnet_b3_random","EfficientNet-B3","cRSA","5",0.0785912329622389,199
"efficientnet_b3_random","EfficientNet-B3","cRSA","7",0.080863908035746,157
"efficientnet_b3_random","EfficientNet-B3","cRSA","7",0.080863908035746,206
"efficientnet_b3_random","EfficientNet-B3","cRSA","7",0.080863908035746,199
"efficientnet_b3_random","EfficientNet-B3","cRSA","1",0.0811087535684516,157
"efficientnet_b3_random","EfficientNet-B3","cRSA","1",0.0811087535684516,206
"efficientnet_b3_random","EfficientNet-B3","cRSA","1",0.0811087535684516,199
"egomotion_taskonomy","Egomotion","cRSA","2",0.0789495998312948,153
"egomotion_taskonomy","Egomotion","cRSA","2",0.0789495998312948,152
"egomotion_taskonomy","Egomotion","cRSA","2",0.0789495998312948,151
"egomotion_taskonomy","Egomotion","cRSA","5",0.0912730995596825,153
"egomotion_taskonomy","Egomotion","cRSA","5",0.0912730995596825,152
"egomotion_taskonomy","Egomotion","cRSA","5",0.0912730995596825,151
"egomotion_taskonomy","Egomotion","cRSA","1",0.0889559488497313,153
"egomotion_taskonomy","Egomotion","cRSA","1",0.0889559488497313,152
"egomotion_taskonomy","Egomotion","cRSA","1",0.0889559488497313,151
"egomotion_taskonomy","Egomotion","cRSA","7",0.0903574898120972,153
"egomotion_taskonomy","Egomotion","cRSA","7",0.0903574898120972,152
"egomotion_taskonomy","Egomotion","cRSA","7",0.0903574898120972,151
"faster_rcnn_R_50_FPN_3x_detection","Faster-RCNN-ResNet50-FPN","cRSA","2",0.38094970077241,23
"faster_rcnn_R_50_FPN_3x_detection","Faster-RCNN-ResNet50-FPN","cRSA","2",0.38094970077241,73
"faster_rcnn_R_50_FPN_3x_detection","Faster-RCNN-ResNet50-FPN","cRSA","2",0.38094970077241,70
"faster_rcnn_R_50_FPN_3x_detection","Faster-RCNN-ResNet50-FPN","cRSA","5",0.378460228437659,23
"faster_rcnn_R_50_FPN_3x_detection","Faster-RCNN-ResNet50-FPN","cRSA","5",0.378460228437659,73
"faster_rcnn_R_50_FPN_3x_detection","Faster-RCNN-ResNet50-FPN","cRSA","5",0.378460228437659,70
"faster_rcnn_R_50_FPN_3x_detection","Faster-RCNN-ResNet50-FPN","cRSA","7",0.356138071951891,23
"faster_rcnn_R_50_FPN_3x_detection","Faster-RCNN-ResNet50-FPN","cRSA","7",0.356138071951891,73
"faster_rcnn_R_50_FPN_3x_detection","Faster-RCNN-ResNet50-FPN","cRSA","7",0.356138071951891,70
"faster_rcnn_R_50_FPN_3x_detection","Faster-RCNN-ResNet50-FPN","cRSA","1",0.366001706234065,23
"faster_rcnn_R_50_FPN_3x_detection","Faster-RCNN-ResNet50-FPN","cRSA","1",0.366001706234065,73
"faster_rcnn_R_50_FPN_3x_detection","Faster-RCNN-ResNet50-FPN","cRSA","1",0.366001706234065,70
"fixated_pose_taskonomy","Camera Pose (Fixated)","cRSA","1",0.106456806497491,148
"fixated_pose_taskonomy","Camera Pose (Fixated)","cRSA","1",0.106456806497491,149
"fixated_pose_taskonomy","Camera Pose (Fixated)","cRSA","2",0.0884818680848499,148
"fixated_pose_taskonomy","Camera Pose (Fixated)","cRSA","2",0.0884818680848499,149
"fixated_pose_taskonomy","Camera Pose (Fixated)","cRSA","5",0.103123074170248,148
"fixated_pose_taskonomy","Camera Pose (Fixated)","cRSA","5",0.103123074170248,149
"fixated_pose_taskonomy","Camera Pose (Fixated)","cRSA","7",0.0976431825333365,148
"fixated_pose_taskonomy","Camera Pose (Fixated)","cRSA","7",0.0976431825333365,149
"ghostnet_100_classification","GhostNet100","cRSA","2",0.400622397500626,14
"ghostnet_100_classification","GhostNet100","cRSA","2",0.400622397500626,72
"ghostnet_100_classification","GhostNet100","cRSA","2",0.400622397500626,71
"ghostnet_100_classification","GhostNet100","cRSA","5",0.423444856646278,14
"ghostnet_100_classification","GhostNet100","cRSA","5",0.423444856646278,72
"ghostnet_100_classification","GhostNet100","cRSA","5",0.423444856646278,71
"ghostnet_100_classification","GhostNet100","cRSA","7",0.370959249456358,14
"ghostnet_100_classification","GhostNet100","cRSA","7",0.370959249456358,72
"ghostnet_100_classification","GhostNet100","cRSA","7",0.370959249456358,71
"ghostnet_100_classification","GhostNet100","cRSA","1",0.399053860400128,14
"ghostnet_100_classification","GhostNet100","cRSA","1",0.399053860400128,72
"ghostnet_100_classification","GhostNet100","cRSA","1",0.399053860400128,71
"ghostnet_100_random","GhostNet100","cRSA","1",0.0378421679321438,212
"ghostnet_100_random","GhostNet100","cRSA","1",0.0378421679321438,182
"ghostnet_100_random","GhostNet100","cRSA","2",0.0345005584345993,212
"ghostnet_100_random","GhostNet100","cRSA","2",0.0345005584345993,182
"ghostnet_100_random","GhostNet100","cRSA","5",0.038593898042108,212
"ghostnet_100_random","GhostNet100","cRSA","5",0.038593898042108,182
"ghostnet_100_random","GhostNet100","cRSA","7",0.0373771322483995,212
"ghostnet_100_random","GhostNet100","cRSA","7",0.0373771322483995,182
"gmixer_24_224_classification","GMixer-24","cRSA","1",0.343716208332692,69
"gmixer_24_224_classification","GMixer-24","cRSA","1",0.343716208332692,43
"gmixer_24_224_classification","GMixer-24","cRSA","1",0.343716208332692,55
"gmixer_24_224_classification","GMixer-24","cRSA","2",0.351204439085185,69
"gmixer_24_224_classification","GMixer-24","cRSA","2",0.351204439085185,43
"gmixer_24_224_classification","GMixer-24","cRSA","2",0.351204439085185,55
"gmixer_24_224_classification","GMixer-24","cRSA","5",0.3505353834849,69
"gmixer_24_224_classification","GMixer-24","cRSA","5",0.3505353834849,43
"gmixer_24_224_classification","GMixer-24","cRSA","5",0.3505353834849,55
"gmixer_24_224_classification","GMixer-24","cRSA","7",0.329096280095714,69
"gmixer_24_224_classification","GMixer-24","cRSA","7",0.329096280095714,43
"gmixer_24_224_classification","GMixer-24","cRSA","7",0.329096280095714,55
"gmixer_24_224_random","GMixer-24","cRSA","1",0.0744921279561316,162
"gmixer_24_224_random","GMixer-24","cRSA","1",0.0744921279561316,214
"gmixer_24_224_random","GMixer-24","cRSA","1",0.0744921279561316,220
"gmixer_24_224_random","GMixer-24","cRSA","2",0.0683822069922304,162
"gmixer_24_224_random","GMixer-24","cRSA","2",0.0683822069922304,214
"gmixer_24_224_random","GMixer-24","cRSA","2",0.0683822069922304,220
"gmixer_24_224_random","GMixer-24","cRSA","7",0.07198849669417,162
"gmixer_24_224_random","GMixer-24","cRSA","7",0.07198849669417,214
"gmixer_24_224_random","GMixer-24","cRSA","7",0.07198849669417,220
"gmixer_24_224_random","GMixer-24","cRSA","5",0.0776651218863447,162
"gmixer_24_224_random","GMixer-24","cRSA","5",0.0776651218863447,214
"gmixer_24_224_random","GMixer-24","cRSA","5",0.0776651218863447,220
"gmlp_s16_224_classification","GMLP-S16","cRSA","1",0.397967387688898,10
"gmlp_s16_224_classification","GMLP-S16","cRSA","1",0.397967387688898,6
"gmlp_s16_224_classification","GMLP-S16","cRSA","1",0.397967387688898,39
"gmlp_s16_224_classification","GMLP-S16","cRSA","2",0.408265945250997,10
"gmlp_s16_224_classification","GMLP-S16","cRSA","2",0.408265945250997,6
"gmlp_s16_224_classification","GMLP-S16","cRSA","2",0.408265945250997,39
"gmlp_s16_224_classification","GMLP-S16","cRSA","5",0.421807325672799,10
"gmlp_s16_224_classification","GMLP-S16","cRSA","5",0.421807325672799,6
"gmlp_s16_224_classification","GMLP-S16","cRSA","5",0.421807325672799,39
"gmlp_s16_224_classification","GMLP-S16","cRSA","7",0.380144827532964,10
"gmlp_s16_224_classification","GMLP-S16","cRSA","7",0.380144827532964,6
"gmlp_s16_224_classification","GMLP-S16","cRSA","7",0.380144827532964,39
"gmlp_s16_224_random","GMLP-S16","cRSA","5",0.0713978452445279,175
"gmlp_s16_224_random","GMLP-S16","cRSA","5",0.0713978452445279,187
"gmlp_s16_224_random","GMLP-S16","cRSA","2",0.0594213791595391,175
"gmlp_s16_224_random","GMLP-S16","cRSA","2",0.0594213791595391,187
"gmlp_s16_224_random","GMLP-S16","cRSA","1",0.0657857632140316,175
"gmlp_s16_224_random","GMLP-S16","cRSA","1",0.0657857632140316,187
"gmlp_s16_224_random","GMLP-S16","cRSA","7",0.0618930542668112,175
"gmlp_s16_224_random","GMLP-S16","cRSA","7",0.0618930542668112,187
"googlenet_classification","GoogleNet","cRSA","1",0.372691126760723,21
"googlenet_classification","GoogleNet","cRSA","1",0.372691126760723,56
"googlenet_classification","GoogleNet","cRSA","1",0.372691126760723,82
"googlenet_classification","GoogleNet","cRSA","2",0.383592952711192,21
"googlenet_classification","GoogleNet","cRSA","2",0.383592952711192,56
"googlenet_classification","GoogleNet","cRSA","2",0.383592952711192,82
"googlenet_classification","GoogleNet","cRSA","5",0.392266722148255,21
"googlenet_classification","GoogleNet","cRSA","5",0.392266722148255,56
"googlenet_classification","GoogleNet","cRSA","5",0.392266722148255,82
"googlenet_classification","GoogleNet","cRSA","7",0.358188657784703,21
"googlenet_classification","GoogleNet","cRSA","7",0.358188657784703,56
"googlenet_classification","GoogleNet","cRSA","7",0.358188657784703,82
"googlenet_random","GoogleNet","cRSA","1",0.060932917558611,188
"googlenet_random","GoogleNet","cRSA","1",0.060932917558611,153
"googlenet_random","GoogleNet","cRSA","1",0.060932917558611,157
"googlenet_random","GoogleNet","cRSA","2",0.0612519344553863,188
"googlenet_random","GoogleNet","cRSA","2",0.0612519344553863,153
"googlenet_random","GoogleNet","cRSA","2",0.0612519344553863,157
"googlenet_random","GoogleNet","cRSA","5",0.0586570648780806,188
"googlenet_random","GoogleNet","cRSA","5",0.0586570648780806,153
"googlenet_random","GoogleNet","cRSA","5",0.0586570648780806,157
"googlenet_random","GoogleNet","cRSA","7",0.0448361124674213,188
"googlenet_random","GoogleNet","cRSA","7",0.0448361124674213,153
"googlenet_random","GoogleNet","cRSA","7",0.0448361124674213,157
"hardcorenas_a_classification","HardCoreNAS-A","cRSA","2",0.42655769134214,5
"hardcorenas_a_classification","HardCoreNAS-A","cRSA","2",0.42655769134214,42
"hardcorenas_a_classification","HardCoreNAS-A","cRSA","2",0.42655769134214,52
"hardcorenas_a_classification","HardCoreNAS-A","cRSA","5",0.445047645628821,5
"hardcorenas_a_classification","HardCoreNAS-A","cRSA","5",0.445047645628821,42
"hardcorenas_a_classification","HardCoreNAS-A","cRSA","5",0.445047645628821,52
"hardcorenas_a_classification","HardCoreNAS-A","cRSA","7",0.395502132113469,5
"hardcorenas_a_classification","HardCoreNAS-A","cRSA","7",0.395502132113469,42
"hardcorenas_a_classification","HardCoreNAS-A","cRSA","7",0.395502132113469,52
"hardcorenas_a_classification","HardCoreNAS-A","cRSA","1",0.420590979822577,5
"hardcorenas_a_classification","HardCoreNAS-A","cRSA","1",0.420590979822577,42
"hardcorenas_a_classification","HardCoreNAS-A","cRSA","1",0.420590979822577,52
"hardcorenas_a_random","HardCoreNAS-A","cRSA","1",0.0301378347404038,218
"hardcorenas_a_random","HardCoreNAS-A","cRSA","1",0.0301378347404038,176
"hardcorenas_a_random","HardCoreNAS-A","cRSA","1",0.0301378347404038,162
"hardcorenas_a_random","HardCoreNAS-A","cRSA","2",0.0233302241075245,218
"hardcorenas_a_random","HardCoreNAS-A","cRSA","2",0.0233302241075245,176
"hardcorenas_a_random","HardCoreNAS-A","cRSA","2",0.0233302241075245,162
"hardcorenas_a_random","HardCoreNAS-A","cRSA","5",0.0331667425999046,218
"hardcorenas_a_random","HardCoreNAS-A","cRSA","5",0.0331667425999046,176
"hardcorenas_a_random","HardCoreNAS-A","cRSA","5",0.0331667425999046,162
"hardcorenas_a_random","HardCoreNAS-A","cRSA","7",0.0271689520464091,218
"hardcorenas_a_random","HardCoreNAS-A","cRSA","7",0.0271689520464091,176
"hardcorenas_a_random","HardCoreNAS-A","cRSA","7",0.0271689520464091,162
"hardcorenas_f_classification","HardCoreNAS-F","cRSA","1",0.422215620602808,1
"hardcorenas_f_classification","HardCoreNAS-F","cRSA","1",0.422215620602808,54
"hardcorenas_f_classification","HardCoreNAS-F","cRSA","1",0.422215620602808,44
"hardcorenas_f_classification","HardCoreNAS-F","cRSA","2",0.440642701027818,1
"hardcorenas_f_classification","HardCoreNAS-F","cRSA","2",0.440642701027818,54
"hardcorenas_f_classification","HardCoreNAS-F","cRSA","2",0.440642701027818,44
"hardcorenas_f_classification","HardCoreNAS-F","cRSA","5",0.470303125903536,1
"hardcorenas_f_classification","HardCoreNAS-F","cRSA","5",0.470303125903536,54
"hardcorenas_f_classification","HardCoreNAS-F","cRSA","5",0.470303125903536,44
"hardcorenas_f_classification","HardCoreNAS-F","cRSA","7",0.408649839625413,1
"hardcorenas_f_classification","HardCoreNAS-F","cRSA","7",0.408649839625413,54
"hardcorenas_f_classification","HardCoreNAS-F","cRSA","7",0.408649839625413,44
"hardcorenas_f_random","HardCoreNAS-F","cRSA","2",0.0282020191766065,220
"hardcorenas_f_random","HardCoreNAS-F","cRSA","2",0.0282020191766065,200
"hardcorenas_f_random","HardCoreNAS-F","cRSA","2",0.0282020191766065,181
"hardcorenas_f_random","HardCoreNAS-F","cRSA","5",0.0276454570199702,220
"hardcorenas_f_random","HardCoreNAS-F","cRSA","5",0.0276454570199702,200
"hardcorenas_f_random","HardCoreNAS-F","cRSA","5",0.0276454570199702,181
"hardcorenas_f_random","HardCoreNAS-F","cRSA","1",0.0261894189674079,220
"hardcorenas_f_random","HardCoreNAS-F","cRSA","1",0.0261894189674079,200
"hardcorenas_f_random","HardCoreNAS-F","cRSA","1",0.0261894189674079,181
"hardcorenas_f_random","HardCoreNAS-F","cRSA","7",0.0134765190372644,220
"hardcorenas_f_random","HardCoreNAS-F","cRSA","7",0.0134765190372644,200
"hardcorenas_f_random","HardCoreNAS-F","cRSA","7",0.0134765190372644,181
"inception_v3_classification","Inception-V3","cRSA","1",0.411289476468701,7
"inception_v3_classification","Inception-V3","cRSA","1",0.411289476468701,86
"inception_v3_classification","Inception-V3","cRSA","1",0.411289476468701,76
"inception_v3_classification","Inception-V3","cRSA","2",0.425805001323295,7
"inception_v3_classification","Inception-V3","cRSA","2",0.425805001323295,86
"inception_v3_classification","Inception-V3","cRSA","2",0.425805001323295,76
"inception_v3_classification","Inception-V3","cRSA","5",0.434049548372486,7
"inception_v3_classification","Inception-V3","cRSA","5",0.434049548372486,86
"inception_v3_classification","Inception-V3","cRSA","5",0.434049548372486,76
"inception_v3_classification","Inception-V3","cRSA","7",0.395337136716131,7
"inception_v3_classification","Inception-V3","cRSA","7",0.395337136716131,86
"inception_v3_classification","Inception-V3","cRSA","7",0.395337136716131,76
"inception_v3_random","Inception-V3","cRSA","2",0.0196875289446116,223
"inception_v3_random","Inception-V3","cRSA","2",0.0196875289446116,164
"inception_v3_random","Inception-V3","cRSA","2",0.0196875289446116,190
"inception_v3_random","Inception-V3","cRSA","1",0.023197284627769,223
"inception_v3_random","Inception-V3","cRSA","1",0.023197284627769,164
"inception_v3_random","Inception-V3","cRSA","1",0.023197284627769,190
"inception_v3_random","Inception-V3","cRSA","5",0.00943512751105656,223
"inception_v3_random","Inception-V3","cRSA","5",0.00943512751105656,164
"inception_v3_random","Inception-V3","cRSA","5",0.00943512751105656,190
"inception_v3_random","Inception-V3","cRSA","7",0.0130354613505379,223
"inception_v3_random","Inception-V3","cRSA","7",0.0130354613505379,164
"inception_v3_random","Inception-V3","cRSA","7",0.0130354613505379,190
"inpainting_taskonomy","Inpainting","cRSA","1",0.0979347529283009,149
"inpainting_taskonomy","Inpainting","cRSA","1",0.0979347529283009,151
"inpainting_taskonomy","Inpainting","cRSA","1",0.0979347529283009,152
"inpainting_taskonomy","Inpainting","cRSA","2",0.0822014170570012,149
"inpainting_taskonomy","Inpainting","cRSA","2",0.0822014170570012,151
"inpainting_taskonomy","Inpainting","cRSA","2",0.0822014170570012,152
"inpainting_taskonomy","Inpainting","cRSA","5",0.100368530430718,149
"inpainting_taskonomy","Inpainting","cRSA","5",0.100368530430718,151
"inpainting_taskonomy","Inpainting","cRSA","5",0.100368530430718,152
"inpainting_taskonomy","Inpainting","cRSA","7",0.0995606344408804,149
"inpainting_taskonomy","Inpainting","cRSA","7",0.0995606344408804,151
"inpainting_taskonomy","Inpainting","cRSA","7",0.0995606344408804,152
"jigsaw_taskonomy","Jigsaw","cRSA","1",0.0525289474831485,179
"jigsaw_taskonomy","Jigsaw","cRSA","1",0.0525289474831485,160
"jigsaw_taskonomy","Jigsaw","cRSA","1",0.0525289474831485,158
"jigsaw_taskonomy","Jigsaw","cRSA","2",0.0705750187786288,179
"jigsaw_taskonomy","Jigsaw","cRSA","2",0.0705750187786288,160
"jigsaw_taskonomy","Jigsaw","cRSA","2",0.0705750187786288,158
"jigsaw_taskonomy","Jigsaw","cRSA","5",0.0685001069644164,179
"jigsaw_taskonomy","Jigsaw","cRSA","5",0.0685001069644164,160
"jigsaw_taskonomy","Jigsaw","cRSA","5",0.0685001069644164,158
"jigsaw_taskonomy","Jigsaw","cRSA","7",0.0565234497353443,179
"jigsaw_taskonomy","Jigsaw","cRSA","7",0.0565234497353443,160
"jigsaw_taskonomy","Jigsaw","cRSA","7",0.0565234497353443,158
"jx_nest_tiny_classification","JX-NesT-Tiny","cRSA","5",0.326825131409838,97
"jx_nest_tiny_classification","JX-NesT-Tiny","cRSA","5",0.326825131409838,52
"jx_nest_tiny_classification","JX-NesT-Tiny","cRSA","5",0.326825131409838,87
"jx_nest_tiny_classification","JX-NesT-Tiny","cRSA","7",0.314754433697332,97
"jx_nest_tiny_classification","JX-NesT-Tiny","cRSA","7",0.314754433697332,52
"jx_nest_tiny_classification","JX-NesT-Tiny","cRSA","7",0.314754433697332,87
"jx_nest_tiny_classification","JX-NesT-Tiny","cRSA","1",0.315092680371177,97
"jx_nest_tiny_classification","JX-NesT-Tiny","cRSA","1",0.315092680371177,52
"jx_nest_tiny_classification","JX-NesT-Tiny","cRSA","1",0.315092680371177,87
"jx_nest_tiny_classification","JX-NesT-Tiny","cRSA","2",0.3206033991954,97
"jx_nest_tiny_classification","JX-NesT-Tiny","cRSA","2",0.3206033991954,52
"jx_nest_tiny_classification","JX-NesT-Tiny","cRSA","2",0.3206033991954,87
"jx_nest_tiny_random","JX-NesT-Tiny","cRSA","7",0.061481181240876,194
"jx_nest_tiny_random","JX-NesT-Tiny","cRSA","7",0.061481181240876,156
"jx_nest_tiny_random","JX-NesT-Tiny","cRSA","7",0.061481181240876,154
"jx_nest_tiny_random","JX-NesT-Tiny","cRSA","1",0.0474744650336725,194
"jx_nest_tiny_random","JX-NesT-Tiny","cRSA","1",0.0474744650336725,156
"jx_nest_tiny_random","JX-NesT-Tiny","cRSA","1",0.0474744650336725,154
"jx_nest_tiny_random","JX-NesT-Tiny","cRSA","2",0.0479995496756484,194
"jx_nest_tiny_random","JX-NesT-Tiny","cRSA","2",0.0479995496756484,156
"jx_nest_tiny_random","JX-NesT-Tiny","cRSA","2",0.0479995496756484,154
"jx_nest_tiny_random","JX-NesT-Tiny","cRSA","5",0.0532871660446764,194
"jx_nest_tiny_random","JX-NesT-Tiny","cRSA","5",0.0532871660446764,156
"jx_nest_tiny_random","JX-NesT-Tiny","cRSA","5",0.0532871660446764,154
"keypoint_rcnn_R_50_FPN_3x_segmentation","Keypoint-RCNN-ResNet50-FPN","cRSA","1",0.358955244625259,60
"keypoint_rcnn_R_50_FPN_3x_segmentation","Keypoint-RCNN-ResNet50-FPN","cRSA","1",0.358955244625259,115
"keypoint_rcnn_R_50_FPN_3x_segmentation","Keypoint-RCNN-ResNet50-FPN","cRSA","1",0.358955244625259,123
"keypoint_rcnn_R_50_FPN_3x_segmentation","Keypoint-RCNN-ResNet50-FPN","cRSA","2",0.361378802430046,60
"keypoint_rcnn_R_50_FPN_3x_segmentation","Keypoint-RCNN-ResNet50-FPN","cRSA","2",0.361378802430046,115
"keypoint_rcnn_R_50_FPN_3x_segmentation","Keypoint-RCNN-ResNet50-FPN","cRSA","2",0.361378802430046,123
"keypoint_rcnn_R_50_FPN_3x_segmentation","Keypoint-RCNN-ResNet50-FPN","cRSA","5",0.345791425417565,60
"keypoint_rcnn_R_50_FPN_3x_segmentation","Keypoint-RCNN-ResNet50-FPN","cRSA","5",0.345791425417565,115
"keypoint_rcnn_R_50_FPN_3x_segmentation","Keypoint-RCNN-ResNet50-FPN","cRSA","5",0.345791425417565,123
"keypoint_rcnn_R_50_FPN_3x_segmentation","Keypoint-RCNN-ResNet50-FPN","cRSA","7",0.331050266307633,60
"keypoint_rcnn_R_50_FPN_3x_segmentation","Keypoint-RCNN-ResNet50-FPN","cRSA","7",0.331050266307633,115
"keypoint_rcnn_R_50_FPN_3x_segmentation","Keypoint-RCNN-ResNet50-FPN","cRSA","7",0.331050266307633,123
"keypoints2d_taskonomy","2D Keypoints","cRSA","2",0.0577428847468134,182
"keypoints2d_taskonomy","2D Keypoints","cRSA","2",0.0577428847468134,224
"keypoints2d_taskonomy","2D Keypoints","cRSA","2",0.0577428847468134,174
"keypoints2d_taskonomy","2D Keypoints","cRSA","5",0.0634806136116673,182
"keypoints2d_taskonomy","2D Keypoints","cRSA","5",0.0634806136116673,224
"keypoints2d_taskonomy","2D Keypoints","cRSA","5",0.0634806136116673,174
"keypoints2d_taskonomy","2D Keypoints","cRSA","7",0.0559579350660625,182
"keypoints2d_taskonomy","2D Keypoints","cRSA","7",0.0559579350660625,224
"keypoints2d_taskonomy","2D Keypoints","cRSA","7",0.0559579350660625,174
"keypoints2d_taskonomy","2D Keypoints","cRSA","1",0.0613313184966844,182
"keypoints2d_taskonomy","2D Keypoints","cRSA","1",0.0613313184966844,224
"keypoints2d_taskonomy","2D Keypoints","cRSA","1",0.0613313184966844,174
"keypoints3d_taskonomy","3D Keypoints","cRSA","1",0.166121074784289,138
"keypoints3d_taskonomy","3D Keypoints","cRSA","1",0.166121074784289,137
"keypoints3d_taskonomy","3D Keypoints","cRSA","2",0.164164369219729,138
"keypoints3d_taskonomy","3D Keypoints","cRSA","2",0.164164369219729,137
"keypoints3d_taskonomy","3D Keypoints","cRSA","5",0.160468228836283,138
"keypoints3d_taskonomy","3D Keypoints","cRSA","5",0.160468228836283,137
"keypoints3d_taskonomy","3D Keypoints","cRSA","7",0.168731392554381,138
"keypoints3d_taskonomy","3D Keypoints","cRSA","7",0.168731392554381,137
"levit_128_classification","LeViT128","cRSA","1",0.414251087143036,3
"levit_128_classification","LeViT128","cRSA","1",0.414251087143036,16
"levit_128_classification","LeViT128","cRSA","1",0.414251087143036,47
"levit_128_classification","LeViT128","cRSA","2",0.436677221163039,3
"levit_128_classification","LeViT128","cRSA","2",0.436677221163039,16
"levit_128_classification","LeViT128","cRSA","2",0.436677221163039,47
"levit_128_classification","LeViT128","cRSA","5",0.445955852974157,3
"levit_128_classification","LeViT128","cRSA","5",0.445955852974157,16
"levit_128_classification","LeViT128","cRSA","5",0.445955852974157,47
"levit_128_classification","LeViT128","cRSA","7",0.402145859470412,3
"levit_128_classification","LeViT128","cRSA","7",0.402145859470412,16
"levit_128_classification","LeViT128","cRSA","7",0.402145859470412,47
"levit_128_random","LeViT128","cRSA","1",0.0360265666184108,217
"levit_128_random","LeViT128","cRSA","1",0.0360265666184108,213
"levit_128_random","LeViT128","cRSA","1",0.0360265666184108,210
"levit_128_random","LeViT128","cRSA","2",0.0247660033773344,217
"levit_128_random","LeViT128","cRSA","2",0.0247660033773344,213
"levit_128_random","LeViT128","cRSA","2",0.0247660033773344,210
"levit_128_random","LeViT128","cRSA","5",0.0294931125040021,217
"levit_128_random","LeViT128","cRSA","5",0.0294931125040021,213
"levit_128_random","LeViT128","cRSA","5",0.0294931125040021,210
"levit_128_random","LeViT128","cRSA","7",0.0362012068974845,217
"levit_128_random","LeViT128","cRSA","7",0.0362012068974845,213
"levit_128_random","LeViT128","cRSA","7",0.0362012068974845,210
"mask_rcnn_R_50_FPN_3x_segmentation","Mask-RCNN-ResNet50-FPN","cRSA","1",0.33024108075169,33
"mask_rcnn_R_50_FPN_3x_segmentation","Mask-RCNN-ResNet50-FPN","cRSA","1",0.33024108075169,70
"mask_rcnn_R_50_FPN_3x_segmentation","Mask-RCNN-ResNet50-FPN","cRSA","1",0.33024108075169,81
"mask_rcnn_R_50_FPN_3x_segmentation","Mask-RCNN-ResNet50-FPN","cRSA","2",0.3833847133654,33
"mask_rcnn_R_50_FPN_3x_segmentation","Mask-RCNN-ResNet50-FPN","cRSA","2",0.3833847133654,70
"mask_rcnn_R_50_FPN_3x_segmentation","Mask-RCNN-ResNet50-FPN","cRSA","2",0.3833847133654,81
"mask_rcnn_R_50_FPN_3x_segmentation","Mask-RCNN-ResNet50-FPN","cRSA","5",0.382117245747343,33
"mask_rcnn_R_50_FPN_3x_segmentation","Mask-RCNN-ResNet50-FPN","cRSA","5",0.382117245747343,70
"mask_rcnn_R_50_FPN_3x_segmentation","Mask-RCNN-ResNet50-FPN","cRSA","5",0.382117245747343,81
"mask_rcnn_R_50_FPN_3x_segmentation","Mask-RCNN-ResNet50-FPN","cRSA","7",0.357815639089969,33
"mask_rcnn_R_50_FPN_3x_segmentation","Mask-RCNN-ResNet50-FPN","cRSA","7",0.357815639089969,70
"mask_rcnn_R_50_FPN_3x_segmentation","Mask-RCNN-ResNet50-FPN","cRSA","7",0.357815639089969,81
"MiDaS_monoculardepth","MiDaS","cRSA","7",0.201049354384752,134
"MiDaS_monoculardepth","MiDaS","cRSA","7",0.201049354384752,125
"MiDaS_monoculardepth","MiDaS","cRSA","7",0.201049354384752,126
"MiDaS_monoculardepth","MiDaS","cRSA","1",0.203580524541896,134
"MiDaS_monoculardepth","MiDaS","cRSA","1",0.203580524541896,125
"MiDaS_monoculardepth","MiDaS","cRSA","1",0.203580524541896,126
"MiDaS_monoculardepth","MiDaS","cRSA","2",0.203418144611883,134
"MiDaS_monoculardepth","MiDaS","cRSA","2",0.203418144611883,125
"MiDaS_monoculardepth","MiDaS","cRSA","2",0.203418144611883,126
"MiDaS_monoculardepth","MiDaS","cRSA","5",0.190518297030962,134
"MiDaS_monoculardepth","MiDaS","cRSA","5",0.190518297030962,125
"MiDaS_monoculardepth","MiDaS","cRSA","5",0.190518297030962,126
"mixer_b16_224_classification","MLP-Mixer-B16","cRSA","1",0.343339885909616,62
"mixer_b16_224_classification","MLP-Mixer-B16","cRSA","1",0.343339885909616,76
"mixer_b16_224_classification","MLP-Mixer-B16","cRSA","1",0.343339885909616,96
"mixer_b16_224_classification","MLP-Mixer-B16","cRSA","2",0.34879632733702,62
"mixer_b16_224_classification","MLP-Mixer-B16","cRSA","2",0.34879632733702,76
"mixer_b16_224_classification","MLP-Mixer-B16","cRSA","2",0.34879632733702,96
"mixer_b16_224_classification","MLP-Mixer-B16","cRSA","5",0.366141833112542,62
"mixer_b16_224_classification","MLP-Mixer-B16","cRSA","5",0.366141833112542,76
"mixer_b16_224_classification","MLP-Mixer-B16","cRSA","5",0.366141833112542,96
"mixer_b16_224_classification","MLP-Mixer-B16","cRSA","7",0.337219234391562,62
"mixer_b16_224_classification","MLP-Mixer-B16","cRSA","7",0.337219234391562,76
"mixer_b16_224_classification","MLP-Mixer-B16","cRSA","7",0.337219234391562,96
"mixer_b16_224_in21k_classification","Mixer-B16-IN22K","cRSA","1",0.261175459593986,124
"mixer_b16_224_in21k_classification","Mixer-B16-IN22K","cRSA","1",0.261175459593986,98
"mixer_b16_224_in21k_classification","Mixer-B16-IN22K","cRSA","1",0.261175459593986,114
"mixer_b16_224_in21k_classification","Mixer-B16-IN22K","cRSA","2",0.269911239560914,124
"mixer_b16_224_in21k_classification","Mixer-B16-IN22K","cRSA","2",0.269911239560914,98
"mixer_b16_224_in21k_classification","Mixer-B16-IN22K","cRSA","2",0.269911239560914,114
"mixer_b16_224_in21k_classification","Mixer-B16-IN22K","cRSA","5",0.283399709351642,124
"mixer_b16_224_in21k_classification","Mixer-B16-IN22K","cRSA","5",0.283399709351642,98
"mixer_b16_224_in21k_classification","Mixer-B16-IN22K","cRSA","5",0.283399709351642,114
"mixer_b16_224_in21k_classification","Mixer-B16-IN22K","cRSA","7",0.260111692831298,124
"mixer_b16_224_in21k_classification","Mixer-B16-IN22K","cRSA","7",0.260111692831298,98
"mixer_b16_224_in21k_classification","Mixer-B16-IN22K","cRSA","7",0.260111692831298,114
"mixer_b16_224_random","MLP-Mixer-B16","cRSA","2",0.0609000402485907,167
"mixer_b16_224_random","MLP-Mixer-B16","cRSA","2",0.0609000402485907,178
"mixer_b16_224_random","MLP-Mixer-B16","cRSA","2",0.0609000402485907,198
"mixer_b16_224_random","MLP-Mixer-B16","cRSA","1",0.0731922164898801,167
"mixer_b16_224_random","MLP-Mixer-B16","cRSA","1",0.0731922164898801,178
"mixer_b16_224_random","MLP-Mixer-B16","cRSA","1",0.0731922164898801,198
"mixer_b16_224_random","MLP-Mixer-B16","cRSA","5",0.0719896404272129,167
"mixer_b16_224_random","MLP-Mixer-B16","cRSA","5",0.0719896404272129,178
"mixer_b16_224_random","MLP-Mixer-B16","cRSA","5",0.0719896404272129,198
"mixer_b16_224_random","MLP-Mixer-B16","cRSA","7",0.0713534374459145,167
"mixer_b16_224_random","MLP-Mixer-B16","cRSA","7",0.0713534374459145,178
"mixer_b16_224_random","MLP-Mixer-B16","cRSA","7",0.0713534374459145,198
"mixer_l16_224_classification","MLP-Mixer-L16","cRSA","1",0.345989898904985,54
"mixer_l16_224_classification","MLP-Mixer-L16","cRSA","1",0.345989898904985,85
"mixer_l16_224_classification","MLP-Mixer-L16","cRSA","1",0.345989898904985,88
"mixer_l16_224_classification","MLP-Mixer-L16","cRSA","2",0.349477135726782,54
"mixer_l16_224_classification","MLP-Mixer-L16","cRSA","2",0.349477135726782,85
"mixer_l16_224_classification","MLP-Mixer-L16","cRSA","2",0.349477135726782,88
"mixer_l16_224_classification","MLP-Mixer-L16","cRSA","5",0.365495833946132,54
"mixer_l16_224_classification","MLP-Mixer-L16","cRSA","5",0.365495833946132,85
"mixer_l16_224_classification","MLP-Mixer-L16","cRSA","5",0.365495833946132,88
"mixer_l16_224_classification","MLP-Mixer-L16","cRSA","7",0.342349121832658,54
"mixer_l16_224_classification","MLP-Mixer-L16","cRSA","7",0.342349121832658,85
"mixer_l16_224_classification","MLP-Mixer-L16","cRSA","7",0.342349121832658,88
"mixer_l16_224_in21k_classification","Mixer-L16-IN22K","cRSA","7",0.216434398464996,133
"mixer_l16_224_in21k_classification","Mixer-L16-IN22K","cRSA","7",0.216434398464996,80
"mixer_l16_224_in21k_classification","Mixer-L16-IN22K","cRSA","7",0.216434398464996,61
"mixer_l16_224_in21k_classification","Mixer-L16-IN22K","cRSA","1",0.232517578396273,133
"mixer_l16_224_in21k_classification","Mixer-L16-IN22K","cRSA","1",0.232517578396273,80
"mixer_l16_224_in21k_classification","Mixer-L16-IN22K","cRSA","1",0.232517578396273,61
"mixer_l16_224_in21k_classification","Mixer-L16-IN22K","cRSA","2",0.240302874218145,133
"mixer_l16_224_in21k_classification","Mixer-L16-IN22K","cRSA","2",0.240302874218145,80
"mixer_l16_224_in21k_classification","Mixer-L16-IN22K","cRSA","2",0.240302874218145,61
"mixer_l16_224_in21k_classification","Mixer-L16-IN22K","cRSA","5",0.248696184516141,133
"mixer_l16_224_in21k_classification","Mixer-L16-IN22K","cRSA","5",0.248696184516141,80
"mixer_l16_224_in21k_classification","Mixer-L16-IN22K","cRSA","5",0.248696184516141,61
"mixer_l16_224_random","MLP-Mixer-L16","cRSA","1",0.0750299357640387,164
"mixer_l16_224_random","MLP-Mixer-L16","cRSA","1",0.0750299357640387,179
"mixer_l16_224_random","MLP-Mixer-L16","cRSA","1",0.0750299357640387,184
"mixer_l16_224_random","MLP-Mixer-L16","cRSA","5",0.0770312561089243,164
"mixer_l16_224_random","MLP-Mixer-L16","cRSA","5",0.0770312561089243,179
"mixer_l16_224_random","MLP-Mixer-L16","cRSA","5",0.0770312561089243,184
"mixer_l16_224_random","MLP-Mixer-L16","cRSA","7",0.072255694014699,164
"mixer_l16_224_random","MLP-Mixer-L16","cRSA","7",0.072255694014699,179
"mixer_l16_224_random","MLP-Mixer-L16","cRSA","7",0.072255694014699,184
"mixer_l16_224_random","MLP-Mixer-L16","cRSA","2",0.0639489272933836,164
"mixer_l16_224_random","MLP-Mixer-L16","cRSA","2",0.0639489272933836,179
"mixer_l16_224_random","MLP-Mixer-L16","cRSA","2",0.0639489272933836,184
"mnasnet1_0_classification","MNASNet1.0","cRSA","2",0.365213936642752,25
"mnasnet1_0_classification","MNASNet1.0","cRSA","2",0.365213936642752,46
"mnasnet1_0_classification","MNASNet1.0","cRSA","2",0.365213936642752,78
"mnasnet1_0_classification","MNASNet1.0","cRSA","1",0.376337065451063,25
"mnasnet1_0_classification","MNASNet1.0","cRSA","1",0.376337065451063,46
"mnasnet1_0_classification","MNASNet1.0","cRSA","1",0.376337065451063,78
"mnasnet1_0_classification","MNASNet1.0","cRSA","5",0.380815320355623,25
"mnasnet1_0_classification","MNASNet1.0","cRSA","5",0.380815320355623,46
"mnasnet1_0_classification","MNASNet1.0","cRSA","5",0.380815320355623,78
"mnasnet1_0_classification","MNASNet1.0","cRSA","7",0.353537033174167,25
"mnasnet1_0_classification","MNASNet1.0","cRSA","7",0.353537033174167,46
"mnasnet1_0_classification","MNASNet1.0","cRSA","7",0.353537033174167,78
"mnasnet1_0_random","MNASNet1.0","cRSA","1",0.069452376325325,174
"mnasnet1_0_random","MNASNet1.0","cRSA","1",0.069452376325325,180
"mnasnet1_0_random","MNASNet1.0","cRSA","1",0.069452376325325,177
"mnasnet1_0_random","MNASNet1.0","cRSA","2",0.0516936796963998,174
"mnasnet1_0_random","MNASNet1.0","cRSA","2",0.0516936796963998,180
"mnasnet1_0_random","MNASNet1.0","cRSA","2",0.0516936796963998,177
"mnasnet1_0_random","MNASNet1.0","cRSA","5",0.0660527857823005,174
"mnasnet1_0_random","MNASNet1.0","cRSA","5",0.0660527857823005,180
"mnasnet1_0_random","MNASNet1.0","cRSA","5",0.0660527857823005,177
"mnasnet1_0_random","MNASNet1.0","cRSA","7",0.0741718089650759,174
"mnasnet1_0_random","MNASNet1.0","cRSA","7",0.0741718089650759,180
"mnasnet1_0_random","MNASNet1.0","cRSA","7",0.0741718089650759,177
"mobilenet_v2_classification","MobileNet-V2","cRSA","1",0.367147607365298,40
"mobilenet_v2_classification","MobileNet-V2","cRSA","1",0.367147607365298,34
"mobilenet_v2_classification","MobileNet-V2","cRSA","1",0.367147607365298,69
"mobilenet_v2_classification","MobileNet-V2","cRSA","2",0.367274376875816,40
"mobilenet_v2_classification","MobileNet-V2","cRSA","2",0.367274376875816,34
"mobilenet_v2_classification","MobileNet-V2","cRSA","2",0.367274376875816,69
"mobilenet_v2_classification","MobileNet-V2","cRSA","5",0.358659149269375,40
"mobilenet_v2_classification","MobileNet-V2","cRSA","5",0.358659149269375,34
"mobilenet_v2_classification","MobileNet-V2","cRSA","5",0.358659149269375,69
"mobilenet_v2_classification","MobileNet-V2","cRSA","7",0.338200796419324,40
"mobilenet_v2_classification","MobileNet-V2","cRSA","7",0.338200796419324,34
"mobilenet_v2_classification","MobileNet-V2","cRSA","7",0.338200796419324,69
"mobilenet_v2_random","MobileNet-V2","cRSA","1",0.0531223579167175,204
"mobilenet_v2_random","MobileNet-V2","cRSA","1",0.0531223579167175,186
"mobilenet_v2_random","MobileNet-V2","cRSA","2",0.0441964324169554,204
"mobilenet_v2_random","MobileNet-V2","cRSA","2",0.0441964324169554,186
"mobilenet_v2_random","MobileNet-V2","cRSA","5",0.0498496928275181,204
"mobilenet_v2_random","MobileNet-V2","cRSA","5",0.0498496928275181,186
"mobilenet_v2_random","MobileNet-V2","cRSA","7",0.0263248234445378,204
"mobilenet_v2_random","MobileNet-V2","cRSA","7",0.0263248234445378,186
"mobilenetv3_large_100_classification","MobileNet-V3-Large","cRSA","2",0.40773731198514,8
"mobilenetv3_large_100_classification","MobileNet-V3-Large","cRSA","2",0.40773731198514,55
"mobilenetv3_large_100_classification","MobileNet-V3-Large","cRSA","2",0.40773731198514,68
"mobilenetv3_large_100_classification","MobileNet-V3-Large","cRSA","5",0.431314825148462,8
"mobilenetv3_large_100_classification","MobileNet-V3-Large","cRSA","5",0.431314825148462,55
"mobilenetv3_large_100_classification","MobileNet-V3-Large","cRSA","5",0.431314825148462,68
"mobilenetv3_large_100_classification","MobileNet-V3-Large","cRSA","1",0.410232853316048,8
"mobilenetv3_large_100_classification","MobileNet-V3-Large","cRSA","1",0.410232853316048,55
"mobilenetv3_large_100_classification","MobileNet-V3-Large","cRSA","1",0.410232853316048,68
"mobilenetv3_large_100_classification","MobileNet-V3-Large","cRSA","7",0.398781175218349,8
"mobilenetv3_large_100_classification","MobileNet-V3-Large","cRSA","7",0.398781175218349,55
"mobilenetv3_large_100_classification","MobileNet-V3-Large","cRSA","7",0.398781175218349,68
"mobilenetv3_large_100_random","MobileNet-V3-Large","cRSA","1",0.019908915562508,224
"mobilenetv3_large_100_random","MobileNet-V3-Large","cRSA","1",0.019908915562508,223
"mobilenetv3_large_100_random","MobileNet-V3-Large","cRSA","5",0.0133866587843245,224
"mobilenetv3_large_100_random","MobileNet-V3-Large","cRSA","5",0.0133866587843245,223
"mobilenetv3_large_100_random","MobileNet-V3-Large","cRSA","7",0.00350726077381398,224
"mobilenetv3_large_100_random","MobileNet-V3-Large","cRSA","7",0.00350726077381398,223
"mobilenetv3_large_100_random","MobileNet-V3-Large","cRSA","2",0.00019296915425949,224
"mobilenetv3_large_100_random","MobileNet-V3-Large","cRSA","2",0.00019296915425949,223
"nf_resnet50_classification","NF-ResNet50","cRSA","1",0.402346276534517,12
"nf_resnet50_classification","NF-ResNet50","cRSA","1",0.402346276534517,44
"nf_resnet50_classification","NF-ResNet50","cRSA","1",0.402346276534517,32
"nf_resnet50_classification","NF-ResNet50","cRSA","2",0.407496010377502,12
"nf_resnet50_classification","NF-ResNet50","cRSA","2",0.407496010377502,44
"nf_resnet50_classification","NF-ResNet50","cRSA","2",0.407496010377502,32
"nf_resnet50_classification","NF-ResNet50","cRSA","5",0.410889840632453,12
"nf_resnet50_classification","NF-ResNet50","cRSA","5",0.410889840632453,44
"nf_resnet50_classification","NF-ResNet50","cRSA","5",0.410889840632453,32
"nf_resnet50_classification","NF-ResNet50","cRSA","7",0.381927680919481,12
"nf_resnet50_classification","NF-ResNet50","cRSA","7",0.381927680919481,44
"nf_resnet50_classification","NF-ResNet50","cRSA","7",0.381927680919481,32
"nf_resnet50_random","NF-ResNet50","cRSA","5",0.0845021630412314,154
"nf_resnet50_random","NF-ResNet50","cRSA","5",0.0845021630412314,150
"nf_resnet50_random","NF-ResNet50","cRSA","5",0.0845021630412314,148
"nf_resnet50_random","NF-ResNet50","cRSA","7",0.0906375824871418,154
"nf_resnet50_random","NF-ResNet50","cRSA","7",0.0906375824871418,150
"nf_resnet50_random","NF-ResNet50","cRSA","7",0.0906375824871418,148
"nf_resnet50_random","NF-ResNet50","cRSA","1",0.0873348279884957,154
"nf_resnet50_random","NF-ResNet50","cRSA","1",0.0873348279884957,150
"nf_resnet50_random","NF-ResNet50","cRSA","1",0.0873348279884957,148
"nf_resnet50_random","NF-ResNet50","cRSA","2",0.0708161875225239,154
"nf_resnet50_random","NF-ResNet50","cRSA","2",0.0708161875225239,150
"nf_resnet50_random","NF-ResNet50","cRSA","2",0.0708161875225239,148
"nfnet_l0_classification","NF-Net-L0","cRSA","1",0.417190591162961,6
"nfnet_l0_classification","NF-Net-L0","cRSA","1",0.417190591162961,47
"nfnet_l0_classification","NF-Net-L0","cRSA","1",0.417190591162961,58
"nfnet_l0_classification","NF-Net-L0","cRSA","2",0.427634568193996,6
"nfnet_l0_classification","NF-Net-L0","cRSA","2",0.427634568193996,47
"nfnet_l0_classification","NF-Net-L0","cRSA","2",0.427634568193996,58
"nfnet_l0_classification","NF-Net-L0","cRSA","5",0.442649932850467,6
"nfnet_l0_classification","NF-Net-L0","cRSA","5",0.442649932850467,47
"nfnet_l0_classification","NF-Net-L0","cRSA","5",0.442649932850467,58
"nfnet_l0_classification","NF-Net-L0","cRSA","7",0.381344765127823,6
"nfnet_l0_classification","NF-Net-L0","cRSA","7",0.381344765127823,47
"nfnet_l0_classification","NF-Net-L0","cRSA","7",0.381344765127823,58
"nfnet_l0_random","NF-Net-L0","cRSA","2",0.0665040842986393,156
"nfnet_l0_random","NF-Net-L0","cRSA","2",0.0665040842986393,209
"nfnet_l0_random","NF-Net-L0","cRSA","2",0.0665040842986393,212
"nfnet_l0_random","NF-Net-L0","cRSA","7",0.0800764101795235,156
"nfnet_l0_random","NF-Net-L0","cRSA","7",0.0800764101795235,209
"nfnet_l0_random","NF-Net-L0","cRSA","7",0.0800764101795235,212
"nfnet_l0_random","NF-Net-L0","cRSA","1",0.0876911695898271,156
"nfnet_l0_random","NF-Net-L0","cRSA","1",0.0876911695898271,209
"nfnet_l0_random","NF-Net-L0","cRSA","1",0.0876911695898271,212
"nfnet_l0_random","NF-Net-L0","cRSA","5",0.0852699796867702,156
"nfnet_l0_random","NF-Net-L0","cRSA","5",0.0852699796867702,209
"nfnet_l0_random","NF-Net-L0","cRSA","5",0.0852699796867702,212
"nonfixated_pose_taskonomy","Camera Pose (Nonfixated)","cRSA","2",0.082047805936911,150
"nonfixated_pose_taskonomy","Camera Pose (Nonfixated)","cRSA","2",0.082047805936911,155
"nonfixated_pose_taskonomy","Camera Pose (Nonfixated)","cRSA","2",0.082047805936911,159
"nonfixated_pose_taskonomy","Camera Pose (Nonfixated)","cRSA","5",0.0992348425429717,150
"nonfixated_pose_taskonomy","Camera Pose (Nonfixated)","cRSA","5",0.0992348425429717,155
"nonfixated_pose_taskonomy","Camera Pose (Nonfixated)","cRSA","5",0.0992348425429717,159
"nonfixated_pose_taskonomy","Camera Pose (Nonfixated)","cRSA","7",0.0949340796623943,150
"nonfixated_pose_taskonomy","Camera Pose (Nonfixated)","cRSA","7",0.0949340796623943,155
"nonfixated_pose_taskonomy","Camera Pose (Nonfixated)","cRSA","7",0.0949340796623943,159
"nonfixated_pose_taskonomy","Camera Pose (Nonfixated)","cRSA","1",0.103719612628577,150
"nonfixated_pose_taskonomy","Camera Pose (Nonfixated)","cRSA","1",0.103719612628577,155
"nonfixated_pose_taskonomy","Camera Pose (Nonfixated)","cRSA","1",0.103719612628577,159
"normal_taskonomy","Surface Normals","cRSA","1",0.150390532951453,141
"normal_taskonomy","Surface Normals","cRSA","2",0.152793627711587,141
"normal_taskonomy","Surface Normals","cRSA","5",0.156514860412413,141
"normal_taskonomy","Surface Normals","cRSA","7",0.154591211966798,141
"pit_b_224_classification","PiT-B-224","cRSA","1",0.271947864986553,123
"pit_b_224_classification","PiT-B-224","cRSA","1",0.271947864986553,90
"pit_b_224_classification","PiT-B-224","cRSA","1",0.271947864986553,119
"pit_b_224_classification","PiT-B-224","cRSA","2",0.271286365429925,123
"pit_b_224_classification","PiT-B-224","cRSA","2",0.271286365429925,90
"pit_b_224_classification","PiT-B-224","cRSA","2",0.271286365429925,119
"pit_b_224_classification","PiT-B-224","cRSA","5",0.276049068653278,123
"pit_b_224_classification","PiT-B-224","cRSA","5",0.276049068653278,90
"pit_b_224_classification","PiT-B-224","cRSA","5",0.276049068653278,119
"pit_b_224_classification","PiT-B-224","cRSA","7",0.268020849409174,123
"pit_b_224_classification","PiT-B-224","cRSA","7",0.268020849409174,90
"pit_b_224_classification","PiT-B-224","cRSA","7",0.268020849409174,119
"pit_b_224_random","PiT-B-224","cRSA","1",0.0642401098606194,170
"pit_b_224_random","PiT-B-224","cRSA","1",0.0642401098606194,193
"pit_b_224_random","PiT-B-224","cRSA","1",0.0642401098606194,206
"pit_b_224_random","PiT-B-224","cRSA","2",0.061845348774975,170
"pit_b_224_random","PiT-B-224","cRSA","2",0.061845348774975,193
"pit_b_224_random","PiT-B-224","cRSA","2",0.061845348774975,206
"pit_b_224_random","PiT-B-224","cRSA","7",0.0650487377022328,170
"pit_b_224_random","PiT-B-224","cRSA","7",0.0650487377022328,193
"pit_b_224_random","PiT-B-224","cRSA","7",0.0650487377022328,206
"pit_b_224_random","PiT-B-224","cRSA","5",0.0806281312394436,170
"pit_b_224_random","PiT-B-224","cRSA","5",0.0806281312394436,193
"pit_b_224_random","PiT-B-224","cRSA","5",0.0806281312394436,206
"pit_ti_224_classification","PiT-T-224","cRSA","1",0.387122606596492,16
"pit_ti_224_classification","PiT-T-224","cRSA","1",0.387122606596492,71
"pit_ti_224_classification","PiT-T-224","cRSA","1",0.387122606596492,97
"pit_ti_224_classification","PiT-T-224","cRSA","2",0.402231631619372,16
"pit_ti_224_classification","PiT-T-224","cRSA","2",0.402231631619372,71
"pit_ti_224_classification","PiT-T-224","cRSA","2",0.402231631619372,97
"pit_ti_224_classification","PiT-T-224","cRSA","5",0.410111576009992,16
"pit_ti_224_classification","PiT-T-224","cRSA","5",0.410111576009992,71
"pit_ti_224_classification","PiT-T-224","cRSA","5",0.410111576009992,97
"pit_ti_224_classification","PiT-T-224","cRSA","7",0.378087637574614,16
"pit_ti_224_classification","PiT-T-224","cRSA","7",0.378087637574614,71
"pit_ti_224_classification","PiT-T-224","cRSA","7",0.378087637574614,97
"pit_ti_224_random","PiT-T-224","cRSA","1",0.0483441478263584,201
"pit_ti_224_random","PiT-T-224","cRSA","1",0.0483441478263584,204
"pit_ti_224_random","PiT-T-224","cRSA","1",0.0483441478263584,213
"pit_ti_224_random","PiT-T-224","cRSA","2",0.0439172029786692,201
"pit_ti_224_random","PiT-T-224","cRSA","2",0.0439172029786692,204
"pit_ti_224_random","PiT-T-224","cRSA","2",0.0439172029786692,213
"pit_ti_224_random","PiT-T-224","cRSA","5",0.0486918879640927,201
"pit_ti_224_random","PiT-T-224","cRSA","5",0.0486918879640927,204
"pit_ti_224_random","PiT-T-224","cRSA","5",0.0486918879640927,213
"pit_ti_224_random","PiT-T-224","cRSA","7",0.0414173397656752,201
"pit_ti_224_random","PiT-T-224","cRSA","7",0.0414173397656752,204
"pit_ti_224_random","PiT-T-224","cRSA","7",0.0414173397656752,213
"point_matching_taskonomy","Point Matching","cRSA","1",0.0876104660453296,151
"point_matching_taskonomy","Point Matching","cRSA","1",0.0876104660453296,148
"point_matching_taskonomy","Point Matching","cRSA","1",0.0876104660453296,150
"point_matching_taskonomy","Point Matching","cRSA","7",0.0948775603476464,151
"point_matching_taskonomy","Point Matching","cRSA","7",0.0948775603476464,148
"point_matching_taskonomy","Point Matching","cRSA","7",0.0948775603476464,150
"point_matching_taskonomy","Point Matching","cRSA","2",0.0875535222331585,151
"point_matching_taskonomy","Point Matching","cRSA","2",0.0875535222331585,148
"point_matching_taskonomy","Point Matching","cRSA","2",0.0875535222331585,150
"point_matching_taskonomy","Point Matching","cRSA","5",0.103705598839053,151
"point_matching_taskonomy","Point Matching","cRSA","5",0.103705598839053,148
"point_matching_taskonomy","Point Matching","cRSA","5",0.103705598839053,150
"poolformer_s36_classification","PoolFormer-S36","cRSA","1",0.361774876420333,31
"poolformer_s36_classification","PoolFormer-S36","cRSA","1",0.361774876420333,29
"poolformer_s36_classification","PoolFormer-S36","cRSA","1",0.361774876420333,51
"poolformer_s36_classification","PoolFormer-S36","cRSA","2",0.3696619380129,31
"poolformer_s36_classification","PoolFormer-S36","cRSA","2",0.3696619380129,29
"poolformer_s36_classification","PoolFormer-S36","cRSA","2",0.3696619380129,51
"poolformer_s36_classification","PoolFormer-S36","cRSA","5",0.375918911101961,31
"poolformer_s36_classification","PoolFormer-S36","cRSA","5",0.375918911101961,29
"poolformer_s36_classification","PoolFormer-S36","cRSA","5",0.375918911101961,51
"poolformer_s36_classification","PoolFormer-S36","cRSA","7",0.347240180862408,31
"poolformer_s36_classification","PoolFormer-S36","cRSA","7",0.347240180862408,29
"poolformer_s36_classification","PoolFormer-S36","cRSA","7",0.347240180862408,51
"poolformer_s36_random","PoolFormer-S36","cRSA","5",0.0598984156648925,186
"poolformer_s36_random","PoolFormer-S36","cRSA","5",0.0598984156648925,208
"poolformer_s36_random","PoolFormer-S36","cRSA","5",0.0598984156648925,211
"poolformer_s36_random","PoolFormer-S36","cRSA","7",0.0569556267430212,186
"poolformer_s36_random","PoolFormer-S36","cRSA","7",0.0569556267430212,208
"poolformer_s36_random","PoolFormer-S36","cRSA","7",0.0569556267430212,211
"poolformer_s36_random","PoolFormer-S36","cRSA","1",0.0602062773004502,186
"poolformer_s36_random","PoolFormer-S36","cRSA","1",0.0602062773004502,208
"poolformer_s36_random","PoolFormer-S36","cRSA","1",0.0602062773004502,211
"poolformer_s36_random","PoolFormer-S36","cRSA","2",0.0525560326295573,186
"poolformer_s36_random","PoolFormer-S36","cRSA","2",0.0525560326295573,208
"poolformer_s36_random","PoolFormer-S36","cRSA","2",0.0525560326295573,211
"random_weights_taskonomy","Random Weights","cRSA","1",0.0396485296916399,213
"random_weights_taskonomy","Random Weights","cRSA","1",0.0396485296916399,169
"random_weights_taskonomy","Random Weights","cRSA","1",0.0396485296916399,168
"random_weights_taskonomy","Random Weights","cRSA","2",0.0357418683333609,213
"random_weights_taskonomy","Random Weights","cRSA","2",0.0357418683333609,169
"random_weights_taskonomy","Random Weights","cRSA","2",0.0357418683333609,168
"random_weights_taskonomy","Random Weights","cRSA","5",0.0387657931644997,213
"random_weights_taskonomy","Random Weights","cRSA","5",0.0387657931644997,169
"random_weights_taskonomy","Random Weights","cRSA","5",0.0387657931644997,168
"random_weights_taskonomy","Random Weights","cRSA","7",0.0325173056563744,213
"random_weights_taskonomy","Random Weights","cRSA","7",0.0325173056563744,169
"random_weights_taskonomy","Random Weights","cRSA","7",0.0325173056563744,168
"RegNet-128Gf-SEER_seer","RegNet-128Gf-SEER","cRSA","1",0.327798274910847,84
"RegNet-128Gf-SEER_seer","RegNet-128Gf-SEER","cRSA","1",0.327798274910847,12
"RegNet-128Gf-SEER_seer","RegNet-128Gf-SEER","cRSA","1",0.327798274910847,4
"RegNet-128Gf-SEER_seer","RegNet-128Gf-SEER","cRSA","2",0.343283188474237,84
"RegNet-128Gf-SEER_seer","RegNet-128Gf-SEER","cRSA","2",0.343283188474237,12
"RegNet-128Gf-SEER_seer","RegNet-128Gf-SEER","cRSA","2",0.343283188474237,4
"RegNet-128Gf-SEER_seer","RegNet-128Gf-SEER","cRSA","5",0.33724211767785,84
"RegNet-128Gf-SEER_seer","RegNet-128Gf-SEER","cRSA","5",0.33724211767785,12
"RegNet-128Gf-SEER_seer","RegNet-128Gf-SEER","cRSA","5",0.33724211767785,4
"RegNet-128Gf-SEER_seer","RegNet-128Gf-SEER","cRSA","7",0.314453418276559,84
"RegNet-128Gf-SEER_seer","RegNet-128Gf-SEER","cRSA","7",0.314453418276559,12
"RegNet-128Gf-SEER_seer","RegNet-128Gf-SEER","cRSA","7",0.314453418276559,4
"RegNet-128Gf-SEER-INFT_seer","RegNet-128Gf-SEER-INFT","cRSA","1",0.334780770717337,72
"RegNet-128Gf-SEER-INFT_seer","RegNet-128Gf-SEER-INFT","cRSA","1",0.334780770717337,26
"RegNet-128Gf-SEER-INFT_seer","RegNet-128Gf-SEER-INFT","cRSA","1",0.334780770717337,43
"RegNet-128Gf-SEER-INFT_seer","RegNet-128Gf-SEER-INFT","cRSA","2",0.350694536319375,72
"RegNet-128Gf-SEER-INFT_seer","RegNet-128Gf-SEER-INFT","cRSA","2",0.350694536319375,26
"RegNet-128Gf-SEER-INFT_seer","RegNet-128Gf-SEER-INFT","cRSA","2",0.350694536319375,43
"RegNet-128Gf-SEER-INFT_seer","RegNet-128Gf-SEER-INFT","cRSA","5",0.352085310661296,72
"RegNet-128Gf-SEER-INFT_seer","RegNet-128Gf-SEER-INFT","cRSA","5",0.352085310661296,26
"RegNet-128Gf-SEER-INFT_seer","RegNet-128Gf-SEER-INFT","cRSA","5",0.352085310661296,43
"RegNet-128Gf-SEER-INFT_seer","RegNet-128Gf-SEER-INFT","cRSA","7",0.329253375427823,72
"RegNet-128Gf-SEER-INFT_seer","RegNet-128Gf-SEER-INFT","cRSA","7",0.329253375427823,26
"RegNet-128Gf-SEER-INFT_seer","RegNet-128Gf-SEER-INFT","cRSA","7",0.329253375427823,43
"RegNet-32Gf-SEER_seer","RegNet-32Gf-SEER","cRSA","1",0.334012041058721,52
"RegNet-32Gf-SEER_seer","RegNet-32Gf-SEER","cRSA","1",0.334012041058721,7
"RegNet-32Gf-SEER_seer","RegNet-32Gf-SEER","cRSA","1",0.334012041058721,10
"RegNet-32Gf-SEER_seer","RegNet-32Gf-SEER","cRSA","2",0.358039819987162,52
"RegNet-32Gf-SEER_seer","RegNet-32Gf-SEER","cRSA","2",0.358039819987162,7
"RegNet-32Gf-SEER_seer","RegNet-32Gf-SEER","cRSA","2",0.358039819987162,10
"RegNet-32Gf-SEER_seer","RegNet-32Gf-SEER","cRSA","5",0.37903357129201,52
"RegNet-32Gf-SEER_seer","RegNet-32Gf-SEER","cRSA","5",0.37903357129201,7
"RegNet-32Gf-SEER_seer","RegNet-32Gf-SEER","cRSA","5",0.37903357129201,10
"RegNet-32Gf-SEER_seer","RegNet-32Gf-SEER","cRSA","7",0.338600151471755,52
"RegNet-32Gf-SEER_seer","RegNet-32Gf-SEER","cRSA","7",0.338600151471755,7
"RegNet-32Gf-SEER_seer","RegNet-32Gf-SEER","cRSA","7",0.338600151471755,10
"RegNet-32Gf-SEER-INFT_seer","RegNet-32Gf-SEER-INFT","cRSA","5",0.363853309573318,34
"RegNet-32Gf-SEER-INFT_seer","RegNet-32Gf-SEER-INFT","cRSA","5",0.363853309573318,13
"RegNet-32Gf-SEER-INFT_seer","RegNet-32Gf-SEER-INFT","cRSA","5",0.363853309573318,20
"RegNet-32Gf-SEER-INFT_seer","RegNet-32Gf-SEER-INFT","cRSA","1",0.365134961341314,34
"RegNet-32Gf-SEER-INFT_seer","RegNet-32Gf-SEER-INFT","cRSA","1",0.365134961341314,13
"RegNet-32Gf-SEER-INFT_seer","RegNet-32Gf-SEER-INFT","cRSA","1",0.365134961341314,20
"RegNet-32Gf-SEER-INFT_seer","RegNet-32Gf-SEER-INFT","cRSA","2",0.374913353318912,34
"RegNet-32Gf-SEER-INFT_seer","RegNet-32Gf-SEER-INFT","cRSA","2",0.374913353318912,13
"RegNet-32Gf-SEER-INFT_seer","RegNet-32Gf-SEER-INFT","cRSA","2",0.374913353318912,20
"RegNet-32Gf-SEER-INFT_seer","RegNet-32Gf-SEER-INFT","cRSA","7",0.343980270599597,34
"RegNet-32Gf-SEER-INFT_seer","RegNet-32Gf-SEER-INFT","cRSA","7",0.343980270599597,13
"RegNet-32Gf-SEER-INFT_seer","RegNet-32Gf-SEER-INFT","cRSA","7",0.343980270599597,20
"RegNet-64Gf-SEER_seer","RegNet-64Gf-SEER","cRSA","1",0.334977225466315,53
"RegNet-64Gf-SEER_seer","RegNet-64Gf-SEER","cRSA","1",0.334977225466315,5
"RegNet-64Gf-SEER_seer","RegNet-64Gf-SEER","cRSA","1",0.334977225466315,3
"RegNet-64Gf-SEER_seer","RegNet-64Gf-SEER","cRSA","2",0.355108959116113,53
"RegNet-64Gf-SEER_seer","RegNet-64Gf-SEER","cRSA","2",0.355108959116113,5
"RegNet-64Gf-SEER_seer","RegNet-64Gf-SEER","cRSA","2",0.355108959116113,3
"RegNet-64Gf-SEER_seer","RegNet-64Gf-SEER","cRSA","5",0.380215282874934,53
"RegNet-64Gf-SEER_seer","RegNet-64Gf-SEER","cRSA","5",0.380215282874934,5
"RegNet-64Gf-SEER_seer","RegNet-64Gf-SEER","cRSA","5",0.380215282874934,3
"RegNet-64Gf-SEER_seer","RegNet-64Gf-SEER","cRSA","7",0.334622608083801,53
"RegNet-64Gf-SEER_seer","RegNet-64Gf-SEER","cRSA","7",0.334622608083801,5
"RegNet-64Gf-SEER_seer","RegNet-64Gf-SEER","cRSA","7",0.334622608083801,3
"RegNet-64Gf-SEER-INFT_seer","RegNet-64Gf-SEER-INFT","cRSA","7",0.315651808964085,81
"RegNet-64Gf-SEER-INFT_seer","RegNet-64Gf-SEER-INFT","cRSA","7",0.315651808964085,36
"RegNet-64Gf-SEER-INFT_seer","RegNet-64Gf-SEER-INFT","cRSA","7",0.315651808964085,21
"RegNet-64Gf-SEER-INFT_seer","RegNet-64Gf-SEER-INFT","cRSA","2",0.334345469718969,81
"RegNet-64Gf-SEER-INFT_seer","RegNet-64Gf-SEER-INFT","cRSA","2",0.334345469718969,36
"RegNet-64Gf-SEER-INFT_seer","RegNet-64Gf-SEER-INFT","cRSA","2",0.334345469718969,21
"RegNet-64Gf-SEER-INFT_seer","RegNet-64Gf-SEER-INFT","cRSA","5",0.336301266697459,81
"RegNet-64Gf-SEER-INFT_seer","RegNet-64Gf-SEER-INFT","cRSA","5",0.336301266697459,36
"RegNet-64Gf-SEER-INFT_seer","RegNet-64Gf-SEER-INFT","cRSA","5",0.336301266697459,21
"RegNet-64Gf-SEER-INFT_seer","RegNet-64Gf-SEER-INFT","cRSA","1",0.343723494014967,81
"RegNet-64Gf-SEER-INFT_seer","RegNet-64Gf-SEER-INFT","cRSA","1",0.343723494014967,36
"RegNet-64Gf-SEER-INFT_seer","RegNet-64Gf-SEER-INFT","cRSA","1",0.343723494014967,21
"regnetx_064_classification","RegNetX-64","cRSA","1",0.30566012788417,108
"regnetx_064_classification","RegNetX-64","cRSA","1",0.30566012788417,95
"regnetx_064_classification","RegNetX-64","cRSA","1",0.30566012788417,77
"regnetx_064_classification","RegNetX-64","cRSA","2",0.313722389331695,108
"regnetx_064_classification","RegNetX-64","cRSA","2",0.313722389331695,95
"regnetx_064_classification","RegNetX-64","cRSA","2",0.313722389331695,77
"regnetx_064_classification","RegNetX-64","cRSA","5",0.290097689295292,108
"regnetx_064_classification","RegNetX-64","cRSA","5",0.290097689295292,95
"regnetx_064_classification","RegNetX-64","cRSA","5",0.290097689295292,77
"regnetx_064_classification","RegNetX-64","cRSA","7",0.302743321050574,108
"regnetx_064_classification","RegNetX-64","cRSA","7",0.302743321050574,95
"regnetx_064_classification","RegNetX-64","cRSA","7",0.302743321050574,77
"regnetx_064_random","RegNetX-64","cRSA","1",0.0400921687649188,210
"regnetx_064_random","RegNetX-64","cRSA","1",0.0400921687649188,217
"regnetx_064_random","RegNetX-64","cRSA","1",0.0400921687649188,222
"regnetx_064_random","RegNetX-64","cRSA","2",0.0358083649688755,210
"regnetx_064_random","RegNetX-64","cRSA","2",0.0358083649688755,217
"regnetx_064_random","RegNetX-64","cRSA","2",0.0358083649688755,222
"regnetx_064_random","RegNetX-64","cRSA","5",0.0426094357083036,210
"regnetx_064_random","RegNetX-64","cRSA","5",0.0426094357083036,217
"regnetx_064_random","RegNetX-64","cRSA","5",0.0426094357083036,222
"regnetx_064_random","RegNetX-64","cRSA","7",0.0382736201964756,210
"regnetx_064_random","RegNetX-64","cRSA","7",0.0382736201964756,217
"regnetx_064_random","RegNetX-64","cRSA","7",0.0382736201964756,222
"regnety_064_classification","RegNetY-64","cRSA","1",0.377312612738676,22
"regnety_064_classification","RegNetY-64","cRSA","1",0.377312612738676,93
"regnety_064_classification","RegNetY-64","cRSA","1",0.377312612738676,84
"regnety_064_classification","RegNetY-64","cRSA","2",0.385732387322387,22
"regnety_064_classification","RegNetY-64","cRSA","2",0.385732387322387,93
"regnety_064_classification","RegNetY-64","cRSA","2",0.385732387322387,84
"regnety_064_classification","RegNetY-64","cRSA","5",0.374581796983389,22
"regnety_064_classification","RegNetY-64","cRSA","5",0.374581796983389,93
"regnety_064_classification","RegNetY-64","cRSA","5",0.374581796983389,84
"regnety_064_classification","RegNetY-64","cRSA","7",0.351696637005516,22
"regnety_064_classification","RegNetY-64","cRSA","7",0.351696637005516,93
"regnety_064_classification","RegNetY-64","cRSA","7",0.351696637005516,84
"regnety_064_random","RegNetY-64","cRSA","7",0.0381064774745738,196
"regnety_064_random","RegNetY-64","cRSA","7",0.0381064774745738,174
"regnety_064_random","RegNetY-64","cRSA","7",0.0381064774745738,179
"regnety_064_random","RegNetY-64","cRSA","5",0.0610634480833296,196
"regnety_064_random","RegNetY-64","cRSA","5",0.0610634480833296,174
"regnety_064_random","RegNetY-64","cRSA","5",0.0610634480833296,179
"regnety_064_random","RegNetY-64","cRSA","1",0.0564823784528737,196
"regnety_064_random","RegNetY-64","cRSA","1",0.0564823784528737,174
"regnety_064_random","RegNetY-64","cRSA","1",0.0564823784528737,179
"regnety_064_random","RegNetY-64","cRSA","2",0.0528330828106212,196
"regnety_064_random","RegNetY-64","cRSA","2",0.0528330828106212,174
"regnety_064_random","RegNetY-64","cRSA","2",0.0528330828106212,179
"reshading_taskonomy","Reshading","cRSA","1",0.15827469366988,140
"reshading_taskonomy","Reshading","cRSA","1",0.15827469366988,138
"reshading_taskonomy","Reshading","cRSA","1",0.15827469366988,139
"reshading_taskonomy","Reshading","cRSA","2",0.158158397453388,140
"reshading_taskonomy","Reshading","cRSA","2",0.158158397453388,138
"reshading_taskonomy","Reshading","cRSA","2",0.158158397453388,139
"reshading_taskonomy","Reshading","cRSA","5",0.170656649066342,140
"reshading_taskonomy","Reshading","cRSA","5",0.170656649066342,138
"reshading_taskonomy","Reshading","cRSA","5",0.170656649066342,139
"reshading_taskonomy","Reshading","cRSA","7",0.157119360635913,140
"reshading_taskonomy","Reshading","cRSA","7",0.157119360635913,138
"reshading_taskonomy","Reshading","cRSA","7",0.157119360635913,139
"resmlp_12_224_classification","ResMLP-12","cRSA","1",0.354738760932651,29
"resmlp_12_224_classification","ResMLP-12","cRSA","1",0.354738760932651,78
"resmlp_12_224_classification","ResMLP-12","cRSA","1",0.354738760932651,75
"resmlp_12_224_classification","ResMLP-12","cRSA","2",0.370767066461431,29
"resmlp_12_224_classification","ResMLP-12","cRSA","2",0.370767066461431,78
"resmlp_12_224_classification","ResMLP-12","cRSA","2",0.370767066461431,75
"resmlp_12_224_classification","ResMLP-12","cRSA","5",0.383015458256455,29
"resmlp_12_224_classification","ResMLP-12","cRSA","5",0.383015458256455,78
"resmlp_12_224_classification","ResMLP-12","cRSA","5",0.383015458256455,75
"resmlp_12_224_classification","ResMLP-12","cRSA","7",0.3511368739187,29
"resmlp_12_224_classification","ResMLP-12","cRSA","7",0.3511368739187,78
"resmlp_12_224_classification","ResMLP-12","cRSA","7",0.3511368739187,75
"resmlp_12_224_random","ResMLP-12","cRSA","5",0.0583053373716583,189
"resmlp_12_224_random","ResMLP-12","cRSA","5",0.0583053373716583,194
"resmlp_12_224_random","ResMLP-12","cRSA","5",0.0583053373716583,196
"resmlp_12_224_random","ResMLP-12","cRSA","2",0.0502263410476259,189
"resmlp_12_224_random","ResMLP-12","cRSA","2",0.0502263410476259,194
"resmlp_12_224_random","ResMLP-12","cRSA","2",0.0502263410476259,196
"resmlp_12_224_random","ResMLP-12","cRSA","1",0.0585463101577614,189
"resmlp_12_224_random","ResMLP-12","cRSA","1",0.0585463101577614,194
"resmlp_12_224_random","ResMLP-12","cRSA","1",0.0585463101577614,196
"resmlp_12_224_random","ResMLP-12","cRSA","7",0.0539322654619411,189
"resmlp_12_224_random","ResMLP-12","cRSA","7",0.0539322654619411,194
"resmlp_12_224_random","ResMLP-12","cRSA","7",0.0539322654619411,196
"resmlp_24_224_classification","ResMLP-24","cRSA","1",0.367411327356904,27
"resmlp_24_224_classification","ResMLP-24","cRSA","1",0.367411327356904,32
"resmlp_24_224_classification","ResMLP-24","cRSA","1",0.367411327356904,49
"resmlp_24_224_classification","ResMLP-24","cRSA","2",0.378018697933128,27
"resmlp_24_224_classification","ResMLP-24","cRSA","2",0.378018697933128,32
"resmlp_24_224_classification","ResMLP-24","cRSA","2",0.378018697933128,49
"resmlp_24_224_classification","ResMLP-24","cRSA","5",0.381257649114219,27
"resmlp_24_224_classification","ResMLP-24","cRSA","5",0.381257649114219,32
"resmlp_24_224_classification","ResMLP-24","cRSA","5",0.381257649114219,49
"resmlp_24_224_classification","ResMLP-24","cRSA","7",0.346958389357825,27
"resmlp_24_224_classification","ResMLP-24","cRSA","7",0.346958389357825,32
"resmlp_24_224_classification","ResMLP-24","cRSA","7",0.346958389357825,49
"resmlp_24_224_random","ResMLP-24","cRSA","1",0.0605407862497768,184
"resmlp_24_224_random","ResMLP-24","cRSA","1",0.0605407862497768,196
"resmlp_24_224_random","ResMLP-24","cRSA","1",0.0605407862497768,202
"resmlp_24_224_random","ResMLP-24","cRSA","7",0.0572420867876507,184
"resmlp_24_224_random","ResMLP-24","cRSA","7",0.0572420867876507,196
"resmlp_24_224_random","ResMLP-24","cRSA","7",0.0572420867876507,202
"resmlp_24_224_random","ResMLP-24","cRSA","2",0.0532112705732118,184
"resmlp_24_224_random","ResMLP-24","cRSA","2",0.0532112705732118,196
"resmlp_24_224_random","ResMLP-24","cRSA","2",0.0532112705732118,202
"resmlp_24_224_random","ResMLP-24","cRSA","5",0.0637818200220333,184
"resmlp_24_224_random","ResMLP-24","cRSA","5",0.0637818200220333,196
"resmlp_24_224_random","ResMLP-24","cRSA","5",0.0637818200220333,202
"resmlp_36_224_classification","ResMLP-36","cRSA","2",0.334690661921743,66
"resmlp_36_224_classification","ResMLP-36","cRSA","2",0.334690661921743,18
"resmlp_36_224_classification","ResMLP-36","cRSA","2",0.334690661921743,31
"resmlp_36_224_classification","ResMLP-36","cRSA","5",0.363369583265326,66
"resmlp_36_224_classification","ResMLP-36","cRSA","5",0.363369583265326,18
"resmlp_36_224_classification","ResMLP-36","cRSA","5",0.363369583265326,31
"resmlp_36_224_classification","ResMLP-36","cRSA","1",0.349967403870539,66
"resmlp_36_224_classification","ResMLP-36","cRSA","1",0.349967403870539,18
"resmlp_36_224_classification","ResMLP-36","cRSA","1",0.349967403870539,31
"resmlp_36_224_classification","ResMLP-36","cRSA","7",0.336281122224757,66
"resmlp_36_224_classification","ResMLP-36","cRSA","7",0.336281122224757,18
"resmlp_36_224_classification","ResMLP-36","cRSA","7",0.336281122224757,31
"resmlp_36_224_random","ResMLP-36","cRSA","1",0.061688588929829,183
"resmlp_36_224_random","ResMLP-36","cRSA","1",0.061688588929829,198
"resmlp_36_224_random","ResMLP-36","cRSA","1",0.061688588929829,201
"resmlp_36_224_random","ResMLP-36","cRSA","2",0.0510785207514231,183
"resmlp_36_224_random","ResMLP-36","cRSA","2",0.0510785207514231,198
"resmlp_36_224_random","ResMLP-36","cRSA","2",0.0510785207514231,201
"resmlp_36_224_random","ResMLP-36","cRSA","7",0.0552372359984285,183
"resmlp_36_224_random","ResMLP-36","cRSA","7",0.0552372359984285,198
"resmlp_36_224_random","ResMLP-36","cRSA","7",0.0552372359984285,201
"resmlp_36_224_random","ResMLP-36","cRSA","5",0.0678883435513424,183
"resmlp_36_224_random","ResMLP-36","cRSA","5",0.0678883435513424,198
"resmlp_36_224_random","ResMLP-36","cRSA","5",0.0678883435513424,201
"resmlp_big_24_224_classification","ResMLP-Big-24","cRSA","5",0.367512947654442,36
"resmlp_big_24_224_classification","ResMLP-Big-24","cRSA","5",0.367512947654442,11
"resmlp_big_24_224_classification","ResMLP-Big-24","cRSA","5",0.367512947654442,24
"resmlp_big_24_224_classification","ResMLP-Big-24","cRSA","7",0.340066452649868,36
"resmlp_big_24_224_classification","ResMLP-Big-24","cRSA","7",0.340066452649868,11
"resmlp_big_24_224_classification","ResMLP-Big-24","cRSA","7",0.340066452649868,24
"resmlp_big_24_224_classification","ResMLP-Big-24","cRSA","1",0.362651285505412,36
"resmlp_big_24_224_classification","ResMLP-Big-24","cRSA","1",0.362651285505412,11
"resmlp_big_24_224_classification","ResMLP-Big-24","cRSA","1",0.362651285505412,24
"resmlp_big_24_224_classification","ResMLP-Big-24","cRSA","2",0.375934114934522,36
"resmlp_big_24_224_classification","ResMLP-Big-24","cRSA","2",0.375934114934522,11
"resmlp_big_24_224_classification","ResMLP-Big-24","cRSA","2",0.375934114934522,24
"resmlp_big_24_224_in22ft1k_classification","ResMLP-Big-24-IN21K","cRSA","1",0.393466220028304,15
"resmlp_big_24_224_in22ft1k_classification","ResMLP-Big-24-IN21K","cRSA","1",0.393466220028304,1
"resmlp_big_24_224_in22ft1k_classification","ResMLP-Big-24-IN21K","cRSA","1",0.393466220028304,9
"resmlp_big_24_224_in22ft1k_classification","ResMLP-Big-24-IN21K","cRSA","2",0.400574370618351,15
"resmlp_big_24_224_in22ft1k_classification","ResMLP-Big-24-IN21K","cRSA","2",0.400574370618351,1
"resmlp_big_24_224_in22ft1k_classification","ResMLP-Big-24-IN21K","cRSA","2",0.400574370618351,9
"resmlp_big_24_224_in22ft1k_classification","ResMLP-Big-24-IN21K","cRSA","5",0.405717731829974,15
"resmlp_big_24_224_in22ft1k_classification","ResMLP-Big-24-IN21K","cRSA","5",0.405717731829974,1
"resmlp_big_24_224_in22ft1k_classification","ResMLP-Big-24-IN21K","cRSA","5",0.405717731829974,9
"resmlp_big_24_224_in22ft1k_classification","ResMLP-Big-24-IN21K","cRSA","7",0.379004786127179,15
"resmlp_big_24_224_in22ft1k_classification","ResMLP-Big-24-IN21K","cRSA","7",0.379004786127179,1
"resmlp_big_24_224_in22ft1k_classification","ResMLP-Big-24-IN21K","cRSA","7",0.379004786127179,9
"resmlp_big_24_224_random","ResMLP-Big-24","cRSA","5",0.0648216296316561,185
"resmlp_big_24_224_random","ResMLP-Big-24","cRSA","5",0.0648216296316561,195
"resmlp_big_24_224_random","ResMLP-Big-24","cRSA","5",0.0648216296316561,205
"resmlp_big_24_224_random","ResMLP-Big-24","cRSA","1",0.061055607986384,185
"resmlp_big_24_224_random","ResMLP-Big-24","cRSA","1",0.061055607986384,195
"resmlp_big_24_224_random","ResMLP-Big-24","cRSA","1",0.061055607986384,205
"resmlp_big_24_224_random","ResMLP-Big-24","cRSA","7",0.0573942012056996,185
"resmlp_big_24_224_random","ResMLP-Big-24","cRSA","7",0.0573942012056996,195
"resmlp_big_24_224_random","ResMLP-Big-24","cRSA","7",0.0573942012056996,205
"resmlp_big_24_224_random","ResMLP-Big-24","cRSA","2",0.0488663721610608,185
"resmlp_big_24_224_random","ResMLP-Big-24","cRSA","2",0.0488663721610608,195
"resmlp_big_24_224_random","ResMLP-Big-24","cRSA","2",0.0488663721610608,205
"resnet101_classification","ResNet101","cRSA","2",0.304732828024591,95
"resnet101_classification","ResNet101","cRSA","2",0.304732828024591,88
"resnet101_classification","ResNet101","cRSA","2",0.304732828024591,94
"resnet101_classification","ResNet101","cRSA","5",0.315929615663358,95
"resnet101_classification","ResNet101","cRSA","5",0.315929615663358,88
"resnet101_classification","ResNet101","cRSA","5",0.315929615663358,94
"resnet101_classification","ResNet101","cRSA","1",0.34377114804865,95
"resnet101_classification","ResNet101","cRSA","1",0.34377114804865,88
"resnet101_classification","ResNet101","cRSA","1",0.34377114804865,94
"resnet101_classification","ResNet101","cRSA","7",0.322488237995014,95
"resnet101_classification","ResNet101","cRSA","7",0.322488237995014,88
"resnet101_classification","ResNet101","cRSA","7",0.322488237995014,94
"resnet101_random","ResNet101","cRSA","1",0.0315139280593011,215
"resnet101_random","ResNet101","cRSA","1",0.0315139280593011,221
"resnet101_random","ResNet101","cRSA","1",0.0315139280593011,217
"resnet101_random","ResNet101","cRSA","2",0.0354205479449597,215
"resnet101_random","ResNet101","cRSA","2",0.0354205479449597,221
"resnet101_random","ResNet101","cRSA","2",0.0354205479449597,217
"resnet101_random","ResNet101","cRSA","5",0.0388690647930807,215
"resnet101_random","ResNet101","cRSA","5",0.0388690647930807,221
"resnet101_random","ResNet101","cRSA","5",0.0388690647930807,217
"resnet101_random","ResNet101","cRSA","7",0.024891907672949,215
"resnet101_random","ResNet101","cRSA","7",0.024891907672949,221
"resnet101_random","ResNet101","cRSA","7",0.024891907672949,217
"resnet152_classification","ResNet152","cRSA","7",0.311768365047092,63
"resnet152_classification","ResNet152","cRSA","7",0.311768365047092,84
"resnet152_classification","ResNet152","cRSA","7",0.311768365047092,98
"resnet152_classification","ResNet152","cRSA","1",0.347829088313471,63
"resnet152_classification","ResNet152","cRSA","1",0.347829088313471,84
"resnet152_classification","ResNet152","cRSA","1",0.347829088313471,98
"resnet152_classification","ResNet152","cRSA","2",0.368533304581125,63
"resnet152_classification","ResNet152","cRSA","2",0.368533304581125,84
"resnet152_classification","ResNet152","cRSA","2",0.368533304581125,98
"resnet152_classification","ResNet152","cRSA","5",0.366892614692549,63
"resnet152_classification","ResNet152","cRSA","5",0.366892614692549,84
"resnet152_classification","ResNet152","cRSA","5",0.366892614692549,98
"resnet152_random","ResNet152","cRSA","1",0.0360858546947262,214
"resnet152_random","ResNet152","cRSA","1",0.0360858546947262,220
"resnet152_random","ResNet152","cRSA","1",0.0360858546947262,221
"resnet152_random","ResNet152","cRSA","5",0.0448001275161856,214
"resnet152_random","ResNet152","cRSA","5",0.0448001275161856,220
"resnet152_random","ResNet152","cRSA","5",0.0448001275161856,221
"resnet152_random","ResNet152","cRSA","2",0.0363823057064312,214
"resnet152_random","ResNet152","cRSA","2",0.0363823057064312,220
"resnet152_random","ResNet152","cRSA","2",0.0363823057064312,221
"resnet152_random","ResNet152","cRSA","7",0.0244740870708524,214
"resnet152_random","ResNet152","cRSA","7",0.0244740870708524,220
"resnet152_random","ResNet152","cRSA","7",0.0244740870708524,221
"resnet18_classification","ResNet18","cRSA","1",0.315054657686842,90
"resnet18_classification","ResNet18","cRSA","1",0.315054657686842,108
"resnet18_classification","ResNet18","cRSA","1",0.315054657686842,110
"resnet18_classification","ResNet18","cRSA","2",0.317808275886751,90
"resnet18_classification","ResNet18","cRSA","2",0.317808275886751,108
"resnet18_classification","ResNet18","cRSA","2",0.317808275886751,110
"resnet18_classification","ResNet18","cRSA","5",0.352306660448417,90
"resnet18_classification","ResNet18","cRSA","5",0.352306660448417,108
"resnet18_classification","ResNet18","cRSA","5",0.352306660448417,110
"resnet18_classification","ResNet18","cRSA","7",0.313487764344512,90
"resnet18_classification","ResNet18","cRSA","7",0.313487764344512,108
"resnet18_classification","ResNet18","cRSA","7",0.313487764344512,110
"resnet18_random","ResNet18","cRSA","1",0.0475007726893672,202
"resnet18_random","ResNet18","cRSA","1",0.0475007726893672,165
"resnet18_random","ResNet18","cRSA","1",0.0475007726893672,185
"resnet18_random","ResNet18","cRSA","2",0.038608575076186,202
"resnet18_random","ResNet18","cRSA","2",0.038608575076186,165
"resnet18_random","ResNet18","cRSA","2",0.038608575076186,185
"resnet18_random","ResNet18","cRSA","5",0.0457907005886436,202
"resnet18_random","ResNet18","cRSA","5",0.0457907005886436,165
"resnet18_random","ResNet18","cRSA","5",0.0457907005886436,185
"resnet18_random","ResNet18","cRSA","7",0.0456365320387816,202
"resnet18_random","ResNet18","cRSA","7",0.0456365320387816,165
"resnet18_random","ResNet18","cRSA","7",0.0456365320387816,185
"resnet50_classification","ResNet50","cRSA","1",0.382745538265719,20
"resnet50_classification","ResNet50","cRSA","1",0.382745538265719,51
"resnet50_classification","ResNet50","cRSA","1",0.382745538265719,60
"resnet50_classification","ResNet50","cRSA","2",0.391785399369335,20
"resnet50_classification","ResNet50","cRSA","2",0.391785399369335,51
"resnet50_classification","ResNet50","cRSA","2",0.391785399369335,60
"resnet50_classification","ResNet50","cRSA","5",0.386445295401704,20
"resnet50_classification","ResNet50","cRSA","5",0.386445295401704,51
"resnet50_classification","ResNet50","cRSA","5",0.386445295401704,60
"resnet50_classification","ResNet50","cRSA","7",0.354549385610477,20
"resnet50_classification","ResNet50","cRSA","7",0.354549385610477,51
"resnet50_classification","ResNet50","cRSA","7",0.354549385610477,60
"resnet50_random","ResNet50","cRSA","1",0.0381442645289506,208
"resnet50_random","ResNet50","cRSA","1",0.0381442645289506,191
"resnet50_random","ResNet50","cRSA","1",0.0381442645289506,214
"resnet50_random","ResNet50","cRSA","2",0.0401552756958073,208
"resnet50_random","ResNet50","cRSA","2",0.0401552756958073,191
"resnet50_random","ResNet50","cRSA","2",0.0401552756958073,214
"resnet50_random","ResNet50","cRSA","5",0.0466945662078657,208
"resnet50_random","ResNet50","cRSA","5",0.0466945662078657,191
"resnet50_random","ResNet50","cRSA","5",0.0466945662078657,214
"resnet50_random","ResNet50","cRSA","7",0.0325827850428164,208
"resnet50_random","ResNet50","cRSA","7",0.0325827850428164,191
"resnet50_random","ResNet50","cRSA","7",0.0325827850428164,214
"ResNet50-BarlowTwins-BS2048_selfsupervised","ResNet50-BarlowTwins-BS2048","cRSA","1",0.359126542255637,28
"ResNet50-BarlowTwins-BS2048_selfsupervised","ResNet50-BarlowTwins-BS2048","cRSA","1",0.359126542255637,53
"ResNet50-BarlowTwins-BS2048_selfsupervised","ResNet50-BarlowTwins-BS2048","cRSA","1",0.359126542255637,63
"ResNet50-BarlowTwins-BS2048_selfsupervised","ResNet50-BarlowTwins-BS2048","cRSA","2",0.384106896295006,28
"ResNet50-BarlowTwins-BS2048_selfsupervised","ResNet50-BarlowTwins-BS2048","cRSA","2",0.384106896295006,53
"ResNet50-BarlowTwins-BS2048_selfsupervised","ResNet50-BarlowTwins-BS2048","cRSA","2",0.384106896295006,63
"ResNet50-BarlowTwins-BS2048_selfsupervised","ResNet50-BarlowTwins-BS2048","cRSA","5",0.378616609542251,28
"ResNet50-BarlowTwins-BS2048_selfsupervised","ResNet50-BarlowTwins-BS2048","cRSA","5",0.378616609542251,53
"ResNet50-BarlowTwins-BS2048_selfsupervised","ResNet50-BarlowTwins-BS2048","cRSA","5",0.378616609542251,63
"ResNet50-BarlowTwins-BS2048_selfsupervised","ResNet50-BarlowTwins-BS2048","cRSA","7",0.346341944617747,28
"ResNet50-BarlowTwins-BS2048_selfsupervised","ResNet50-BarlowTwins-BS2048","cRSA","7",0.346341944617747,53
"ResNet50-BarlowTwins-BS2048_selfsupervised","ResNet50-BarlowTwins-BS2048","cRSA","7",0.346341944617747,63
"ResNet50-ClusterFit-16K-RotNet_selfsupervised","ResNet50-ClusterFit-16K-RotNet","cRSA","1",0.326955999595652,89
"ResNet50-ClusterFit-16K-RotNet_selfsupervised","ResNet50-ClusterFit-16K-RotNet","cRSA","1",0.326955999595652,120
"ResNet50-ClusterFit-16K-RotNet_selfsupervised","ResNet50-ClusterFit-16K-RotNet","cRSA","1",0.326955999595652,121
"ResNet50-ClusterFit-16K-RotNet_selfsupervised","ResNet50-ClusterFit-16K-RotNet","cRSA","2",0.330310067317773,89
"ResNet50-ClusterFit-16K-RotNet_selfsupervised","ResNet50-ClusterFit-16K-RotNet","cRSA","2",0.330310067317773,120
"ResNet50-ClusterFit-16K-RotNet_selfsupervised","ResNet50-ClusterFit-16K-RotNet","cRSA","2",0.330310067317773,121
"ResNet50-ClusterFit-16K-RotNet_selfsupervised","ResNet50-ClusterFit-16K-RotNet","cRSA","5",0.337533518658912,89
"ResNet50-ClusterFit-16K-RotNet_selfsupervised","ResNet50-ClusterFit-16K-RotNet","cRSA","5",0.337533518658912,120
"ResNet50-ClusterFit-16K-RotNet_selfsupervised","ResNet50-ClusterFit-16K-RotNet","cRSA","5",0.337533518658912,121
"ResNet50-ClusterFit-16K-RotNet_selfsupervised","ResNet50-ClusterFit-16K-RotNet","cRSA","7",0.31019829374709,89
"ResNet50-ClusterFit-16K-RotNet_selfsupervised","ResNet50-ClusterFit-16K-RotNet","cRSA","7",0.31019829374709,120
"ResNet50-ClusterFit-16K-RotNet_selfsupervised","ResNet50-ClusterFit-16K-RotNet","cRSA","7",0.31019829374709,121
"ResNet50-DeepClusterV2-2x224+6x96_selfsupervised","ResNet50-DeepClusterV2","cRSA","5",0.327660579135242,87
"ResNet50-DeepClusterV2-2x224+6x96_selfsupervised","ResNet50-DeepClusterV2","cRSA","5",0.327660579135242,38
"ResNet50-DeepClusterV2-2x224+6x96_selfsupervised","ResNet50-DeepClusterV2","cRSA","5",0.327660579135242,42
"ResNet50-DeepClusterV2-2x224+6x96_selfsupervised","ResNet50-DeepClusterV2","cRSA","1",0.32795816755904,87
"ResNet50-DeepClusterV2-2x224+6x96_selfsupervised","ResNet50-DeepClusterV2","cRSA","1",0.32795816755904,38
"ResNet50-DeepClusterV2-2x224+6x96_selfsupervised","ResNet50-DeepClusterV2","cRSA","1",0.32795816755904,42
"ResNet50-DeepClusterV2-2x224+6x96_selfsupervised","ResNet50-DeepClusterV2","cRSA","2",0.343652008489981,87
"ResNet50-DeepClusterV2-2x224+6x96_selfsupervised","ResNet50-DeepClusterV2","cRSA","2",0.343652008489981,38
"ResNet50-DeepClusterV2-2x224+6x96_selfsupervised","ResNet50-DeepClusterV2","cRSA","2",0.343652008489981,42
"ResNet50-DeepClusterV2-2x224+6x96_selfsupervised","ResNet50-DeepClusterV2","cRSA","7",0.319896389290355,87
"ResNet50-DeepClusterV2-2x224+6x96_selfsupervised","ResNet50-DeepClusterV2","cRSA","7",0.319896389290355,38
"ResNet50-DeepClusterV2-2x224+6x96_selfsupervised","ResNet50-DeepClusterV2","cRSA","7",0.319896389290355,42
"ResNet50-JigSaw-Goyal19_selfsupervised","ResNet50-JigSaw-Goyal19","cRSA","1",0.257363136357418,128
"ResNet50-JigSaw-Goyal19_selfsupervised","ResNet50-JigSaw-Goyal19","cRSA","1",0.257363136357418,130
"ResNet50-JigSaw-Goyal19_selfsupervised","ResNet50-JigSaw-Goyal19","cRSA","1",0.257363136357418,131
"ResNet50-JigSaw-Goyal19_selfsupervised","ResNet50-JigSaw-Goyal19","cRSA","2",0.260295671544137,128
"ResNet50-JigSaw-Goyal19_selfsupervised","ResNet50-JigSaw-Goyal19","cRSA","2",0.260295671544137,130
"ResNet50-JigSaw-Goyal19_selfsupervised","ResNet50-JigSaw-Goyal19","cRSA","2",0.260295671544137,131
"ResNet50-JigSaw-Goyal19_selfsupervised","ResNet50-JigSaw-Goyal19","cRSA","5",0.257315807255221,128
"ResNet50-JigSaw-Goyal19_selfsupervised","ResNet50-JigSaw-Goyal19","cRSA","5",0.257315807255221,130
"ResNet50-JigSaw-Goyal19_selfsupervised","ResNet50-JigSaw-Goyal19","cRSA","5",0.257315807255221,131
"ResNet50-JigSaw-Goyal19_selfsupervised","ResNet50-JigSaw-Goyal19","cRSA","7",0.252809890790805,128
"ResNet50-JigSaw-Goyal19_selfsupervised","ResNet50-JigSaw-Goyal19","cRSA","7",0.252809890790805,130
"ResNet50-JigSaw-Goyal19_selfsupervised","ResNet50-JigSaw-Goyal19","cRSA","7",0.252809890790805,131
"ResNet50-JigSaw-P100_selfsupervised","ResNet50-JigSaw-P100","cRSA","1",0.271337783741542,125
"ResNet50-JigSaw-P100_selfsupervised","ResNet50-JigSaw-P100","cRSA","1",0.271337783741542,126
"ResNet50-JigSaw-P100_selfsupervised","ResNet50-JigSaw-P100","cRSA","1",0.271337783741542,129
"ResNet50-JigSaw-P100_selfsupervised","ResNet50-JigSaw-P100","cRSA","2",0.274673040114126,125
"ResNet50-JigSaw-P100_selfsupervised","ResNet50-JigSaw-P100","cRSA","2",0.274673040114126,126
"ResNet50-JigSaw-P100_selfsupervised","ResNet50-JigSaw-P100","cRSA","2",0.274673040114126,129
"ResNet50-JigSaw-P100_selfsupervised","ResNet50-JigSaw-P100","cRSA","5",0.260132963633404,125
"ResNet50-JigSaw-P100_selfsupervised","ResNet50-JigSaw-P100","cRSA","5",0.260132963633404,126
"ResNet50-JigSaw-P100_selfsupervised","ResNet50-JigSaw-P100","cRSA","5",0.260132963633404,129
"ResNet50-JigSaw-P100_selfsupervised","ResNet50-JigSaw-P100","cRSA","7",0.260520106076132,125
"ResNet50-JigSaw-P100_selfsupervised","ResNet50-JigSaw-P100","cRSA","7",0.260520106076132,126
"ResNet50-JigSaw-P100_selfsupervised","ResNet50-JigSaw-P100","cRSA","7",0.260520106076132,129
"ResNet50-MoCoV2-BS256_selfsupervised","ResNet50-MoCoV2-BS256","cRSA","1",0.267110029087105,126
"ResNet50-MoCoV2-BS256_selfsupervised","ResNet50-MoCoV2-BS256","cRSA","1",0.267110029087105,129
"ResNet50-MoCoV2-BS256_selfsupervised","ResNet50-MoCoV2-BS256","cRSA","1",0.267110029087105,127
"ResNet50-MoCoV2-BS256_selfsupervised","ResNet50-MoCoV2-BS256","cRSA","2",0.266185488218769,126
"ResNet50-MoCoV2-BS256_selfsupervised","ResNet50-MoCoV2-BS256","cRSA","2",0.266185488218769,129
"ResNet50-MoCoV2-BS256_selfsupervised","ResNet50-MoCoV2-BS256","cRSA","2",0.266185488218769,127
"ResNet50-MoCoV2-BS256_selfsupervised","ResNet50-MoCoV2-BS256","cRSA","5",0.275461285327101,126
"ResNet50-MoCoV2-BS256_selfsupervised","ResNet50-MoCoV2-BS256","cRSA","5",0.275461285327101,129
"ResNet50-MoCoV2-BS256_selfsupervised","ResNet50-MoCoV2-BS256","cRSA","5",0.275461285327101,127
"ResNet50-MoCoV2-BS256_selfsupervised","ResNet50-MoCoV2-BS256","cRSA","7",0.253259539030005,126
"ResNet50-MoCoV2-BS256_selfsupervised","ResNet50-MoCoV2-BS256","cRSA","7",0.253259539030005,129
"ResNet50-MoCoV2-BS256_selfsupervised","ResNet50-MoCoV2-BS256","cRSA","7",0.253259539030005,127
"ResNet50-PIRL_selfsupervised","ResNet50-PIRL","cRSA","1",0.345848369049775,48
"ResNet50-PIRL_selfsupervised","ResNet50-PIRL","cRSA","1",0.345848369049775,83
"ResNet50-PIRL_selfsupervised","ResNet50-PIRL","cRSA","1",0.345848369049775,80
"ResNet50-PIRL_selfsupervised","ResNet50-PIRL","cRSA","2",0.361110564161531,48
"ResNet50-PIRL_selfsupervised","ResNet50-PIRL","cRSA","2",0.361110564161531,83
"ResNet50-PIRL_selfsupervised","ResNet50-PIRL","cRSA","2",0.361110564161531,80
"ResNet50-PIRL_selfsupervised","ResNet50-PIRL","cRSA","5",0.373911590304203,48
"ResNet50-PIRL_selfsupervised","ResNet50-PIRL","cRSA","5",0.373911590304203,83
"ResNet50-PIRL_selfsupervised","ResNet50-PIRL","cRSA","5",0.373911590304203,80
"ResNet50-PIRL_selfsupervised","ResNet50-PIRL","cRSA","7",0.338279565088804,48
"ResNet50-PIRL_selfsupervised","ResNet50-PIRL","cRSA","7",0.338279565088804,83
"ResNet50-PIRL_selfsupervised","ResNet50-PIRL","cRSA","7",0.338279565088804,80
"ResNet50-RotNet_selfsupervised","ResNet50-RotNet","cRSA","2",0.243869397239712,132
"ResNet50-RotNet_selfsupervised","ResNet50-RotNet","cRSA","2",0.243869397239712,131
"ResNet50-RotNet_selfsupervised","ResNet50-RotNet","cRSA","2",0.243869397239712,130
"ResNet50-RotNet_selfsupervised","ResNet50-RotNet","cRSA","5",0.234970836805007,132
"ResNet50-RotNet_selfsupervised","ResNet50-RotNet","cRSA","5",0.234970836805007,131
"ResNet50-RotNet_selfsupervised","ResNet50-RotNet","cRSA","5",0.234970836805007,130
"ResNet50-RotNet_selfsupervised","ResNet50-RotNet","cRSA","7",0.233145888913087,132
"ResNet50-RotNet_selfsupervised","ResNet50-RotNet","cRSA","7",0.233145888913087,131
"ResNet50-RotNet_selfsupervised","ResNet50-RotNet","cRSA","7",0.233145888913087,130
"ResNet50-RotNet_selfsupervised","ResNet50-RotNet","cRSA","1",0.240528760616503,132
"ResNet50-RotNet_selfsupervised","ResNet50-RotNet","cRSA","1",0.240528760616503,131
"ResNet50-RotNet_selfsupervised","ResNet50-RotNet","cRSA","1",0.240528760616503,130
"ResNet50-SimCLR_selfsupervised","ResNet50-SimCLR","cRSA","2",0.372517631091287,35
"ResNet50-SimCLR_selfsupervised","ResNet50-SimCLR","cRSA","2",0.372517631091287,41
"ResNet50-SimCLR_selfsupervised","ResNet50-SimCLR","cRSA","2",0.372517631091287,18
"ResNet50-SimCLR_selfsupervised","ResNet50-SimCLR","cRSA","5",0.366696195980286,35
"ResNet50-SimCLR_selfsupervised","ResNet50-SimCLR","cRSA","5",0.366696195980286,41
"ResNet50-SimCLR_selfsupervised","ResNet50-SimCLR","cRSA","5",0.366696195980286,18
"ResNet50-SimCLR_selfsupervised","ResNet50-SimCLR","cRSA","1",0.361053328048899,35
"ResNet50-SimCLR_selfsupervised","ResNet50-SimCLR","cRSA","1",0.361053328048899,41
"ResNet50-SimCLR_selfsupervised","ResNet50-SimCLR","cRSA","1",0.361053328048899,18
"ResNet50-SimCLR_selfsupervised","ResNet50-SimCLR","cRSA","7",0.346211602037494,35
"ResNet50-SimCLR_selfsupervised","ResNet50-SimCLR","cRSA","7",0.346211602037494,41
"ResNet50-SimCLR_selfsupervised","ResNet50-SimCLR","cRSA","7",0.346211602037494,18
"ResNet50-SwAV-BS4096-2x224+6x96_selfsupervised","ResNet50-SwAV-BS4096","cRSA","5",0.329288730583657,76
"ResNet50-SwAV-BS4096-2x224+6x96_selfsupervised","ResNet50-SwAV-BS4096","cRSA","5",0.329288730583657,39
"ResNet50-SwAV-BS4096-2x224+6x96_selfsupervised","ResNet50-SwAV-BS4096","cRSA","5",0.329288730583657,56
"ResNet50-SwAV-BS4096-2x224+6x96_selfsupervised","ResNet50-SwAV-BS4096","cRSA","1",0.334218641403907,76
"ResNet50-SwAV-BS4096-2x224+6x96_selfsupervised","ResNet50-SwAV-BS4096","cRSA","1",0.334218641403907,39
"ResNet50-SwAV-BS4096-2x224+6x96_selfsupervised","ResNet50-SwAV-BS4096","cRSA","1",0.334218641403907,56
"ResNet50-SwAV-BS4096-2x224+6x96_selfsupervised","ResNet50-SwAV-BS4096","cRSA","2",0.354271066580518,76
"ResNet50-SwAV-BS4096-2x224+6x96_selfsupervised","ResNet50-SwAV-BS4096","cRSA","2",0.354271066580518,39
"ResNet50-SwAV-BS4096-2x224+6x96_selfsupervised","ResNet50-SwAV-BS4096","cRSA","2",0.354271066580518,56
"ResNet50-SwAV-BS4096-2x224+6x96_selfsupervised","ResNet50-SwAV-BS4096","cRSA","7",0.332036686679909,76
"ResNet50-SwAV-BS4096-2x224+6x96_selfsupervised","ResNet50-SwAV-BS4096","cRSA","7",0.332036686679909,39
"ResNet50-SwAV-BS4096-2x224+6x96_selfsupervised","ResNet50-SwAV-BS4096","cRSA","7",0.332036686679909,56
"retinanet_R_50_FPN_3x_detection","RetinaNet-ResNet50-FPN","cRSA","1",0.332486562702459,41
"retinanet_R_50_FPN_3x_detection","RetinaNet-ResNet50-FPN","cRSA","1",0.332486562702459,79
"retinanet_R_50_FPN_3x_detection","RetinaNet-ResNet50-FPN","cRSA","1",0.332486562702459,91
"retinanet_R_50_FPN_3x_detection","RetinaNet-ResNet50-FPN","cRSA","2",0.375590574636188,41
"retinanet_R_50_FPN_3x_detection","RetinaNet-ResNet50-FPN","cRSA","2",0.375590574636188,79
"retinanet_R_50_FPN_3x_detection","RetinaNet-ResNet50-FPN","cRSA","2",0.375590574636188,91
"retinanet_R_50_FPN_3x_detection","RetinaNet-ResNet50-FPN","cRSA","5",0.371186250388643,41
"retinanet_R_50_FPN_3x_detection","RetinaNet-ResNet50-FPN","cRSA","5",0.371186250388643,79
"retinanet_R_50_FPN_3x_detection","RetinaNet-ResNet50-FPN","cRSA","5",0.371186250388643,91
"retinanet_R_50_FPN_3x_detection","RetinaNet-ResNet50-FPN","cRSA","7",0.349605364619397,41
"retinanet_R_50_FPN_3x_detection","RetinaNet-ResNet50-FPN","cRSA","7",0.349605364619397,79
"retinanet_R_50_FPN_3x_detection","RetinaNet-ResNet50-FPN","cRSA","7",0.349605364619397,91
"RN101_clip","CLiP-ResNet101","cRSA","1",0.348600105568012,49
"RN101_clip","CLiP-ResNet101","cRSA","1",0.348600105568012,10
"RN101_clip","CLiP-ResNet101","cRSA","1",0.348600105568012,2
"RN101_clip","CLiP-ResNet101","cRSA","2",0.3676183378001,49
"RN101_clip","CLiP-ResNet101","cRSA","2",0.3676183378001,10
"RN101_clip","CLiP-ResNet101","cRSA","2",0.3676183378001,2
"RN101_clip","CLiP-ResNet101","cRSA","5",0.359598987201907,49
"RN101_clip","CLiP-ResNet101","cRSA","5",0.359598987201907,10
"RN101_clip","CLiP-ResNet101","cRSA","5",0.359598987201907,2
"RN101_clip","CLiP-ResNet101","cRSA","7",0.33687493620354,49
"RN101_clip","CLiP-ResNet101","cRSA","7",0.33687493620354,10
"RN101_clip","CLiP-ResNet101","cRSA","7",0.33687493620354,2
"RN50_clip","CLiP-ResNet50","cRSA","1",0.34112418883536,67
"RN50_clip","CLiP-ResNet50","cRSA","1",0.34112418883536,2
"RN50_clip","CLiP-ResNet50","cRSA","1",0.34112418883536,1
"RN50_clip","CLiP-ResNet50","cRSA","2",0.353318053106966,67
"RN50_clip","CLiP-ResNet50","cRSA","2",0.353318053106966,2
"RN50_clip","CLiP-ResNet50","cRSA","2",0.353318053106966,1
"RN50_clip","CLiP-ResNet50","cRSA","7",0.324187065704213,67
"RN50_clip","CLiP-ResNet50","cRSA","7",0.324187065704213,2
"RN50_clip","CLiP-ResNet50","cRSA","7",0.324187065704213,1
"RN50_clip","CLiP-ResNet50","cRSA","5",0.364872978429313,67
"RN50_clip","CLiP-ResNet50","cRSA","5",0.364872978429313,2
"RN50_clip","CLiP-ResNet50","cRSA","5",0.364872978429313,1
"room_layout_taskonomy","Room Layout","cRSA","1",0.132679559865659,144
"room_layout_taskonomy","Room Layout","cRSA","1",0.132679559865659,145
"room_layout_taskonomy","Room Layout","cRSA","1",0.132679559865659,146
"room_layout_taskonomy","Room Layout","cRSA","5",0.147830302883474,144
"room_layout_taskonomy","Room Layout","cRSA","5",0.147830302883474,145
"room_layout_taskonomy","Room Layout","cRSA","5",0.147830302883474,146
"room_layout_taskonomy","Room Layout","cRSA","7",0.132060806917903,144
"room_layout_taskonomy","Room Layout","cRSA","7",0.132060806917903,145
"room_layout_taskonomy","Room Layout","cRSA","7",0.132060806917903,146
"room_layout_taskonomy","Room Layout","cRSA","2",0.135719010852397,144
"room_layout_taskonomy","Room Layout","cRSA","2",0.135719010852397,145
"room_layout_taskonomy","Room Layout","cRSA","2",0.135719010852397,146
"segment_semantic_taskonomy","Semantic Segmentation","cRSA","1",0.144205207906607,143
"segment_semantic_taskonomy","Semantic Segmentation","cRSA","1",0.144205207906607,144
"segment_semantic_taskonomy","Semantic Segmentation","cRSA","2",0.143989142911859,143
"segment_semantic_taskonomy","Semantic Segmentation","cRSA","2",0.143989142911859,144
"segment_semantic_taskonomy","Semantic Segmentation","cRSA","5",0.144180317678145,143
"segment_semantic_taskonomy","Semantic Segmentation","cRSA","5",0.144180317678145,144
"segment_semantic_taskonomy","Semantic Segmentation","cRSA","7",0.144749836706988,143
"segment_semantic_taskonomy","Semantic Segmentation","cRSA","7",0.144749836706988,144
"segment_unsup25d_taskonomy","Unsupervised 2.5D Segmentation","cRSA","1",0.163466844512209,137
"segment_unsup25d_taskonomy","Unsupervised 2.5D Segmentation","cRSA","1",0.163466844512209,142
"segment_unsup25d_taskonomy","Unsupervised 2.5D Segmentation","cRSA","1",0.163466844512209,145
"segment_unsup25d_taskonomy","Unsupervised 2.5D Segmentation","cRSA","2",0.16525509456274,137
"segment_unsup25d_taskonomy","Unsupervised 2.5D Segmentation","cRSA","2",0.16525509456274,142
"segment_unsup25d_taskonomy","Unsupervised 2.5D Segmentation","cRSA","2",0.16525509456274,145
"segment_unsup25d_taskonomy","Unsupervised 2.5D Segmentation","cRSA","5",0.181975662393425,137
"segment_unsup25d_taskonomy","Unsupervised 2.5D Segmentation","cRSA","5",0.181975662393425,142
"segment_unsup25d_taskonomy","Unsupervised 2.5D Segmentation","cRSA","5",0.181975662393425,145
"segment_unsup25d_taskonomy","Unsupervised 2.5D Segmentation","cRSA","7",0.173590012832304,137
"segment_unsup25d_taskonomy","Unsupervised 2.5D Segmentation","cRSA","7",0.173590012832304,142
"segment_unsup25d_taskonomy","Unsupervised 2.5D Segmentation","cRSA","7",0.173590012832304,145
"segment_unsup2d_taskonomy","Unsupervised 2D Segmentation","cRSA","1",0.0871762964417026,155
"segment_unsup2d_taskonomy","Unsupervised 2D Segmentation","cRSA","1",0.0871762964417026,154
"segment_unsup2d_taskonomy","Unsupervised 2D Segmentation","cRSA","2",0.0782931601179139,155
"segment_unsup2d_taskonomy","Unsupervised 2D Segmentation","cRSA","2",0.0782931601179139,154
"segment_unsup2d_taskonomy","Unsupervised 2D Segmentation","cRSA","5",0.0689270820318981,155
"segment_unsup2d_taskonomy","Unsupervised 2D Segmentation","cRSA","5",0.0689270820318981,154
"segment_unsup2d_taskonomy","Unsupervised 2D Segmentation","cRSA","7",0.0891756362263992,155
"segment_unsup2d_taskonomy","Unsupervised 2D Segmentation","cRSA","7",0.0891756362263992,154
"semnasnet_100_classification","SemNASNet100","cRSA","1",0.390433113809271,9
"semnasnet_100_classification","SemNASNet100","cRSA","1",0.390433113809271,67
"semnasnet_100_classification","SemNASNet100","cRSA","1",0.390433113809271,62
"semnasnet_100_classification","SemNASNet100","cRSA","2",0.415675865335111,9
"semnasnet_100_classification","SemNASNet100","cRSA","2",0.415675865335111,67
"semnasnet_100_classification","SemNASNet100","cRSA","2",0.415675865335111,62
"semnasnet_100_classification","SemNASNet100","cRSA","5",0.434815521796239,9
"semnasnet_100_classification","SemNASNet100","cRSA","5",0.434815521796239,67
"semnasnet_100_classification","SemNASNet100","cRSA","5",0.434815521796239,62
"semnasnet_100_classification","SemNASNet100","cRSA","7",0.378957436028035,9
"semnasnet_100_classification","SemNASNet100","cRSA","7",0.378957436028035,67
"semnasnet_100_classification","SemNASNet100","cRSA","7",0.378957436028035,62
"semnasnet_100_random","SemNASNet100","cRSA","1",0.0399864684261886,216
"semnasnet_100_random","SemNASNet100","cRSA","1",0.0399864684261886,210
"semnasnet_100_random","SemNASNet100","cRSA","1",0.0399864684261886,215
"semnasnet_100_random","SemNASNet100","cRSA","2",0.0343901370402316,216
"semnasnet_100_random","SemNASNet100","cRSA","2",0.0343901370402316,210
"semnasnet_100_random","SemNASNet100","cRSA","2",0.0343901370402316,215
"semnasnet_100_random","SemNASNet100","cRSA","5",0.0349129688448311,216
"semnasnet_100_random","SemNASNet100","cRSA","5",0.0349129688448311,210
"semnasnet_100_random","SemNASNet100","cRSA","5",0.0349129688448311,215
"semnasnet_100_random","SemNASNet100","cRSA","7",0.0204528452016131,216
"semnasnet_100_random","SemNASNet100","cRSA","7",0.0204528452016131,210
"semnasnet_100_random","SemNASNet100","cRSA","7",0.0204528452016131,215
"seresnext50_32x4d_classification","SEResNext50-32x4D","cRSA","1",0.380362542292041,19
"seresnext50_32x4d_classification","SEResNext50-32x4D","cRSA","1",0.380362542292041,82
"seresnext50_32x4d_classification","SEResNext50-32x4D","cRSA","1",0.380362542292041,74
"seresnext50_32x4d_classification","SEResNext50-32x4D","cRSA","2",0.388522742485518,19
"seresnext50_32x4d_classification","SEResNext50-32x4D","cRSA","2",0.388522742485518,82
"seresnext50_32x4d_classification","SEResNext50-32x4D","cRSA","2",0.388522742485518,74
"seresnext50_32x4d_classification","SEResNext50-32x4D","cRSA","5",0.403218035187812,19
"seresnext50_32x4d_classification","SEResNext50-32x4D","cRSA","5",0.403218035187812,82
"seresnext50_32x4d_classification","SEResNext50-32x4D","cRSA","5",0.403218035187812,74
"seresnext50_32x4d_classification","SEResNext50-32x4D","cRSA","7",0.362422760112975,19
"seresnext50_32x4d_classification","SEResNext50-32x4D","cRSA","7",0.362422760112975,82
"seresnext50_32x4d_classification","SEResNext50-32x4D","cRSA","7",0.362422760112975,74
"seresnext50_32x4d_random","SEResNext50-32x4D","cRSA","1",0.0524315899543472,199
"seresnext50_32x4d_random","SEResNext50-32x4D","cRSA","1",0.0524315899543472,184
"seresnext50_32x4d_random","SEResNext50-32x4D","cRSA","1",0.0524315899543472,180
"seresnext50_32x4d_random","SEResNext50-32x4D","cRSA","2",0.0466148617743626,199
"seresnext50_32x4d_random","SEResNext50-32x4D","cRSA","2",0.0466148617743626,184
"seresnext50_32x4d_random","SEResNext50-32x4D","cRSA","2",0.0466148617743626,180
"seresnext50_32x4d_random","SEResNext50-32x4D","cRSA","5",0.0520395279298423,199
"seresnext50_32x4d_random","SEResNext50-32x4D","cRSA","5",0.0520395279298423,184
"seresnext50_32x4d_random","SEResNext50-32x4D","cRSA","5",0.0520395279298423,180
"seresnext50_32x4d_random","SEResNext50-32x4D","cRSA","7",0.045993149319256,199
"seresnext50_32x4d_random","SEResNext50-32x4D","cRSA","7",0.045993149319256,184
"seresnext50_32x4d_random","SEResNext50-32x4D","cRSA","7",0.045993149319256,180
"shufflenet_v2_x1_0_classification","ShuffleNet-V2-x1.0","cRSA","1",0.35576903328529,42
"shufflenet_v2_x1_0_classification","ShuffleNet-V2-x1.0","cRSA","1",0.35576903328529,64
"shufflenet_v2_x1_0_classification","ShuffleNet-V2-x1.0","cRSA","1",0.35576903328529,102
"shufflenet_v2_x1_0_classification","ShuffleNet-V2-x1.0","cRSA","2",0.368309272057739,42
"shufflenet_v2_x1_0_classification","ShuffleNet-V2-x1.0","cRSA","2",0.368309272057739,64
"shufflenet_v2_x1_0_classification","ShuffleNet-V2-x1.0","cRSA","2",0.368309272057739,102
"shufflenet_v2_x1_0_classification","ShuffleNet-V2-x1.0","cRSA","5",0.361479169640393,42
"shufflenet_v2_x1_0_classification","ShuffleNet-V2-x1.0","cRSA","5",0.361479169640393,64
"shufflenet_v2_x1_0_classification","ShuffleNet-V2-x1.0","cRSA","5",0.361479169640393,102
"shufflenet_v2_x1_0_classification","ShuffleNet-V2-x1.0","cRSA","7",0.342857274788889,42
"shufflenet_v2_x1_0_classification","ShuffleNet-V2-x1.0","cRSA","7",0.342857274788889,64
"shufflenet_v2_x1_0_classification","ShuffleNet-V2-x1.0","cRSA","7",0.342857274788889,102
"shufflenet_v2_x1_0_random","ShuffleNet-V2-x1.0","cRSA","1",0.0508135568414081,206
"shufflenet_v2_x1_0_random","ShuffleNet-V2-x1.0","cRSA","1",0.0508135568414081,207
"shufflenet_v2_x1_0_random","ShuffleNet-V2-x1.0","cRSA","1",0.0508135568414081,224
"shufflenet_v2_x1_0_random","ShuffleNet-V2-x1.0","cRSA","2",0.0460229999086228,206
"shufflenet_v2_x1_0_random","ShuffleNet-V2-x1.0","cRSA","2",0.0460229999086228,207
"shufflenet_v2_x1_0_random","ShuffleNet-V2-x1.0","cRSA","2",0.0460229999086228,224
"shufflenet_v2_x1_0_random","ShuffleNet-V2-x1.0","cRSA","5",0.0520073680666668,206
"shufflenet_v2_x1_0_random","ShuffleNet-V2-x1.0","cRSA","5",0.0520073680666668,207
"shufflenet_v2_x1_0_random","ShuffleNet-V2-x1.0","cRSA","5",0.0520073680666668,224
"shufflenet_v2_x1_0_random","ShuffleNet-V2-x1.0","cRSA","7",0.0133405431465979,206
"shufflenet_v2_x1_0_random","ShuffleNet-V2-x1.0","cRSA","7",0.0133405431465979,207
"shufflenet_v2_x1_0_random","ShuffleNet-V2-x1.0","cRSA","7",0.0133405431465979,224
"skresnext50_32x4d_classification","SKResNext50-32x4D","cRSA","1",0.32310556176693,47
"skresnext50_32x4d_classification","SKResNext50-32x4D","cRSA","1",0.32310556176693,75
"skresnext50_32x4d_classification","SKResNext50-32x4D","cRSA","1",0.32310556176693,90
"skresnext50_32x4d_classification","SKResNext50-32x4D","cRSA","2",0.354640063977837,47
"skresnext50_32x4d_classification","SKResNext50-32x4D","cRSA","2",0.354640063977837,75
"skresnext50_32x4d_classification","SKResNext50-32x4D","cRSA","2",0.354640063977837,90
"skresnext50_32x4d_classification","SKResNext50-32x4D","cRSA","5",0.389558731374425,47
"skresnext50_32x4d_classification","SKResNext50-32x4D","cRSA","5",0.389558731374425,75
"skresnext50_32x4d_classification","SKResNext50-32x4D","cRSA","5",0.389558731374425,90
"skresnext50_32x4d_classification","SKResNext50-32x4D","cRSA","7",0.35424617339712,47
"skresnext50_32x4d_classification","SKResNext50-32x4D","cRSA","7",0.35424617339712,75
"skresnext50_32x4d_classification","SKResNext50-32x4D","cRSA","7",0.35424617339712,90
"skresnext50_32x4d_random","SKResNext50-32x4D","cRSA","1",0.0506301980226341,203
"skresnext50_32x4d_random","SKResNext50-32x4D","cRSA","1",0.0506301980226341,163
"skresnext50_32x4d_random","SKResNext50-32x4D","cRSA","1",0.0506301980226341,164
"skresnext50_32x4d_random","SKResNext50-32x4D","cRSA","2",0.0455985249141254,203
"skresnext50_32x4d_random","SKResNext50-32x4D","cRSA","2",0.0455985249141254,163
"skresnext50_32x4d_random","SKResNext50-32x4D","cRSA","2",0.0455985249141254,164
"skresnext50_32x4d_random","SKResNext50-32x4D","cRSA","5",0.0502479711154012,203
"skresnext50_32x4d_random","SKResNext50-32x4D","cRSA","5",0.0502479711154012,163
"skresnext50_32x4d_random","SKResNext50-32x4D","cRSA","5",0.0502479711154012,164
"skresnext50_32x4d_random","SKResNext50-32x4D","cRSA","7",0.0276641813079659,203
"skresnext50_32x4d_random","SKResNext50-32x4D","cRSA","7",0.0276641813079659,163
"skresnext50_32x4d_random","SKResNext50-32x4D","cRSA","7",0.0276641813079659,164
"squeezenet1_0_classification","SqueezeNet1.0","cRSA","1",0.316277087589107,93
"squeezenet1_0_classification","SqueezeNet1.0","cRSA","1",0.316277087589107,122
"squeezenet1_0_classification","SqueezeNet1.0","cRSA","1",0.316277087589107,124
"squeezenet1_0_classification","SqueezeNet1.0","cRSA","2",0.331576272722113,93
"squeezenet1_0_classification","SqueezeNet1.0","cRSA","2",0.331576272722113,122
"squeezenet1_0_classification","SqueezeNet1.0","cRSA","2",0.331576272722113,124
"squeezenet1_0_classification","SqueezeNet1.0","cRSA","7",0.305294587882297,93
"squeezenet1_0_classification","SqueezeNet1.0","cRSA","7",0.305294587882297,122
"squeezenet1_0_classification","SqueezeNet1.0","cRSA","7",0.305294587882297,124
"squeezenet1_0_classification","SqueezeNet1.0","cRSA","5",0.337744470010878,93
"squeezenet1_0_classification","SqueezeNet1.0","cRSA","5",0.337744470010878,122
"squeezenet1_0_classification","SqueezeNet1.0","cRSA","5",0.337744470010878,124
"squeezenet1_0_random","SqueezeNet1.0","cRSA","1",0.0742587899942416,166
"squeezenet1_0_random","SqueezeNet1.0","cRSA","1",0.0742587899942416,162
"squeezenet1_0_random","SqueezeNet1.0","cRSA","1",0.0742587899942416,172
"squeezenet1_0_random","SqueezeNet1.0","cRSA","2",0.0545176800495924,166
"squeezenet1_0_random","SqueezeNet1.0","cRSA","2",0.0545176800495924,162
"squeezenet1_0_random","SqueezeNet1.0","cRSA","2",0.0545176800495924,172
"squeezenet1_0_random","SqueezeNet1.0","cRSA","5",0.0753123609796815,166
"squeezenet1_0_random","SqueezeNet1.0","cRSA","5",0.0753123609796815,162
"squeezenet1_0_random","SqueezeNet1.0","cRSA","5",0.0753123609796815,172
"squeezenet1_0_random","SqueezeNet1.0","cRSA","7",0.0786635156986507,166
"squeezenet1_0_random","SqueezeNet1.0","cRSA","7",0.0786635156986507,162
"squeezenet1_0_random","SqueezeNet1.0","cRSA","7",0.0786635156986507,172
"swin_base_patch4_window7_224_classification","Swin-B-P4-W7","cRSA","1",0.307089840610764,110
"swin_base_patch4_window7_224_classification","Swin-B-P4-W7","cRSA","1",0.307089840610764,63
"swin_base_patch4_window7_224_classification","Swin-B-P4-W7","cRSA","1",0.307089840610764,64
"swin_base_patch4_window7_224_classification","Swin-B-P4-W7","cRSA","7",0.302905364977076,110
"swin_base_patch4_window7_224_classification","Swin-B-P4-W7","cRSA","7",0.302905364977076,63
"swin_base_patch4_window7_224_classification","Swin-B-P4-W7","cRSA","7",0.302905364977076,64
"swin_base_patch4_window7_224_classification","Swin-B-P4-W7","cRSA","2",0.291392600491692,110
"swin_base_patch4_window7_224_classification","Swin-B-P4-W7","cRSA","2",0.291392600491692,63
"swin_base_patch4_window7_224_classification","Swin-B-P4-W7","cRSA","2",0.291392600491692,64
"swin_base_patch4_window7_224_classification","Swin-B-P4-W7","cRSA","5",0.28391172859217,110
"swin_base_patch4_window7_224_classification","Swin-B-P4-W7","cRSA","5",0.28391172859217,63
"swin_base_patch4_window7_224_classification","Swin-B-P4-W7","cRSA","5",0.28391172859217,64
"swin_base_patch4_window7_224_in22k_classification","Swin-B-P4-W7-IN21K","cRSA","7",0.306187563496085,94
"swin_base_patch4_window7_224_in22k_classification","Swin-B-P4-W7-IN21K","cRSA","7",0.306187563496085,58
"swin_base_patch4_window7_224_in22k_classification","Swin-B-P4-W7-IN21K","cRSA","7",0.306187563496085,15
"swin_base_patch4_window7_224_in22k_classification","Swin-B-P4-W7-IN21K","cRSA","2",0.293739559059122,94
"swin_base_patch4_window7_224_in22k_classification","Swin-B-P4-W7-IN21K","cRSA","2",0.293739559059122,58
"swin_base_patch4_window7_224_in22k_classification","Swin-B-P4-W7-IN21K","cRSA","2",0.293739559059122,15
"swin_base_patch4_window7_224_in22k_classification","Swin-B-P4-W7-IN21K","cRSA","1",0.3308673621352,94
"swin_base_patch4_window7_224_in22k_classification","Swin-B-P4-W7-IN21K","cRSA","1",0.3308673621352,58
"swin_base_patch4_window7_224_in22k_classification","Swin-B-P4-W7-IN21K","cRSA","1",0.3308673621352,15
"swin_base_patch4_window7_224_in22k_classification","Swin-B-P4-W7-IN21K","cRSA","5",0.359742239257184,94
"swin_base_patch4_window7_224_in22k_classification","Swin-B-P4-W7-IN21K","cRSA","5",0.359742239257184,58
"swin_base_patch4_window7_224_in22k_classification","Swin-B-P4-W7-IN21K","cRSA","5",0.359742239257184,15
"swin_base_patch4_window7_224_random","Swin-B-P4-W7","cRSA","1",0.0790100803449158,165
"swin_base_patch4_window7_224_random","Swin-B-P4-W7","cRSA","1",0.0790100803449158,171
"swin_base_patch4_window7_224_random","Swin-B-P4-W7","cRSA","1",0.0790100803449158,188
"swin_base_patch4_window7_224_random","Swin-B-P4-W7","cRSA","5",0.0815237176928209,165
"swin_base_patch4_window7_224_random","Swin-B-P4-W7","cRSA","5",0.0815237176928209,171
"swin_base_patch4_window7_224_random","Swin-B-P4-W7","cRSA","5",0.0815237176928209,188
"swin_base_patch4_window7_224_random","Swin-B-P4-W7","cRSA","7",0.0772887704365551,165
"swin_base_patch4_window7_224_random","Swin-B-P4-W7","cRSA","7",0.0772887704365551,171
"swin_base_patch4_window7_224_random","Swin-B-P4-W7","cRSA","7",0.0772887704365551,188
"swin_base_patch4_window7_224_random","Swin-B-P4-W7","cRSA","2",0.0462645149221518,165
"swin_base_patch4_window7_224_random","Swin-B-P4-W7","cRSA","2",0.0462645149221518,171
"swin_base_patch4_window7_224_random","Swin-B-P4-W7","cRSA","2",0.0462645149221518,188
"swin_large_patch4_window7_224_classification","Swin-L-P4-W7","cRSA","2",0.285792934794685,120
"swin_large_patch4_window7_224_classification","Swin-L-P4-W7","cRSA","2",0.285792934794685,60
"swin_large_patch4_window7_224_classification","Swin-L-P4-W7","cRSA","2",0.285792934794685,50
"swin_large_patch4_window7_224_classification","Swin-L-P4-W7","cRSA","5",0.277259331826107,120
"swin_large_patch4_window7_224_classification","Swin-L-P4-W7","cRSA","5",0.277259331826107,60
"swin_large_patch4_window7_224_classification","Swin-L-P4-W7","cRSA","5",0.277259331826107,50
"swin_large_patch4_window7_224_classification","Swin-L-P4-W7","cRSA","1",0.285859823184878,120
"swin_large_patch4_window7_224_classification","Swin-L-P4-W7","cRSA","1",0.285859823184878,60
"swin_large_patch4_window7_224_classification","Swin-L-P4-W7","cRSA","1",0.285859823184878,50
"swin_large_patch4_window7_224_classification","Swin-L-P4-W7","cRSA","7",0.281990140338349,120
"swin_large_patch4_window7_224_classification","Swin-L-P4-W7","cRSA","7",0.281990140338349,60
"swin_large_patch4_window7_224_classification","Swin-L-P4-W7","cRSA","7",0.281990140338349,50
"swin_large_patch4_window7_224_in22k_classification","Swin-L-P4-W7-IN21K","cRSA","2",0.311131498174523,91
"swin_large_patch4_window7_224_in22k_classification","Swin-L-P4-W7-IN21K","cRSA","2",0.311131498174523,45
"swin_large_patch4_window7_224_in22k_classification","Swin-L-P4-W7-IN21K","cRSA","2",0.311131498174523,16
"swin_large_patch4_window7_224_in22k_classification","Swin-L-P4-W7-IN21K","cRSA","7",0.303014622261884,91
"swin_large_patch4_window7_224_in22k_classification","Swin-L-P4-W7-IN21K","cRSA","7",0.303014622261884,45
"swin_large_patch4_window7_224_in22k_classification","Swin-L-P4-W7-IN21K","cRSA","7",0.303014622261884,16
"swin_large_patch4_window7_224_in22k_classification","Swin-L-P4-W7-IN21K","cRSA","1",0.327812577304689,91
"swin_large_patch4_window7_224_in22k_classification","Swin-L-P4-W7-IN21K","cRSA","1",0.327812577304689,45
"swin_large_patch4_window7_224_in22k_classification","Swin-L-P4-W7-IN21K","cRSA","1",0.327812577304689,16
"swin_large_patch4_window7_224_in22k_classification","Swin-L-P4-W7-IN21K","cRSA","5",0.355410904014272,91
"swin_large_patch4_window7_224_in22k_classification","Swin-L-P4-W7-IN21K","cRSA","5",0.355410904014272,45
"swin_large_patch4_window7_224_in22k_classification","Swin-L-P4-W7-IN21K","cRSA","5",0.355410904014272,16
"swin_large_patch4_window7_224_random","Swin-L-P4-W7","cRSA","2",0.0650908416530297,176
"swin_large_patch4_window7_224_random","Swin-L-P4-W7","cRSA","2",0.0650908416530297,175
"swin_large_patch4_window7_224_random","Swin-L-P4-W7","cRSA","2",0.0650908416530297,178
"swin_large_patch4_window7_224_random","Swin-L-P4-W7","cRSA","5",0.0786503672616469,176
"swin_large_patch4_window7_224_random","Swin-L-P4-W7","cRSA","5",0.0786503672616469,175
"swin_large_patch4_window7_224_random","Swin-L-P4-W7","cRSA","5",0.0786503672616469,178
"swin_large_patch4_window7_224_random","Swin-L-P4-W7","cRSA","7",0.0701421678517029,176
"swin_large_patch4_window7_224_random","Swin-L-P4-W7","cRSA","7",0.0701421678517029,175
"swin_large_patch4_window7_224_random","Swin-L-P4-W7","cRSA","7",0.0701421678517029,178
"swin_large_patch4_window7_224_random","Swin-L-P4-W7","cRSA","1",0.0407089761448358,176
"swin_large_patch4_window7_224_random","Swin-L-P4-W7","cRSA","1",0.0407089761448358,175
"swin_large_patch4_window7_224_random","Swin-L-P4-W7","cRSA","1",0.0407089761448358,178
"swin_tiny_patch4_window7_224_classification","Swin-T-P4-W7","cRSA","1",0.32000327832204,101
"swin_tiny_patch4_window7_224_classification","Swin-T-P4-W7","cRSA","1",0.32000327832204,33
"swin_tiny_patch4_window7_224_classification","Swin-T-P4-W7","cRSA","1",0.32000327832204,65
"swin_tiny_patch4_window7_224_classification","Swin-T-P4-W7","cRSA","2",0.319919683628593,101
"swin_tiny_patch4_window7_224_classification","Swin-T-P4-W7","cRSA","2",0.319919683628593,33
"swin_tiny_patch4_window7_224_classification","Swin-T-P4-W7","cRSA","2",0.319919683628593,65
"swin_tiny_patch4_window7_224_classification","Swin-T-P4-W7","cRSA","5",0.317003999043198,101
"swin_tiny_patch4_window7_224_classification","Swin-T-P4-W7","cRSA","5",0.317003999043198,33
"swin_tiny_patch4_window7_224_classification","Swin-T-P4-W7","cRSA","5",0.317003999043198,65
"swin_tiny_patch4_window7_224_classification","Swin-T-P4-W7","cRSA","7",0.30419941549791,101
"swin_tiny_patch4_window7_224_classification","Swin-T-P4-W7","cRSA","7",0.30419941549791,33
"swin_tiny_patch4_window7_224_classification","Swin-T-P4-W7","cRSA","7",0.30419941549791,65
"swin_tiny_patch4_window7_224_random","Swin-T-P4-W7","cRSA","1",0.0803147458118068,159
"swin_tiny_patch4_window7_224_random","Swin-T-P4-W7","cRSA","1",0.0803147458118068,192
"swin_tiny_patch4_window7_224_random","Swin-T-P4-W7","cRSA","1",0.0803147458118068,189
"swin_tiny_patch4_window7_224_random","Swin-T-P4-W7","cRSA","2",0.0646213048527015,159
"swin_tiny_patch4_window7_224_random","Swin-T-P4-W7","cRSA","2",0.0646213048527015,192
"swin_tiny_patch4_window7_224_random","Swin-T-P4-W7","cRSA","2",0.0646213048527015,189
"swin_tiny_patch4_window7_224_random","Swin-T-P4-W7","cRSA","5",0.0784941546919026,159
"swin_tiny_patch4_window7_224_random","Swin-T-P4-W7","cRSA","5",0.0784941546919026,192
"swin_tiny_patch4_window7_224_random","Swin-T-P4-W7","cRSA","5",0.0784941546919026,189
"swin_tiny_patch4_window7_224_random","Swin-T-P4-W7","cRSA","7",0.0735272209818567,159
"swin_tiny_patch4_window7_224_random","Swin-T-P4-W7","cRSA","7",0.0735272209818567,192
"swin_tiny_patch4_window7_224_random","Swin-T-P4-W7","cRSA","7",0.0735272209818567,189
"tnt_s_patch16_224_classification","TnT-P16-224","cRSA","1",0.272747704589109,121
"tnt_s_patch16_224_classification","TnT-P16-224","cRSA","1",0.272747704589109,92
"tnt_s_patch16_224_classification","TnT-P16-224","cRSA","1",0.272747704589109,103
"tnt_s_patch16_224_classification","TnT-P16-224","cRSA","2",0.284518982337054,121
"tnt_s_patch16_224_classification","TnT-P16-224","cRSA","2",0.284518982337054,92
"tnt_s_patch16_224_classification","TnT-P16-224","cRSA","2",0.284518982337054,103
"tnt_s_patch16_224_classification","TnT-P16-224","cRSA","5",0.291061893658751,121
"tnt_s_patch16_224_classification","TnT-P16-224","cRSA","5",0.291061893658751,92
"tnt_s_patch16_224_classification","TnT-P16-224","cRSA","5",0.291061893658751,103
"tnt_s_patch16_224_classification","TnT-P16-224","cRSA","7",0.27524321437402,121
"tnt_s_patch16_224_classification","TnT-P16-224","cRSA","7",0.27524321437402,92
"tnt_s_patch16_224_classification","TnT-P16-224","cRSA","7",0.27524321437402,103
"tnt_s_patch16_224_random","TnT-P16-224","cRSA","1",0.0766990544466877,160
"tnt_s_patch16_224_random","TnT-P16-224","cRSA","1",0.0766990544466877,202
"tnt_s_patch16_224_random","TnT-P16-224","cRSA","1",0.0766990544466877,216
"tnt_s_patch16_224_random","TnT-P16-224","cRSA","2",0.0661832359145324,160
"tnt_s_patch16_224_random","TnT-P16-224","cRSA","2",0.0661832359145324,202
"tnt_s_patch16_224_random","TnT-P16-224","cRSA","2",0.0661832359145324,216
"tnt_s_patch16_224_random","TnT-P16-224","cRSA","5",0.0774671443853236,160
"tnt_s_patch16_224_random","TnT-P16-224","cRSA","5",0.0774671443853236,202
"tnt_s_patch16_224_random","TnT-P16-224","cRSA","5",0.0774671443853236,216
"tnt_s_patch16_224_random","TnT-P16-224","cRSA","7",0.0741628539760908,160
"tnt_s_patch16_224_random","TnT-P16-224","cRSA","7",0.0741628539760908,202
"tnt_s_patch16_224_random","TnT-P16-224","cRSA","7",0.0741628539760908,216
"vanishing_point_taskonomy","Vanishing Point","cRSA","2",0.0909393562535111,152
"vanishing_point_taskonomy","Vanishing Point","cRSA","2",0.0909393562535111,161
"vanishing_point_taskonomy","Vanishing Point","cRSA","2",0.0909393562535111,153
"vanishing_point_taskonomy","Vanishing Point","cRSA","1",0.0734088629412944,152
"vanishing_point_taskonomy","Vanishing Point","cRSA","1",0.0734088629412944,161
"vanishing_point_taskonomy","Vanishing Point","cRSA","1",0.0734088629412944,153
"vanishing_point_taskonomy","Vanishing Point","cRSA","5",0.0962479603499223,152
"vanishing_point_taskonomy","Vanishing Point","cRSA","5",0.0962479603499223,161
"vanishing_point_taskonomy","Vanishing Point","cRSA","5",0.0962479603499223,153
"vanishing_point_taskonomy","Vanishing Point","cRSA","7",0.0901188879646751,152
"vanishing_point_taskonomy","Vanishing Point","cRSA","7",0.0901188879646751,161
"vanishing_point_taskonomy","Vanishing Point","cRSA","7",0.0901188879646751,153
"vgg16_classification","VGG16","cRSA","1",0.326597921156869,71
"vgg16_classification","VGG16","cRSA","1",0.326597921156869,112
"vgg16_classification","VGG16","cRSA","1",0.326597921156869,89
"vgg16_classification","VGG16","cRSA","2",0.346004034697186,71
"vgg16_classification","VGG16","cRSA","2",0.346004034697186,112
"vgg16_classification","VGG16","cRSA","2",0.346004034697186,89
"vgg16_classification","VGG16","cRSA","7",0.328021626809846,71
"vgg16_classification","VGG16","cRSA","7",0.328021626809846,112
"vgg16_classification","VGG16","cRSA","7",0.328021626809846,89
"vgg16_classification","VGG16","cRSA","5",0.36652233210353,71
"vgg16_classification","VGG16","cRSA","5",0.36652233210353,112
"vgg16_classification","VGG16","cRSA","5",0.36652233210353,89
"vgg16_random","VGG16","cRSA","1",0.0378043699268813,207
"vgg16_random","VGG16","cRSA","1",0.0378043699268813,170
"vgg16_random","VGG16","cRSA","1",0.0378043699268813,171
"vgg16_random","VGG16","cRSA","2",0.0396642486608701,207
"vgg16_random","VGG16","cRSA","2",0.0396642486608701,170
"vgg16_random","VGG16","cRSA","2",0.0396642486608701,171
"vgg16_random","VGG16","cRSA","7",0.0347271387034478,207
"vgg16_random","VGG16","cRSA","7",0.0347271387034478,170
"vgg16_random","VGG16","cRSA","7",0.0347271387034478,171
"vgg16_random","VGG16","cRSA","5",0.0460750596697198,207
"vgg16_random","VGG16","cRSA","5",0.0460750596697198,170
"vgg16_random","VGG16","cRSA","5",0.0460750596697198,171
"visformer_small_classification","Visformer","cRSA","1",0.3314015419056,79
"visformer_small_classification","Visformer","cRSA","1",0.3314015419056,87
"visformer_small_classification","Visformer","cRSA","1",0.3314015419056,100
"visformer_small_classification","Visformer","cRSA","2",0.339735910451971,79
"visformer_small_classification","Visformer","cRSA","2",0.339735910451971,87
"visformer_small_classification","Visformer","cRSA","2",0.339735910451971,100
"visformer_small_classification","Visformer","cRSA","5",0.340170303912441,79
"visformer_small_classification","Visformer","cRSA","5",0.340170303912441,87
"visformer_small_classification","Visformer","cRSA","5",0.340170303912441,100
"visformer_small_classification","Visformer","cRSA","7",0.325095462775997,79
"visformer_small_classification","Visformer","cRSA","7",0.325095462775997,87
"visformer_small_classification","Visformer","cRSA","7",0.325095462775997,100
"visformer_small_random","Visformer","cRSA","1",0.0568282532472585,191
"visformer_small_random","Visformer","cRSA","1",0.0568282532472585,172
"visformer_small_random","Visformer","cRSA","1",0.0568282532472585,169
"visformer_small_random","Visformer","cRSA","2",0.0544703992137267,191
"visformer_small_random","Visformer","cRSA","2",0.0544703992137267,172
"visformer_small_random","Visformer","cRSA","2",0.0544703992137267,169
"visformer_small_random","Visformer","cRSA","5",0.0564671866479523,191
"visformer_small_random","Visformer","cRSA","5",0.0564671866479523,172
"visformer_small_random","Visformer","cRSA","5",0.0564671866479523,169
"visformer_small_random","Visformer","cRSA","7",0.0457176822575885,191
"visformer_small_random","Visformer","cRSA","7",0.0457176822575885,172
"visformer_small_random","Visformer","cRSA","7",0.0457176822575885,169
"vit_base_patch16_224_classification","ViT-B-P16","cRSA","1",0.310153738214096,99
"vit_base_patch16_224_classification","ViT-B-P16","cRSA","1",0.310153738214096,107
"vit_base_patch16_224_classification","ViT-B-P16","cRSA","1",0.310153738214096,104
"vit_base_patch16_224_classification","ViT-B-P16","cRSA","2",0.320681895413937,99
"vit_base_patch16_224_classification","ViT-B-P16","cRSA","2",0.320681895413937,107
"vit_base_patch16_224_classification","ViT-B-P16","cRSA","2",0.320681895413937,104
"vit_base_patch16_224_classification","ViT-B-P16","cRSA","5",0.340108697846083,99
"vit_base_patch16_224_classification","ViT-B-P16","cRSA","5",0.340108697846083,107
"vit_base_patch16_224_classification","ViT-B-P16","cRSA","5",0.340108697846083,104
"vit_base_patch16_224_classification","ViT-B-P16","cRSA","7",0.303935183624542,99
"vit_base_patch16_224_classification","ViT-B-P16","cRSA","7",0.303935183624542,107
"vit_base_patch16_224_classification","ViT-B-P16","cRSA","7",0.303935183624542,104
"vit_base_patch16_224_in21k_classification","ViT-B-P16-IN21K","cRSA","1",0.306478717345004,104
"vit_base_patch16_224_in21k_classification","ViT-B-P16-IN21K","cRSA","1",0.306478717345004,113
"vit_base_patch16_224_in21k_classification","ViT-B-P16-IN21K","cRSA","1",0.306478717345004,66
"vit_base_patch16_224_in21k_classification","ViT-B-P16-IN21K","cRSA","2",0.31396166771479,104
"vit_base_patch16_224_in21k_classification","ViT-B-P16-IN21K","cRSA","2",0.31396166771479,113
"vit_base_patch16_224_in21k_classification","ViT-B-P16-IN21K","cRSA","2",0.31396166771479,66
"vit_base_patch16_224_in21k_classification","ViT-B-P16-IN21K","cRSA","5",0.334825607555631,104
"vit_base_patch16_224_in21k_classification","ViT-B-P16-IN21K","cRSA","5",0.334825607555631,113
"vit_base_patch16_224_in21k_classification","ViT-B-P16-IN21K","cRSA","5",0.334825607555631,66
"vit_base_patch16_224_in21k_classification","ViT-B-P16-IN21K","cRSA","7",0.293591575904533,104
"vit_base_patch16_224_in21k_classification","ViT-B-P16-IN21K","cRSA","7",0.293591575904533,113
"vit_base_patch16_224_in21k_classification","ViT-B-P16-IN21K","cRSA","7",0.293591575904533,66
"vit_base_patch16_224_random","ViT-B-P16","cRSA","1",0.048644928323964,198
"vit_base_patch16_224_random","ViT-B-P16","cRSA","1",0.048644928323964,183
"vit_base_patch16_224_random","ViT-B-P16","cRSA","2",0.0518165059882882,198
"vit_base_patch16_224_random","ViT-B-P16","cRSA","2",0.0518165059882882,183
"vit_base_patch16_224_random","ViT-B-P16","cRSA","5",0.0538242710894684,198
"vit_base_patch16_224_random","ViT-B-P16","cRSA","5",0.0538242710894684,183
"vit_base_patch16_224_random","ViT-B-P16","cRSA","7",0.0481918977158722,198
"vit_base_patch16_224_random","ViT-B-P16","cRSA","7",0.0481918977158722,183
"vit_base_patch32_224_classification","ViT-B-P32","cRSA","1",0.378461366124839,18
"vit_base_patch32_224_classification","ViT-B-P32","cRSA","1",0.378461366124839,106
"vit_base_patch32_224_classification","ViT-B-P32","cRSA","1",0.378461366124839,101
"vit_base_patch32_224_classification","ViT-B-P32","cRSA","2",0.388381644459998,18
"vit_base_patch32_224_classification","ViT-B-P32","cRSA","2",0.388381644459998,106
"vit_base_patch32_224_classification","ViT-B-P32","cRSA","2",0.388381644459998,101
"vit_base_patch32_224_classification","ViT-B-P32","cRSA","5",0.408051382831141,18
"vit_base_patch32_224_classification","ViT-B-P32","cRSA","5",0.408051382831141,106
"vit_base_patch32_224_classification","ViT-B-P32","cRSA","5",0.408051382831141,101
"vit_base_patch32_224_classification","ViT-B-P32","cRSA","7",0.365829415047199,18
"vit_base_patch32_224_classification","ViT-B-P32","cRSA","7",0.365829415047199,106
"vit_base_patch32_224_classification","ViT-B-P32","cRSA","7",0.365829415047199,101
"vit_base_patch32_224_in21k_classification","ViT-B-P32-IN21K","cRSA","1",0.360024336466051,30
"vit_base_patch32_224_in21k_classification","ViT-B-P32-IN21K","cRSA","1",0.360024336466051,94
"vit_base_patch32_224_in21k_classification","ViT-B-P32-IN21K","cRSA","1",0.360024336466051,109
"vit_base_patch32_224_in21k_classification","ViT-B-P32-IN21K","cRSA","2",0.36877904157398,30
"vit_base_patch32_224_in21k_classification","ViT-B-P32-IN21K","cRSA","2",0.36877904157398,94
"vit_base_patch32_224_in21k_classification","ViT-B-P32-IN21K","cRSA","2",0.36877904157398,109
"vit_base_patch32_224_in21k_classification","ViT-B-P32-IN21K","cRSA","5",0.384005846276795,30
"vit_base_patch32_224_in21k_classification","ViT-B-P32-IN21K","cRSA","5",0.384005846276795,94
"vit_base_patch32_224_in21k_classification","ViT-B-P32-IN21K","cRSA","5",0.384005846276795,109
"vit_base_patch32_224_in21k_classification","ViT-B-P32-IN21K","cRSA","7",0.344818658080596,30
"vit_base_patch32_224_in21k_classification","ViT-B-P32-IN21K","cRSA","7",0.344818658080596,94
"vit_base_patch32_224_in21k_classification","ViT-B-P32-IN21K","cRSA","7",0.344818658080596,109
"vit_base_patch32_224_random","ViT-B-P32","cRSA","5",0.0731166838930589,195
"vit_base_patch32_224_random","ViT-B-P32","cRSA","5",0.0731166838930589,181
"vit_base_patch32_224_random","ViT-B-P32","cRSA","5",0.0731166838930589,176
"vit_base_patch32_224_random","ViT-B-P32","cRSA","1",0.0452008745356796,195
"vit_base_patch32_224_random","ViT-B-P32","cRSA","1",0.0452008745356796,181
"vit_base_patch32_224_random","ViT-B-P32","cRSA","1",0.0452008745356796,176
"vit_base_patch32_224_random","ViT-B-P32","cRSA","2",0.0434497847877056,195
"vit_base_patch32_224_random","ViT-B-P32","cRSA","2",0.0434497847877056,181
"vit_base_patch32_224_random","ViT-B-P32","cRSA","2",0.0434497847877056,176
"vit_base_patch32_224_random","ViT-B-P32","cRSA","7",0.0474517597000873,195
"vit_base_patch32_224_random","ViT-B-P32","cRSA","7",0.0474517597000873,181
"vit_base_patch32_224_random","ViT-B-P32","cRSA","7",0.0474517597000873,176
"vit_base_r50_s16_224_in21k_classification","ViT-B-R50-S16-IN21K","cRSA","1",0.326324953920003,78
"vit_base_r50_s16_224_in21k_classification","ViT-B-R50-S16-IN21K","cRSA","1",0.326324953920003,61
"vit_base_r50_s16_224_in21k_classification","ViT-B-R50-S16-IN21K","cRSA","1",0.326324953920003,93
"vit_base_r50_s16_224_in21k_classification","ViT-B-R50-S16-IN21K","cRSA","2",0.336177663172882,78
"vit_base_r50_s16_224_in21k_classification","ViT-B-R50-S16-IN21K","cRSA","2",0.336177663172882,61
"vit_base_r50_s16_224_in21k_classification","ViT-B-R50-S16-IN21K","cRSA","2",0.336177663172882,93
"vit_base_r50_s16_224_in21k_classification","ViT-B-R50-S16-IN21K","cRSA","5",0.347975511430161,78
"vit_base_r50_s16_224_in21k_classification","ViT-B-R50-S16-IN21K","cRSA","5",0.347975511430161,61
"vit_base_r50_s16_224_in21k_classification","ViT-B-R50-S16-IN21K","cRSA","5",0.347975511430161,93
"vit_base_r50_s16_224_in21k_classification","ViT-B-R50-S16-IN21K","cRSA","7",0.327286143020084,78
"vit_base_r50_s16_224_in21k_classification","ViT-B-R50-S16-IN21K","cRSA","7",0.327286143020084,61
"vit_base_r50_s16_224_in21k_classification","ViT-B-R50-S16-IN21K","cRSA","7",0.327286143020084,93
"vit_large_patch16_224_classification","ViT-L-P16","cRSA","7",0.301873829668502,96
"vit_large_patch16_224_classification","ViT-L-P16","cRSA","7",0.301873829668502,81
"vit_large_patch16_224_classification","ViT-L-P16","cRSA","7",0.301873829668502,111
"vit_large_patch16_224_classification","ViT-L-P16","cRSA","1",0.311625336268802,96
"vit_large_patch16_224_classification","ViT-L-P16","cRSA","1",0.311625336268802,81
"vit_large_patch16_224_classification","ViT-L-P16","cRSA","1",0.311625336268802,111
"vit_large_patch16_224_classification","ViT-L-P16","cRSA","2",0.319117650267137,96
"vit_large_patch16_224_classification","ViT-L-P16","cRSA","2",0.319117650267137,81
"vit_large_patch16_224_classification","ViT-L-P16","cRSA","2",0.319117650267137,111
"vit_large_patch16_224_classification","ViT-L-P16","cRSA","5",0.346205111792118,96
"vit_large_patch16_224_classification","ViT-L-P16","cRSA","5",0.346205111792118,81
"vit_large_patch16_224_classification","ViT-L-P16","cRSA","5",0.346205111792118,111
"vit_large_patch16_224_in21k_classification","ViT-L-P16-IN21K","cRSA","2",0.303541915724811,107
"vit_large_patch16_224_in21k_classification","ViT-L-P16-IN21K","cRSA","2",0.303541915724811,91
"vit_large_patch16_224_in21k_classification","ViT-L-P16-IN21K","cRSA","2",0.303541915724811,95
"vit_large_patch16_224_in21k_classification","ViT-L-P16-IN21K","cRSA","5",0.312353493822857,107
"vit_large_patch16_224_in21k_classification","ViT-L-P16-IN21K","cRSA","5",0.312353493822857,91
"vit_large_patch16_224_in21k_classification","ViT-L-P16-IN21K","cRSA","5",0.312353493822857,95
"vit_large_patch16_224_in21k_classification","ViT-L-P16-IN21K","cRSA","7",0.30236187755049,107
"vit_large_patch16_224_in21k_classification","ViT-L-P16-IN21K","cRSA","7",0.30236187755049,91
"vit_large_patch16_224_in21k_classification","ViT-L-P16-IN21K","cRSA","7",0.30236187755049,95
"vit_large_patch16_224_in21k_classification","ViT-L-P16-IN21K","cRSA","1",0.303892678839434,107
"vit_large_patch16_224_in21k_classification","ViT-L-P16-IN21K","cRSA","1",0.303892678839434,91
"vit_large_patch16_224_in21k_classification","ViT-L-P16-IN21K","cRSA","1",0.303892678839434,95
"vit_large_patch16_224_random","ViT-L-P16","cRSA","1",0.0506666762149283,197
"vit_large_patch16_224_random","ViT-L-P16","cRSA","1",0.0506666762149283,173
"vit_large_patch16_224_random","ViT-L-P16","cRSA","1",0.0506666762149283,170
"vit_large_patch16_224_random","ViT-L-P16","cRSA","2",0.0535064907834783,197
"vit_large_patch16_224_random","ViT-L-P16","cRSA","2",0.0535064907834783,173
"vit_large_patch16_224_random","ViT-L-P16","cRSA","2",0.0535064907834783,170
"vit_large_patch16_224_random","ViT-L-P16","cRSA","5",0.0574618068373133,197
"vit_large_patch16_224_random","ViT-L-P16","cRSA","5",0.0574618068373133,173
"vit_large_patch16_224_random","ViT-L-P16","cRSA","5",0.0574618068373133,170
"vit_large_patch16_224_random","ViT-L-P16","cRSA","7",0.0461612817287324,197
"vit_large_patch16_224_random","ViT-L-P16","cRSA","7",0.0461612817287324,173
"vit_large_patch16_224_random","ViT-L-P16","cRSA","7",0.0461612817287324,170
"vit_small_patch16_224_classification","ViT-S-P16","cRSA","7",0.286324441891262,105
"vit_small_patch16_224_classification","ViT-S-P16","cRSA","7",0.286324441891262,102
"vit_small_patch16_224_classification","ViT-S-P16","cRSA","7",0.286324441891262,112
"vit_small_patch16_224_classification","ViT-S-P16","cRSA","1",0.302496938659684,105
"vit_small_patch16_224_classification","ViT-S-P16","cRSA","1",0.302496938659684,102
"vit_small_patch16_224_classification","ViT-S-P16","cRSA","1",0.302496938659684,112
"vit_small_patch16_224_classification","ViT-S-P16","cRSA","2",0.31612247434941,105
"vit_small_patch16_224_classification","ViT-S-P16","cRSA","2",0.31612247434941,102
"vit_small_patch16_224_classification","ViT-S-P16","cRSA","2",0.31612247434941,112
"vit_small_patch16_224_classification","ViT-S-P16","cRSA","5",0.337309114787016,105
"vit_small_patch16_224_classification","ViT-S-P16","cRSA","5",0.337309114787016,102
"vit_small_patch16_224_classification","ViT-S-P16","cRSA","5",0.337309114787016,112
"vit_small_patch16_224_in21k_classification","ViT-S-P16-IN21K","cRSA","1",0.31134159211343,98
"vit_small_patch16_224_in21k_classification","ViT-S-P16-IN21K","cRSA","1",0.31134159211343,119
"vit_small_patch16_224_in21k_classification","ViT-S-P16-IN21K","cRSA","1",0.31134159211343,113
"vit_small_patch16_224_in21k_classification","ViT-S-P16-IN21K","cRSA","2",0.325042237462086,98
"vit_small_patch16_224_in21k_classification","ViT-S-P16-IN21K","cRSA","2",0.325042237462086,119
"vit_small_patch16_224_in21k_classification","ViT-S-P16-IN21K","cRSA","2",0.325042237462086,113
"vit_small_patch16_224_in21k_classification","ViT-S-P16-IN21K","cRSA","5",0.341822653782215,98
"vit_small_patch16_224_in21k_classification","ViT-S-P16-IN21K","cRSA","5",0.341822653782215,119
"vit_small_patch16_224_in21k_classification","ViT-S-P16-IN21K","cRSA","5",0.341822653782215,113
"vit_small_patch16_224_in21k_classification","ViT-S-P16-IN21K","cRSA","7",0.298641330633214,98
"vit_small_patch16_224_in21k_classification","ViT-S-P16-IN21K","cRSA","7",0.298641330633214,119
"vit_small_patch16_224_in21k_classification","ViT-S-P16-IN21K","cRSA","7",0.298641330633214,113
"vit_small_patch16_224_random","ViT-S-P16","cRSA","1",0.0745680887460698,168
"vit_small_patch16_224_random","ViT-S-P16","cRSA","1",0.0745680887460698,190
"vit_small_patch16_224_random","ViT-S-P16","cRSA","1",0.0745680887460698,194
"vit_small_patch16_224_random","ViT-S-P16","cRSA","2",0.0618740505680229,168
"vit_small_patch16_224_random","ViT-S-P16","cRSA","2",0.0618740505680229,190
"vit_small_patch16_224_random","ViT-S-P16","cRSA","2",0.0618740505680229,194
"vit_small_patch16_224_random","ViT-S-P16","cRSA","5",0.0754657268449219,168
"vit_small_patch16_224_random","ViT-S-P16","cRSA","5",0.0754657268449219,190
"vit_small_patch16_224_random","ViT-S-P16","cRSA","5",0.0754657268449219,194
"vit_small_patch16_224_random","ViT-S-P16","cRSA","7",0.0636854948575303,168
"vit_small_patch16_224_random","ViT-S-P16","cRSA","7",0.0636854948575303,190
"vit_small_patch16_224_random","ViT-S-P16","cRSA","7",0.0636854948575303,194
"vit_small_patch32_224_classification","ViT-S-P32","cRSA","1",0.279818921955798,114
"vit_small_patch32_224_classification","ViT-S-P32","cRSA","1",0.279818921955798,121
"vit_small_patch32_224_classification","ViT-S-P32","cRSA","1",0.279818921955798,118
"vit_small_patch32_224_classification","ViT-S-P32","cRSA","2",0.285908381040444,114
"vit_small_patch32_224_classification","ViT-S-P32","cRSA","2",0.285908381040444,121
"vit_small_patch32_224_classification","ViT-S-P32","cRSA","2",0.285908381040444,118
"vit_small_patch32_224_classification","ViT-S-P32","cRSA","7",0.276674559657104,114
"vit_small_patch32_224_classification","ViT-S-P32","cRSA","7",0.276674559657104,121
"vit_small_patch32_224_classification","ViT-S-P32","cRSA","7",0.276674559657104,118
"vit_small_patch32_224_classification","ViT-S-P32","cRSA","5",0.312861382244561,114
"vit_small_patch32_224_classification","ViT-S-P32","cRSA","5",0.312861382244561,121
"vit_small_patch32_224_classification","ViT-S-P32","cRSA","5",0.312861382244561,118
"vit_small_patch32_224_in21k_classification","ViT-S-P32-IN21K","cRSA","2",0.268719296315062,116
"vit_small_patch32_224_in21k_classification","ViT-S-P32-IN21K","cRSA","2",0.268719296315062,123
"vit_small_patch32_224_in21k_classification","ViT-S-P32-IN21K","cRSA","2",0.268719296315062,107
"vit_small_patch32_224_in21k_classification","ViT-S-P32-IN21K","cRSA","7",0.264007141590506,116
"vit_small_patch32_224_in21k_classification","ViT-S-P32-IN21K","cRSA","7",0.264007141590506,123
"vit_small_patch32_224_in21k_classification","ViT-S-P32-IN21K","cRSA","7",0.264007141590506,107
"vit_small_patch32_224_in21k_classification","ViT-S-P32-IN21K","cRSA","1",0.29328838809687,116
"vit_small_patch32_224_in21k_classification","ViT-S-P32-IN21K","cRSA","1",0.29328838809687,123
"vit_small_patch32_224_in21k_classification","ViT-S-P32-IN21K","cRSA","1",0.29328838809687,107
"vit_small_patch32_224_in21k_classification","ViT-S-P32-IN21K","cRSA","5",0.320222604874585,116
"vit_small_patch32_224_in21k_classification","ViT-S-P32-IN21K","cRSA","5",0.320222604874585,123
"vit_small_patch32_224_in21k_classification","ViT-S-P32-IN21K","cRSA","5",0.320222604874585,107
"vit_small_patch32_224_random","ViT-S-P32","cRSA","1",0.07131771859699,171
"vit_small_patch32_224_random","ViT-S-P32","cRSA","1",0.07131771859699,203
"vit_small_patch32_224_random","ViT-S-P32","cRSA","1",0.07131771859699,195
"vit_small_patch32_224_random","ViT-S-P32","cRSA","2",0.0592179596773294,171
"vit_small_patch32_224_random","ViT-S-P32","cRSA","2",0.0592179596773294,203
"vit_small_patch32_224_random","ViT-S-P32","cRSA","2",0.0592179596773294,195
"vit_small_patch32_224_random","ViT-S-P32","cRSA","5",0.0714964247375615,171
"vit_small_patch32_224_random","ViT-S-P32","cRSA","5",0.0714964247375615,203
"vit_small_patch32_224_random","ViT-S-P32","cRSA","5",0.0714964247375615,195
"vit_small_patch32_224_random","ViT-S-P32","cRSA","7",0.0680032711101781,171
"vit_small_patch32_224_random","ViT-S-P32","cRSA","7",0.0680032711101781,203
"vit_small_patch32_224_random","ViT-S-P32","cRSA","7",0.0680032711101781,195
"vit_tiny_patch16_224_classification","ViT-T-P16","cRSA","1",0.285262480694895,113
"vit_tiny_patch16_224_classification","ViT-T-P16","cRSA","1",0.285262480694895,128
"vit_tiny_patch16_224_classification","ViT-T-P16","cRSA","2",0.295707739175126,113
"vit_tiny_patch16_224_classification","ViT-T-P16","cRSA","2",0.295707739175126,128
"vit_tiny_patch16_224_classification","ViT-T-P16","cRSA","5",0.315133361101359,113
"vit_tiny_patch16_224_classification","ViT-T-P16","cRSA","5",0.315133361101359,128
"vit_tiny_patch16_224_classification","ViT-T-P16","cRSA","7",0.275045359399536,113
"vit_tiny_patch16_224_classification","ViT-T-P16","cRSA","7",0.275045359399536,128
"vit_tiny_patch16_224_random","ViT-T-P16","cRSA","1",0.061792967376476,181
"vit_tiny_patch16_224_random","ViT-T-P16","cRSA","1",0.061792967376476,216
"vit_tiny_patch16_224_random","ViT-T-P16","cRSA","1",0.061792967376476,207
"vit_tiny_patch16_224_random","ViT-T-P16","cRSA","2",0.0526020498676908,181
"vit_tiny_patch16_224_random","ViT-T-P16","cRSA","2",0.0526020498676908,216
"vit_tiny_patch16_224_random","ViT-T-P16","cRSA","2",0.0526020498676908,207
"vit_tiny_patch16_224_random","ViT-T-P16","cRSA","7",0.057276525517168,181
"vit_tiny_patch16_224_random","ViT-T-P16","cRSA","7",0.057276525517168,216
"vit_tiny_patch16_224_random","ViT-T-P16","cRSA","7",0.057276525517168,207
"vit_tiny_patch16_224_random","ViT-T-P16","cRSA","5",0.0715069941483003,181
"vit_tiny_patch16_224_random","ViT-T-P16","cRSA","5",0.0715069941483003,216
"vit_tiny_patch16_224_random","ViT-T-P16","cRSA","5",0.0715069941483003,207
"ViT-B/16_clip","CLiP-ViT-B/32","cRSA","1",0.342375049428166,55
"ViT-B/16_clip","CLiP-ViT-B/32","cRSA","1",0.342375049428166,66
"ViT-B/16_clip","CLiP-ViT-B/32","cRSA","1",0.342375049428166,6
"ViT-B/16_clip","CLiP-ViT-B/32","cRSA","2",0.35261398245288,55
"ViT-B/16_clip","CLiP-ViT-B/32","cRSA","2",0.35261398245288,66
"ViT-B/16_clip","CLiP-ViT-B/32","cRSA","2",0.35261398245288,6
"ViT-B/16_clip","CLiP-ViT-B/32","cRSA","5",0.379527801154647,55
"ViT-B/16_clip","CLiP-ViT-B/32","cRSA","5",0.379527801154647,66
"ViT-B/16_clip","CLiP-ViT-B/32","cRSA","5",0.379527801154647,6
"ViT-B/16_clip","CLiP-ViT-B/32","cRSA","7",0.327128680190704,55
"ViT-B/16_clip","CLiP-ViT-B/32","cRSA","7",0.327128680190704,66
"ViT-B/16_clip","CLiP-ViT-B/32","cRSA","7",0.327128680190704,6
"ViT-B/32_clip","CLiP-ViT-B/32","cRSA","1",0.349731305919052,61
"ViT-B/32_clip","CLiP-ViT-B/32","cRSA","1",0.349731305919052,27
"ViT-B/32_clip","CLiP-ViT-B/32","cRSA","1",0.349731305919052,5
"ViT-B/32_clip","CLiP-ViT-B/32","cRSA","2",0.351000347443629,61
"ViT-B/32_clip","CLiP-ViT-B/32","cRSA","2",0.351000347443629,27
"ViT-B/32_clip","CLiP-ViT-B/32","cRSA","2",0.351000347443629,5
"ViT-B/32_clip","CLiP-ViT-B/32","cRSA","5",0.370829488366165,61
"ViT-B/32_clip","CLiP-ViT-B/32","cRSA","5",0.370829488366165,27
"ViT-B/32_clip","CLiP-ViT-B/32","cRSA","5",0.370829488366165,5
"ViT-B/32_clip","CLiP-ViT-B/32","cRSA","7",0.324627326181586,61
"ViT-B/32_clip","CLiP-ViT-B/32","cRSA","7",0.324627326181586,27
"ViT-B/32_clip","CLiP-ViT-B/32","cRSA","7",0.324627326181586,5
"ViT-B-CLIP_slip","ViT-B-CLIP","cRSA","1",0.291384343920771,111
"ViT-B-CLIP_slip","ViT-B-CLIP","cRSA","1",0.291384343920771,103
"ViT-B-CLIP_slip","ViT-B-CLIP","cRSA","1",0.291384343920771,85
"ViT-B-CLIP_slip","ViT-B-CLIP","cRSA","2",0.298511015459063,111
"ViT-B-CLIP_slip","ViT-B-CLIP","cRSA","2",0.298511015459063,103
"ViT-B-CLIP_slip","ViT-B-CLIP","cRSA","2",0.298511015459063,85
"ViT-B-CLIP_slip","ViT-B-CLIP","cRSA","5",0.299746480289214,111
"ViT-B-CLIP_slip","ViT-B-CLIP","cRSA","5",0.299746480289214,103
"ViT-B-CLIP_slip","ViT-B-CLIP","cRSA","5",0.299746480289214,85
"ViT-B-CLIP_slip","ViT-B-CLIP","cRSA","7",0.287184876484862,111
"ViT-B-CLIP_slip","ViT-B-CLIP","cRSA","7",0.287184876484862,103
"ViT-B-CLIP_slip","ViT-B-CLIP","cRSA","7",0.287184876484862,85
"ViT-B-SimCLR_slip","ViT-B-SimCLR","cRSA","1",0.335738627334735,73
"ViT-B-SimCLR_slip","ViT-B-SimCLR","cRSA","1",0.335738627334735,100
"ViT-B-SimCLR_slip","ViT-B-SimCLR","cRSA","1",0.335738627334735,33
"ViT-B-SimCLR_slip","ViT-B-SimCLR","cRSA","2",0.347179574837684,73
"ViT-B-SimCLR_slip","ViT-B-SimCLR","cRSA","2",0.347179574837684,100
"ViT-B-SimCLR_slip","ViT-B-SimCLR","cRSA","2",0.347179574837684,33
"ViT-B-SimCLR_slip","ViT-B-SimCLR","cRSA","5",0.349513371720694,73
"ViT-B-SimCLR_slip","ViT-B-SimCLR","cRSA","5",0.349513371720694,100
"ViT-B-SimCLR_slip","ViT-B-SimCLR","cRSA","5",0.349513371720694,33
"ViT-B-SimCLR_slip","ViT-B-SimCLR","cRSA","7",0.332259637217412,73
"ViT-B-SimCLR_slip","ViT-B-SimCLR","cRSA","7",0.332259637217412,100
"ViT-B-SimCLR_slip","ViT-B-SimCLR","cRSA","7",0.332259637217412,33
"ViT-B-SLIP_slip","ViT-B-SLIP","cRSA","1",0.322783441673668,77
"ViT-B-SLIP_slip","ViT-B-SLIP","cRSA","1",0.322783441673668,105
"ViT-B-SLIP_slip","ViT-B-SLIP","cRSA","1",0.322783441673668,7
"ViT-B-SLIP_slip","ViT-B-SLIP","cRSA","2",0.334350804184976,77
"ViT-B-SLIP_slip","ViT-B-SLIP","cRSA","2",0.334350804184976,105
"ViT-B-SLIP_slip","ViT-B-SLIP","cRSA","2",0.334350804184976,7
"ViT-B-SLIP_slip","ViT-B-SLIP","cRSA","5",0.358549427009811,77
"ViT-B-SLIP_slip","ViT-B-SLIP","cRSA","5",0.358549427009811,105
"ViT-B-SLIP_slip","ViT-B-SLIP","cRSA","5",0.358549427009811,7
"ViT-B-SLIP_slip","ViT-B-SLIP","cRSA","7",0.3226971229537,77
"ViT-B-SLIP_slip","ViT-B-SLIP","cRSA","7",0.3226971229537,105
"ViT-B-SLIP_slip","ViT-B-SLIP","cRSA","7",0.3226971229537,7
"ViT-L/14_clip","CLiP-ViT-L/14","cRSA","2",0.315966508756466,103
"ViT-L/14_clip","CLiP-ViT-L/14","cRSA","2",0.315966508756466,57
"ViT-L/14_clip","CLiP-ViT-L/14","cRSA","2",0.315966508756466,11
"ViT-L/14_clip","CLiP-ViT-L/14","cRSA","5",0.320661018621441,103
"ViT-L/14_clip","CLiP-ViT-L/14","cRSA","5",0.320661018621441,57
"ViT-L/14_clip","CLiP-ViT-L/14","cRSA","5",0.320661018621441,11
"ViT-L/14_clip","CLiP-ViT-L/14","cRSA","1",0.307661197591432,103
"ViT-L/14_clip","CLiP-ViT-L/14","cRSA","1",0.307661197591432,57
"ViT-L/14_clip","CLiP-ViT-L/14","cRSA","1",0.307661197591432,11
"ViT-L/14_clip","CLiP-ViT-L/14","cRSA","7",0.31329633687585,103
"ViT-L/14_clip","CLiP-ViT-L/14","cRSA","7",0.31329633687585,57
"ViT-L/14_clip","CLiP-ViT-L/14","cRSA","7",0.31329633687585,11
"ViT-L-CLIP_slip","ViT-L-CLIP","cRSA","1",0.283131899337244,118
"ViT-L-CLIP_slip","ViT-L-CLIP","cRSA","1",0.283131899337244,127
"ViT-L-CLIP_slip","ViT-L-CLIP","cRSA","1",0.283131899337244,105
"ViT-L-CLIP_slip","ViT-L-CLIP","cRSA","2",0.285877477824227,118
"ViT-L-CLIP_slip","ViT-L-CLIP","cRSA","2",0.285877477824227,127
"ViT-L-CLIP_slip","ViT-L-CLIP","cRSA","2",0.285877477824227,105
"ViT-L-CLIP_slip","ViT-L-CLIP","cRSA","5",0.288404266318546,118
"ViT-L-CLIP_slip","ViT-L-CLIP","cRSA","5",0.288404266318546,127
"ViT-L-CLIP_slip","ViT-L-CLIP","cRSA","5",0.288404266318546,105
"ViT-L-CLIP_slip","ViT-L-CLIP","cRSA","7",0.279871420658223,118
"ViT-L-CLIP_slip","ViT-L-CLIP","cRSA","7",0.279871420658223,127
"ViT-L-CLIP_slip","ViT-L-CLIP","cRSA","7",0.279871420658223,105
"ViT-L-CLIP-CC12M_slip","ViT-L-CLIP-CC12M","cRSA","2",0.302206335225517,119
"ViT-L-CLIP-CC12M_slip","ViT-L-CLIP-CC12M","cRSA","2",0.302206335225517,96
"ViT-L-CLIP-CC12M_slip","ViT-L-CLIP-CC12M","cRSA","2",0.302206335225517,115
"ViT-L-CLIP-CC12M_slip","ViT-L-CLIP-CC12M","cRSA","5",0.310586344514107,119
"ViT-L-CLIP-CC12M_slip","ViT-L-CLIP-CC12M","cRSA","5",0.310586344514107,96
"ViT-L-CLIP-CC12M_slip","ViT-L-CLIP-CC12M","cRSA","5",0.310586344514107,115
"ViT-L-CLIP-CC12M_slip","ViT-L-CLIP-CC12M","cRSA","1",0.262969725199871,119
"ViT-L-CLIP-CC12M_slip","ViT-L-CLIP-CC12M","cRSA","1",0.262969725199871,96
"ViT-L-CLIP-CC12M_slip","ViT-L-CLIP-CC12M","cRSA","1",0.262969725199871,115
"ViT-L-CLIP-CC12M_slip","ViT-L-CLIP-CC12M","cRSA","7",0.256627496943203,119
"ViT-L-CLIP-CC12M_slip","ViT-L-CLIP-CC12M","cRSA","7",0.256627496943203,96
"ViT-L-CLIP-CC12M_slip","ViT-L-CLIP-CC12M","cRSA","7",0.256627496943203,115
"ViT-L-SimCLR_slip","ViT-L-SimCLR","cRSA","1",0.316870296452528,88
"ViT-L-SimCLR_slip","ViT-L-SimCLR","cRSA","1",0.316870296452528,116
"ViT-L-SimCLR_slip","ViT-L-SimCLR","cRSA","1",0.316870296452528,40
"ViT-L-SimCLR_slip","ViT-L-SimCLR","cRSA","2",0.333008116406582,88
"ViT-L-SimCLR_slip","ViT-L-SimCLR","cRSA","2",0.333008116406582,116
"ViT-L-SimCLR_slip","ViT-L-SimCLR","cRSA","2",0.333008116406582,40
"ViT-L-SimCLR_slip","ViT-L-SimCLR","cRSA","5",0.337465616435471,88
"ViT-L-SimCLR_slip","ViT-L-SimCLR","cRSA","5",0.337465616435471,116
"ViT-L-SimCLR_slip","ViT-L-SimCLR","cRSA","5",0.337465616435471,40
"ViT-L-SimCLR_slip","ViT-L-SimCLR","cRSA","7",0.321265486315853,88
"ViT-L-SimCLR_slip","ViT-L-SimCLR","cRSA","7",0.321265486315853,116
"ViT-L-SimCLR_slip","ViT-L-SimCLR","cRSA","7",0.321265486315853,40
"ViT-L-SLIP_slip","ViT-L-SLIP","cRSA","1",0.31021809605351,100
"ViT-L-SLIP_slip","ViT-L-SLIP","cRSA","1",0.31021809605351,97
"ViT-L-SLIP_slip","ViT-L-SLIP","cRSA","1",0.31021809605351,13
"ViT-L-SLIP_slip","ViT-L-SLIP","cRSA","2",0.319326731496709,100
"ViT-L-SLIP_slip","ViT-L-SLIP","cRSA","2",0.319326731496709,97
"ViT-L-SLIP_slip","ViT-L-SLIP","cRSA","2",0.319326731496709,13
"ViT-L-SLIP_slip","ViT-L-SLIP","cRSA","5",0.322030572414127,100
"ViT-L-SLIP_slip","ViT-L-SLIP","cRSA","5",0.322030572414127,97
"ViT-L-SLIP_slip","ViT-L-SLIP","cRSA","5",0.322030572414127,13
"ViT-L-SLIP_slip","ViT-L-SLIP","cRSA","7",0.310113214582143,100
"ViT-L-SLIP_slip","ViT-L-SLIP","cRSA","7",0.310113214582143,97
"ViT-L-SLIP_slip","ViT-L-SLIP","cRSA","7",0.310113214582143,13
"ViT-L-SLIP-CC12M_slip","ViT-L-SLIP-CC12M","cRSA","1",0.284493414595611,115
"ViT-L-SLIP-CC12M_slip","ViT-L-SLIP-CC12M","cRSA","1",0.284493414595611,111
"ViT-L-SLIP-CC12M_slip","ViT-L-SLIP-CC12M","cRSA","1",0.284493414595611,25
"ViT-L-SLIP-CC12M_slip","ViT-L-SLIP-CC12M","cRSA","2",0.293076454002505,115
"ViT-L-SLIP-CC12M_slip","ViT-L-SLIP-CC12M","cRSA","2",0.293076454002505,111
"ViT-L-SLIP-CC12M_slip","ViT-L-SLIP-CC12M","cRSA","2",0.293076454002505,25
"ViT-L-SLIP-CC12M_slip","ViT-L-SLIP-CC12M","cRSA","5",0.28860237396159,115
"ViT-L-SLIP-CC12M_slip","ViT-L-SLIP-CC12M","cRSA","5",0.28860237396159,111
"ViT-L-SLIP-CC12M_slip","ViT-L-SLIP-CC12M","cRSA","5",0.28860237396159,25
"ViT-L-SLIP-CC12M_slip","ViT-L-SLIP-CC12M","cRSA","7",0.281140850820327,115
"ViT-L-SLIP-CC12M_slip","ViT-L-SLIP-CC12M","cRSA","7",0.281140850820327,111
"ViT-L-SLIP-CC12M_slip","ViT-L-SLIP-CC12M","cRSA","7",0.281140850820327,25
"ViT-S-CLIP_slip","ViT-S-CLIP","cRSA","1",0.264148965613328,112
"ViT-S-CLIP_slip","ViT-S-CLIP","cRSA","1",0.264148965613328,117
"ViT-S-CLIP_slip","ViT-S-CLIP","cRSA","1",0.264148965613328,83
"ViT-S-CLIP_slip","ViT-S-CLIP","cRSA","7",0.262069794670905,112
"ViT-S-CLIP_slip","ViT-S-CLIP","cRSA","7",0.262069794670905,117
"ViT-S-CLIP_slip","ViT-S-CLIP","cRSA","7",0.262069794670905,83
"ViT-S-CLIP_slip","ViT-S-CLIP","cRSA","2",0.31706696852195,112
"ViT-S-CLIP_slip","ViT-S-CLIP","cRSA","2",0.31706696852195,117
"ViT-S-CLIP_slip","ViT-S-CLIP","cRSA","2",0.31706696852195,83
"ViT-S-CLIP_slip","ViT-S-CLIP","cRSA","5",0.33008334200025,112
"ViT-S-CLIP_slip","ViT-S-CLIP","cRSA","5",0.33008334200025,117
"ViT-S-CLIP_slip","ViT-S-CLIP","cRSA","5",0.33008334200025,83
"ViT-S-SimCLR_slip","ViT-S-SimCLR","cRSA","1",0.329260184430124,74
"ViT-S-SimCLR_slip","ViT-S-SimCLR","cRSA","1",0.329260184430124,99
"ViT-S-SimCLR_slip","ViT-S-SimCLR","cRSA","1",0.329260184430124,46
"ViT-S-SimCLR_slip","ViT-S-SimCLR","cRSA","2",0.347177211560416,74
"ViT-S-SimCLR_slip","ViT-S-SimCLR","cRSA","2",0.347177211560416,99
"ViT-S-SimCLR_slip","ViT-S-SimCLR","cRSA","2",0.347177211560416,46
"ViT-S-SimCLR_slip","ViT-S-SimCLR","cRSA","5",0.35129304274306,74
"ViT-S-SimCLR_slip","ViT-S-SimCLR","cRSA","5",0.35129304274306,99
"ViT-S-SimCLR_slip","ViT-S-SimCLR","cRSA","5",0.35129304274306,46
"ViT-S-SimCLR_slip","ViT-S-SimCLR","cRSA","7",0.330083441919341,74
"ViT-S-SimCLR_slip","ViT-S-SimCLR","cRSA","7",0.330083441919341,99
"ViT-S-SimCLR_slip","ViT-S-SimCLR","cRSA","7",0.330083441919341,46
"ViT-S-SLIP_slip","ViT-S-SLIP","cRSA","1",0.310980510113406,83
"ViT-S-SLIP_slip","ViT-S-SLIP","cRSA","1",0.310980510113406,89
"ViT-S-SLIP_slip","ViT-S-SLIP","cRSA","1",0.310980510113406,45
"ViT-S-SLIP_slip","ViT-S-SLIP","cRSA","2",0.336759954459191,83
"ViT-S-SLIP_slip","ViT-S-SLIP","cRSA","2",0.336759954459191,89
"ViT-S-SLIP_slip","ViT-S-SLIP","cRSA","2",0.336759954459191,45
"ViT-S-SLIP_slip","ViT-S-SLIP","cRSA","7",0.320591344497508,83
"ViT-S-SLIP_slip","ViT-S-SLIP","cRSA","7",0.320591344497508,89
"ViT-S-SLIP_slip","ViT-S-SLIP","cRSA","7",0.320591344497508,45
"ViT-S-SLIP_slip","ViT-S-SLIP","cRSA","5",0.357022349614169,83
"ViT-S-SLIP_slip","ViT-S-SLIP","cRSA","5",0.357022349614169,89
"ViT-S-SLIP_slip","ViT-S-SLIP","cRSA","5",0.357022349614169,45
"xception_classification","XCeption","cRSA","1",0.336620658811215,82
"xception_classification","XCeption","cRSA","1",0.336620658811215,59
"xception_classification","XCeption","cRSA","1",0.336620658811215,99
"xception_classification","XCeption","cRSA","2",0.344216568100555,82
"xception_classification","XCeption","cRSA","2",0.344216568100555,59
"xception_classification","XCeption","cRSA","2",0.344216568100555,99
"xception_classification","XCeption","cRSA","5",0.332473104704357,82
"xception_classification","XCeption","cRSA","5",0.332473104704357,59
"xception_classification","XCeption","cRSA","5",0.332473104704357,99
"xception_classification","XCeption","cRSA","7",0.316608151743028,82
"xception_classification","XCeption","cRSA","7",0.316608151743028,59
"xception_classification","XCeption","cRSA","7",0.316608151743028,99
"xception_random","XCeption","cRSA","2",0.0566892110419094,178
"xception_random","XCeption","cRSA","2",0.0566892110419094,159
"xception_random","XCeption","cRSA","2",0.0566892110419094,160
"xception_random","XCeption","cRSA","1",0.0645006704792599,178
"xception_random","XCeption","cRSA","1",0.0645006704792599,159
"xception_random","XCeption","cRSA","1",0.0645006704792599,160
"xception_random","XCeption","cRSA","5",0.0678047364788723,178
"xception_random","XCeption","cRSA","5",0.0678047364788723,159
"xception_random","XCeption","cRSA","5",0.0678047364788723,160
"xception_random","XCeption","cRSA","7",0.0630960909485079,178
"xception_random","XCeption","cRSA","7",0.0630960909485079,159
"xception_random","XCeption","cRSA","7",0.0630960909485079,160
"xcit_nano_12_p16_224_classification","XCIT-N-12-P16","cRSA","1",0.382333492809781,17
"xcit_nano_12_p16_224_classification","XCIT-N-12-P16","cRSA","1",0.382333492809781,74
"xcit_nano_12_p16_224_classification","XCIT-N-12-P16","cRSA","1",0.382333492809781,53
"xcit_nano_12_p16_224_classification","XCIT-N-12-P16","cRSA","2",0.397103788557558,17
"xcit_nano_12_p16_224_classification","XCIT-N-12-P16","cRSA","2",0.397103788557558,74
"xcit_nano_12_p16_224_classification","XCIT-N-12-P16","cRSA","2",0.397103788557558,53
"xcit_nano_12_p16_224_classification","XCIT-N-12-P16","cRSA","5",0.422260037395151,17
"xcit_nano_12_p16_224_classification","XCIT-N-12-P16","cRSA","5",0.422260037395151,74
"xcit_nano_12_p16_224_classification","XCIT-N-12-P16","cRSA","5",0.422260037395151,53
"xcit_nano_12_p16_224_classification","XCIT-N-12-P16","cRSA","7",0.368118342584596,17
"xcit_nano_12_p16_224_classification","XCIT-N-12-P16","cRSA","7",0.368118342584596,74
"xcit_nano_12_p16_224_classification","XCIT-N-12-P16","cRSA","7",0.368118342584596,53
"xcit_nano_12_p16_224_random","XCIT-N-12-P16","cRSA","1",0.0286591943264924,219
"xcit_nano_12_p16_224_random","XCIT-N-12-P16","cRSA","1",0.0286591943264924,188
"xcit_nano_12_p16_224_random","XCIT-N-12-P16","cRSA","1",0.0286591943264924,193
"xcit_nano_12_p16_224_random","XCIT-N-12-P16","cRSA","2",0.0236629514977996,219
"xcit_nano_12_p16_224_random","XCIT-N-12-P16","cRSA","2",0.0236629514977996,188
"xcit_nano_12_p16_224_random","XCIT-N-12-P16","cRSA","2",0.0236629514977996,193
"xcit_nano_12_p16_224_random","XCIT-N-12-P16","cRSA","5",0.0309974135591593,219
"xcit_nano_12_p16_224_random","XCIT-N-12-P16","cRSA","5",0.0309974135591593,188
"xcit_nano_12_p16_224_random","XCIT-N-12-P16","cRSA","5",0.0309974135591593,193
"xcit_nano_12_p16_224_random","XCIT-N-12-P16","cRSA","7",0.0221652398364331,219
"xcit_nano_12_p16_224_random","XCIT-N-12-P16","cRSA","7",0.0221652398364331,188
"xcit_nano_12_p16_224_random","XCIT-N-12-P16","cRSA","7",0.0221652398364331,193
"xcit_nano_12_p8_224_classification","XCIT-N-12-P8","cRSA","2",0.347032412507949,32
"xcit_nano_12_p8_224_classification","XCIT-N-12-P8","cRSA","2",0.347032412507949,69
"xcit_nano_12_p8_224_classification","XCIT-N-12-P8","cRSA","2",0.347032412507949,23
"xcit_nano_12_p8_224_classification","XCIT-N-12-P8","cRSA","7",0.32904610077367,32
"xcit_nano_12_p8_224_classification","XCIT-N-12-P8","cRSA","7",0.32904610077367,69
"xcit_nano_12_p8_224_classification","XCIT-N-12-P8","cRSA","7",0.32904610077367,23
"xcit_nano_12_p8_224_classification","XCIT-N-12-P8","cRSA","1",0.371460809026901,32
"xcit_nano_12_p8_224_classification","XCIT-N-12-P8","cRSA","1",0.371460809026901,69
"xcit_nano_12_p8_224_classification","XCIT-N-12-P8","cRSA","1",0.371460809026901,23
"xcit_nano_12_p8_224_classification","XCIT-N-12-P8","cRSA","5",0.406527908841863,32
"xcit_nano_12_p8_224_classification","XCIT-N-12-P8","cRSA","5",0.406527908841863,69
"xcit_nano_12_p8_224_classification","XCIT-N-12-P8","cRSA","5",0.406527908841863,23
"xcit_nano_12_p8_224_random","XCIT-N-12-P8","cRSA","7",0.0143215704862358,211
"xcit_nano_12_p8_224_random","XCIT-N-12-P8","cRSA","7",0.0143215704862358,168
"xcit_nano_12_p8_224_random","XCIT-N-12-P8","cRSA","7",0.0143215704862358,163
"xcit_nano_12_p8_224_random","XCIT-N-12-P8","cRSA","1",0.0466539024660883,211
"xcit_nano_12_p8_224_random","XCIT-N-12-P8","cRSA","1",0.0466539024660883,168
"xcit_nano_12_p8_224_random","XCIT-N-12-P8","cRSA","1",0.0466539024660883,163
"xcit_nano_12_p8_224_random","XCIT-N-12-P8","cRSA","2",0.0419525595294838,211
"xcit_nano_12_p8_224_random","XCIT-N-12-P8","cRSA","2",0.0419525595294838,168
"xcit_nano_12_p8_224_random","XCIT-N-12-P8","cRSA","2",0.0419525595294838,163
"xcit_nano_12_p8_224_random","XCIT-N-12-P8","cRSA","5",0.0480684067959554,211
"xcit_nano_12_p8_224_random","XCIT-N-12-P8","cRSA","5",0.0480684067959554,168
"xcit_nano_12_p8_224_random","XCIT-N-12-P8","cRSA","5",0.0480684067959554,163
"yolov5l_yolo","YOLO-V5-L","cRSA","2",0.364025200990328,56
"yolov5l_yolo","YOLO-V5-L","cRSA","2",0.364025200990328,25
"yolov5l_yolo","YOLO-V5-L","cRSA","2",0.364025200990328,29
"yolov5l_yolo","YOLO-V5-L","cRSA","5",0.365724037091956,56
"yolov5l_yolo","YOLO-V5-L","cRSA","5",0.365724037091956,25
"yolov5l_yolo","YOLO-V5-L","cRSA","5",0.365724037091956,29
"yolov5l_yolo","YOLO-V5-L","cRSA","7",0.346410800146858,56
"yolov5l_yolo","YOLO-V5-L","cRSA","7",0.346410800146858,25
"yolov5l_yolo","YOLO-V5-L","cRSA","7",0.346410800146858,29
"yolov5l_yolo","YOLO-V5-L","cRSA","1",0.324262697158731,56
"yolov5l_yolo","YOLO-V5-L","cRSA","1",0.324262697158731,25
"yolov5l_yolo","YOLO-V5-L","cRSA","1",0.324262697158731,29
"yolov5m_yolo","YOLO-V5-M","cRSA","1",0.367391578488888,24
"yolov5m_yolo","YOLO-V5-M","cRSA","1",0.367391578488888,40
"yolov5m_yolo","YOLO-V5-M","cRSA","1",0.367391578488888,28
"yolov5m_yolo","YOLO-V5-M","cRSA","2",0.380987502752882,24
"yolov5m_yolo","YOLO-V5-M","cRSA","2",0.380987502752882,40
"yolov5m_yolo","YOLO-V5-M","cRSA","2",0.380987502752882,28
"yolov5m_yolo","YOLO-V5-M","cRSA","5",0.375558344888906,24
"yolov5m_yolo","YOLO-V5-M","cRSA","5",0.375558344888906,40
"yolov5m_yolo","YOLO-V5-M","cRSA","5",0.375558344888906,28
"yolov5m_yolo","YOLO-V5-M","cRSA","7",0.357580739103274,24
"yolov5m_yolo","YOLO-V5-M","cRSA","7",0.357580739103274,40
"yolov5m_yolo","YOLO-V5-M","cRSA","7",0.357580739103274,28
"yolov5s_yolo","YOLO-V5-S","cRSA","2",0.35955787278001,44
"yolov5s_yolo","YOLO-V5-S","cRSA","2",0.35955787278001,30
"yolov5s_yolo","YOLO-V5-S","cRSA","2",0.35955787278001,27
"yolov5s_yolo","YOLO-V5-S","cRSA","1",0.354278541484912,44
"yolov5s_yolo","YOLO-V5-S","cRSA","1",0.354278541484912,30
"yolov5s_yolo","YOLO-V5-S","cRSA","1",0.354278541484912,27
"yolov5s_yolo","YOLO-V5-S","cRSA","5",0.369659103257536,44
"yolov5s_yolo","YOLO-V5-S","cRSA","5",0.369659103257536,30
"yolov5s_yolo","YOLO-V5-S","cRSA","5",0.369659103257536,27
"yolov5s_yolo","YOLO-V5-S","cRSA","7",0.341211763024773,44
"yolov5s_yolo","YOLO-V5-S","cRSA","7",0.341211763024773,30
"yolov5s_yolo","YOLO-V5-S","cRSA","7",0.341211763024773,27
"alexnet_classification","AlexNet","veRSA","1",0.630510870319082,75
"alexnet_classification","AlexNet","veRSA","1",0.630510870319082,124
"alexnet_classification","AlexNet","veRSA","1",0.630510870319082,120
"alexnet_classification","AlexNet","veRSA","7",0.573912630882559,75
"alexnet_classification","AlexNet","veRSA","7",0.573912630882559,124
"alexnet_classification","AlexNet","veRSA","7",0.573912630882559,120
"alexnet_classification","AlexNet","veRSA","2",0.628742080224932,75
"alexnet_classification","AlexNet","veRSA","2",0.628742080224932,124
"alexnet_classification","AlexNet","veRSA","2",0.628742080224932,120
"alexnet_classification","AlexNet","veRSA","5",0.700407392658668,75
"alexnet_classification","AlexNet","veRSA","5",0.700407392658668,124
"alexnet_classification","AlexNet","veRSA","5",0.700407392658668,120
"alexnet_gn_ipcl_imagenet","AlexNet-GN-IPCLImageNet","veRSA","1",0.558206411631598,122
"alexnet_gn_ipcl_imagenet","AlexNet-GN-IPCLImageNet","veRSA","1",0.558206411631598,132
"alexnet_gn_ipcl_imagenet","AlexNet-GN-IPCLImageNet","veRSA","2",0.573311183112963,122
"alexnet_gn_ipcl_imagenet","AlexNet-GN-IPCLImageNet","veRSA","2",0.573311183112963,132
"alexnet_gn_ipcl_imagenet","AlexNet-GN-IPCLImageNet","veRSA","5",0.609339719010688,122
"alexnet_gn_ipcl_imagenet","AlexNet-GN-IPCLImageNet","veRSA","5",0.609339719010688,132
"alexnet_gn_ipcl_imagenet","AlexNet-GN-IPCLImageNet","veRSA","7",0.505728692228843,122
"alexnet_gn_ipcl_imagenet","AlexNet-GN-IPCLImageNet","veRSA","7",0.505728692228843,132
"alexnet_gn_ipcl_openimages","AlexNet-GN-IPCLOpenImages","veRSA","2",0.529548910495989,129
"alexnet_gn_ipcl_openimages","AlexNet-GN-IPCLOpenImages","veRSA","2",0.529548910495989,133
"alexnet_gn_ipcl_openimages","AlexNet-GN-IPCLOpenImages","veRSA","1",0.523640931786672,129
"alexnet_gn_ipcl_openimages","AlexNet-GN-IPCLOpenImages","veRSA","1",0.523640931786672,133
"alexnet_gn_ipcl_openimages","AlexNet-GN-IPCLOpenImages","veRSA","5",0.551398577869866,129
"alexnet_gn_ipcl_openimages","AlexNet-GN-IPCLOpenImages","veRSA","5",0.551398577869866,133
"alexnet_gn_ipcl_openimages","AlexNet-GN-IPCLOpenImages","veRSA","7",0.462702392015297,129
"alexnet_gn_ipcl_openimages","AlexNet-GN-IPCLOpenImages","veRSA","7",0.462702392015297,133
"alexnet_gn_ipcl_places256","AlexNet-GN-IPCLPlaces256","veRSA","1",0.490786497655562,131
"alexnet_gn_ipcl_places256","AlexNet-GN-IPCLPlaces256","veRSA","1",0.490786497655562,134
"alexnet_gn_ipcl_places256","AlexNet-GN-IPCLPlaces256","veRSA","2",0.515057729082168,131
"alexnet_gn_ipcl_places256","AlexNet-GN-IPCLPlaces256","veRSA","2",0.515057729082168,134
"alexnet_gn_ipcl_places256","AlexNet-GN-IPCLPlaces256","veRSA","5",0.538709362458834,131
"alexnet_gn_ipcl_places256","AlexNet-GN-IPCLPlaces256","veRSA","5",0.538709362458834,134
"alexnet_gn_ipcl_places256","AlexNet-GN-IPCLPlaces256","veRSA","7",0.433805496051397,131
"alexnet_gn_ipcl_places256","AlexNet-GN-IPCLPlaces256","veRSA","7",0.433805496051397,134
"alexnet_gn_ipcl_vggface2","AlexNet-GN-IPCLVGGFace2","veRSA","5",0.305050374923322,147
"alexnet_gn_ipcl_vggface2","AlexNet-GN-IPCLVGGFace2","veRSA","5",0.305050374923322,146
"alexnet_gn_ipcl_vggface2","AlexNet-GN-IPCLVGGFace2","veRSA","7",0.272719393371391,147
"alexnet_gn_ipcl_vggface2","AlexNet-GN-IPCLVGGFace2","veRSA","7",0.272719393371391,146
"alexnet_gn_ipcl_vggface2","AlexNet-GN-IPCLVGGFace2","veRSA","1",0.281737617120653,147
"alexnet_gn_ipcl_vggface2","AlexNet-GN-IPCLVGGFace2","veRSA","1",0.281737617120653,146
"alexnet_gn_ipcl_vggface2","AlexNet-GN-IPCLVGGFace2","veRSA","2",0.299239260970123,147
"alexnet_gn_ipcl_vggface2","AlexNet-GN-IPCLVGGFace2","veRSA","2",0.299239260970123,146
"alexnet_random","AlexNet","veRSA","2",0.139112950532221,209
"alexnet_random","AlexNet","veRSA","2",0.139112950532221,158
"alexnet_random","AlexNet","veRSA","2",0.139112950532221,165
"alexnet_random","AlexNet","veRSA","7",0.12609629635157,209
"alexnet_random","AlexNet","veRSA","7",0.12609629635157,158
"alexnet_random","AlexNet","veRSA","7",0.12609629635157,165
"alexnet_random","AlexNet","veRSA","5",0.139836977006058,209
"alexnet_random","AlexNet","veRSA","5",0.139836977006058,158
"alexnet_random","AlexNet","veRSA","5",0.139836977006058,165
"alexnet_random","AlexNet","veRSA","1",0.127571920497466,209
"alexnet_random","AlexNet","veRSA","1",0.127571920497466,158
"alexnet_random","AlexNet","veRSA","1",0.127571920497466,165
"autoencoding_taskonomy","Autoencoder","veRSA","1",0.0971951261645972,158
"autoencoding_taskonomy","Autoencoder","veRSA","1",0.0971951261645972,166
"autoencoding_taskonomy","Autoencoder","veRSA","1",0.0971951261645972,197
"autoencoding_taskonomy","Autoencoder","veRSA","2",0.0938441388232237,158
"autoencoding_taskonomy","Autoencoder","veRSA","2",0.0938441388232237,166
"autoencoding_taskonomy","Autoencoder","veRSA","2",0.0938441388232237,197
"autoencoding_taskonomy","Autoencoder","veRSA","5",0.109959424184285,158
"autoencoding_taskonomy","Autoencoder","veRSA","5",0.109959424184285,166
"autoencoding_taskonomy","Autoencoder","veRSA","5",0.109959424184285,197
"autoencoding_taskonomy","Autoencoder","veRSA","7",0.111219371016309,158
"autoencoding_taskonomy","Autoencoder","veRSA","7",0.111219371016309,166
"autoencoding_taskonomy","Autoencoder","veRSA","7",0.111219371016309,197
"BiT-Expert-ResNet-V2-Abstraction_bit_expert","BiT-Expert-ResNet-V2-Abstraction","veRSA","5",0.749053680021296,59
"BiT-Expert-ResNet-V2-Abstraction_bit_expert","BiT-Expert-ResNet-V2-Abstraction","veRSA","5",0.749053680021296,9
"BiT-Expert-ResNet-V2-Abstraction_bit_expert","BiT-Expert-ResNet-V2-Abstraction","veRSA","5",0.749053680021296,14
"BiT-Expert-ResNet-V2-Abstraction_bit_expert","BiT-Expert-ResNet-V2-Abstraction","veRSA","7",0.640059019225865,59
"BiT-Expert-ResNet-V2-Abstraction_bit_expert","BiT-Expert-ResNet-V2-Abstraction","veRSA","7",0.640059019225865,9
"BiT-Expert-ResNet-V2-Abstraction_bit_expert","BiT-Expert-ResNet-V2-Abstraction","veRSA","7",0.640059019225865,14
"BiT-Expert-ResNet-V2-Abstraction_bit_expert","BiT-Expert-ResNet-V2-Abstraction","veRSA","2",0.724900845402321,59
"BiT-Expert-ResNet-V2-Abstraction_bit_expert","BiT-Expert-ResNet-V2-Abstraction","veRSA","2",0.724900845402321,9
"BiT-Expert-ResNet-V2-Abstraction_bit_expert","BiT-Expert-ResNet-V2-Abstraction","veRSA","2",0.724900845402321,14
"BiT-Expert-ResNet-V2-Abstraction_bit_expert","BiT-Expert-ResNet-V2-Abstraction","veRSA","1",0.691312140003166,59
"BiT-Expert-ResNet-V2-Abstraction_bit_expert","BiT-Expert-ResNet-V2-Abstraction","veRSA","1",0.691312140003166,9
"BiT-Expert-ResNet-V2-Abstraction_bit_expert","BiT-Expert-ResNet-V2-Abstraction","veRSA","1",0.691312140003166,14
"BiT-Expert-ResNet-V2-Animal_bit_expert","BiT-Expert-ResNet-V2-Animal","veRSA","5",0.74528295118571,43
"BiT-Expert-ResNet-V2-Animal_bit_expert","BiT-Expert-ResNet-V2-Animal","veRSA","5",0.74528295118571,19
"BiT-Expert-ResNet-V2-Animal_bit_expert","BiT-Expert-ResNet-V2-Animal","veRSA","5",0.74528295118571,22
"BiT-Expert-ResNet-V2-Animal_bit_expert","BiT-Expert-ResNet-V2-Animal","veRSA","7",0.635802772693713,43
"BiT-Expert-ResNet-V2-Animal_bit_expert","BiT-Expert-ResNet-V2-Animal","veRSA","7",0.635802772693713,19
"BiT-Expert-ResNet-V2-Animal_bit_expert","BiT-Expert-ResNet-V2-Animal","veRSA","7",0.635802772693713,22
"BiT-Expert-ResNet-V2-Animal_bit_expert","BiT-Expert-ResNet-V2-Animal","veRSA","1",0.691861534254816,43
"BiT-Expert-ResNet-V2-Animal_bit_expert","BiT-Expert-ResNet-V2-Animal","veRSA","1",0.691861534254816,19
"BiT-Expert-ResNet-V2-Animal_bit_expert","BiT-Expert-ResNet-V2-Animal","veRSA","1",0.691861534254816,22
"BiT-Expert-ResNet-V2-Animal_bit_expert","BiT-Expert-ResNet-V2-Animal","veRSA","2",0.715144327924713,43
"BiT-Expert-ResNet-V2-Animal_bit_expert","BiT-Expert-ResNet-V2-Animal","veRSA","2",0.715144327924713,19
"BiT-Expert-ResNet-V2-Animal_bit_expert","BiT-Expert-ResNet-V2-Animal","veRSA","2",0.715144327924713,22
"BiT-Expert-ResNet-V2-Arthropod_bit_expert","BiT-Expert-ResNet-V2-Arthropod","veRSA","5",0.737665406715818,37
"BiT-Expert-ResNet-V2-Arthropod_bit_expert","BiT-Expert-ResNet-V2-Arthropod","veRSA","5",0.737665406715818,15
"BiT-Expert-ResNet-V2-Arthropod_bit_expert","BiT-Expert-ResNet-V2-Arthropod","veRSA","5",0.737665406715818,35
"BiT-Expert-ResNet-V2-Arthropod_bit_expert","BiT-Expert-ResNet-V2-Arthropod","veRSA","7",0.629416431009022,37
"BiT-Expert-ResNet-V2-Arthropod_bit_expert","BiT-Expert-ResNet-V2-Arthropod","veRSA","7",0.629416431009022,15
"BiT-Expert-ResNet-V2-Arthropod_bit_expert","BiT-Expert-ResNet-V2-Arthropod","veRSA","7",0.629416431009022,35
"BiT-Expert-ResNet-V2-Arthropod_bit_expert","BiT-Expert-ResNet-V2-Arthropod","veRSA","1",0.687252341180587,37
"BiT-Expert-ResNet-V2-Arthropod_bit_expert","BiT-Expert-ResNet-V2-Arthropod","veRSA","1",0.687252341180587,15
"BiT-Expert-ResNet-V2-Arthropod_bit_expert","BiT-Expert-ResNet-V2-Arthropod","veRSA","1",0.687252341180587,35
"BiT-Expert-ResNet-V2-Arthropod_bit_expert","BiT-Expert-ResNet-V2-Arthropod","veRSA","2",0.709997167449335,37
"BiT-Expert-ResNet-V2-Arthropod_bit_expert","BiT-Expert-ResNet-V2-Arthropod","veRSA","2",0.709997167449335,15
"BiT-Expert-ResNet-V2-Arthropod_bit_expert","BiT-Expert-ResNet-V2-Arthropod","veRSA","2",0.709997167449335,35
"BiT-Expert-ResNet-V2-Bird_bit_expert","BiT-Expert-ResNet-V2-Bird","veRSA","7",0.63573059151645,64
"BiT-Expert-ResNet-V2-Bird_bit_expert","BiT-Expert-ResNet-V2-Bird","veRSA","7",0.63573059151645,31
"BiT-Expert-ResNet-V2-Bird_bit_expert","BiT-Expert-ResNet-V2-Bird","veRSA","7",0.63573059151645,26
"BiT-Expert-ResNet-V2-Bird_bit_expert","BiT-Expert-ResNet-V2-Bird","veRSA","1",0.688924710806967,64
"BiT-Expert-ResNet-V2-Bird_bit_expert","BiT-Expert-ResNet-V2-Bird","veRSA","1",0.688924710806967,31
"BiT-Expert-ResNet-V2-Bird_bit_expert","BiT-Expert-ResNet-V2-Bird","veRSA","1",0.688924710806967,26
"BiT-Expert-ResNet-V2-Bird_bit_expert","BiT-Expert-ResNet-V2-Bird","veRSA","2",0.710918873349288,64
"BiT-Expert-ResNet-V2-Bird_bit_expert","BiT-Expert-ResNet-V2-Bird","veRSA","2",0.710918873349288,31
"BiT-Expert-ResNet-V2-Bird_bit_expert","BiT-Expert-ResNet-V2-Bird","veRSA","2",0.710918873349288,26
"BiT-Expert-ResNet-V2-Bird_bit_expert","BiT-Expert-ResNet-V2-Bird","veRSA","5",0.748744806372944,64
"BiT-Expert-ResNet-V2-Bird_bit_expert","BiT-Expert-ResNet-V2-Bird","veRSA","5",0.748744806372944,31
"BiT-Expert-ResNet-V2-Bird_bit_expert","BiT-Expert-ResNet-V2-Bird","veRSA","5",0.748744806372944,26
"BiT-Expert-ResNet-V2-Flower_bit_expert","BiT-Expert-ResNet-V2-Flower","veRSA","7",0.630164981484602,80
"BiT-Expert-ResNet-V2-Flower_bit_expert","BiT-Expert-ResNet-V2-Flower","veRSA","7",0.630164981484602,24
"BiT-Expert-ResNet-V2-Flower_bit_expert","BiT-Expert-ResNet-V2-Flower","veRSA","7",0.630164981484602,36
"BiT-Expert-ResNet-V2-Flower_bit_expert","BiT-Expert-ResNet-V2-Flower","veRSA","1",0.684645950234284,80
"BiT-Expert-ResNet-V2-Flower_bit_expert","BiT-Expert-ResNet-V2-Flower","veRSA","1",0.684645950234284,24
"BiT-Expert-ResNet-V2-Flower_bit_expert","BiT-Expert-ResNet-V2-Flower","veRSA","1",0.684645950234284,36
"BiT-Expert-ResNet-V2-Flower_bit_expert","BiT-Expert-ResNet-V2-Flower","veRSA","2",0.705004190232417,80
"BiT-Expert-ResNet-V2-Flower_bit_expert","BiT-Expert-ResNet-V2-Flower","veRSA","2",0.705004190232417,24
"BiT-Expert-ResNet-V2-Flower_bit_expert","BiT-Expert-ResNet-V2-Flower","veRSA","2",0.705004190232417,36
"BiT-Expert-ResNet-V2-Flower_bit_expert","BiT-Expert-ResNet-V2-Flower","veRSA","5",0.744497345223344,80
"BiT-Expert-ResNet-V2-Flower_bit_expert","BiT-Expert-ResNet-V2-Flower","veRSA","5",0.744497345223344,24
"BiT-Expert-ResNet-V2-Flower_bit_expert","BiT-Expert-ResNet-V2-Flower","veRSA","5",0.744497345223344,36
"BiT-Expert-ResNet-V2-Food_bit_expert","BiT-Expert-ResNet-V2-Food","veRSA","5",0.736082420732733,45
"BiT-Expert-ResNet-V2-Food_bit_expert","BiT-Expert-ResNet-V2-Food","veRSA","5",0.736082420732733,17
"BiT-Expert-ResNet-V2-Food_bit_expert","BiT-Expert-ResNet-V2-Food","veRSA","5",0.736082420732733,41
"BiT-Expert-ResNet-V2-Food_bit_expert","BiT-Expert-ResNet-V2-Food","veRSA","7",0.63177374112704,45
"BiT-Expert-ResNet-V2-Food_bit_expert","BiT-Expert-ResNet-V2-Food","veRSA","7",0.63177374112704,17
"BiT-Expert-ResNet-V2-Food_bit_expert","BiT-Expert-ResNet-V2-Food","veRSA","7",0.63177374112704,41
"BiT-Expert-ResNet-V2-Food_bit_expert","BiT-Expert-ResNet-V2-Food","veRSA","1",0.685868234622913,45
"BiT-Expert-ResNet-V2-Food_bit_expert","BiT-Expert-ResNet-V2-Food","veRSA","1",0.685868234622913,17
"BiT-Expert-ResNet-V2-Food_bit_expert","BiT-Expert-ResNet-V2-Food","veRSA","1",0.685868234622913,41
"BiT-Expert-ResNet-V2-Food_bit_expert","BiT-Expert-ResNet-V2-Food","veRSA","2",0.706471505119644,45
"BiT-Expert-ResNet-V2-Food_bit_expert","BiT-Expert-ResNet-V2-Food","veRSA","2",0.706471505119644,17
"BiT-Expert-ResNet-V2-Food_bit_expert","BiT-Expert-ResNet-V2-Food","veRSA","2",0.706471505119644,41
"BiT-Expert-ResNet-V2-Instrument_bit_expert","BiT-Expert-ResNet-V2-Instrument","veRSA","2",0.704721471963012,51
"BiT-Expert-ResNet-V2-Instrument_bit_expert","BiT-Expert-ResNet-V2-Instrument","veRSA","2",0.704721471963012,22
"BiT-Expert-ResNet-V2-Instrument_bit_expert","BiT-Expert-ResNet-V2-Instrument","veRSA","2",0.704721471963012,37
"BiT-Expert-ResNet-V2-Instrument_bit_expert","BiT-Expert-ResNet-V2-Instrument","veRSA","5",0.738502363014707,51
"BiT-Expert-ResNet-V2-Instrument_bit_expert","BiT-Expert-ResNet-V2-Instrument","veRSA","5",0.738502363014707,22
"BiT-Expert-ResNet-V2-Instrument_bit_expert","BiT-Expert-ResNet-V2-Instrument","veRSA","5",0.738502363014707,37
"BiT-Expert-ResNet-V2-Instrument_bit_expert","BiT-Expert-ResNet-V2-Instrument","veRSA","7",0.627618214328018,51
"BiT-Expert-ResNet-V2-Instrument_bit_expert","BiT-Expert-ResNet-V2-Instrument","veRSA","7",0.627618214328018,22
"BiT-Expert-ResNet-V2-Instrument_bit_expert","BiT-Expert-ResNet-V2-Instrument","veRSA","7",0.627618214328018,37
"BiT-Expert-ResNet-V2-Instrument_bit_expert","BiT-Expert-ResNet-V2-Instrument","veRSA","1",0.692773087739487,51
"BiT-Expert-ResNet-V2-Instrument_bit_expert","BiT-Expert-ResNet-V2-Instrument","veRSA","1",0.692773087739487,22
"BiT-Expert-ResNet-V2-Instrument_bit_expert","BiT-Expert-ResNet-V2-Instrument","veRSA","1",0.692773087739487,37
"BiT-Expert-ResNet-V2-Mammal_bit_expert","BiT-Expert-ResNet-V2-Mammal","veRSA","7",0.636232029700685,58
"BiT-Expert-ResNet-V2-Mammal_bit_expert","BiT-Expert-ResNet-V2-Mammal","veRSA","7",0.636232029700685,20
"BiT-Expert-ResNet-V2-Mammal_bit_expert","BiT-Expert-ResNet-V2-Mammal","veRSA","7",0.636232029700685,17
"BiT-Expert-ResNet-V2-Mammal_bit_expert","BiT-Expert-ResNet-V2-Mammal","veRSA","1",0.691341022052218,58
"BiT-Expert-ResNet-V2-Mammal_bit_expert","BiT-Expert-ResNet-V2-Mammal","veRSA","1",0.691341022052218,20
"BiT-Expert-ResNet-V2-Mammal_bit_expert","BiT-Expert-ResNet-V2-Mammal","veRSA","1",0.691341022052218,17
"BiT-Expert-ResNet-V2-Mammal_bit_expert","BiT-Expert-ResNet-V2-Mammal","veRSA","2",0.717518011462656,58
"BiT-Expert-ResNet-V2-Mammal_bit_expert","BiT-Expert-ResNet-V2-Mammal","veRSA","2",0.717518011462656,20
"BiT-Expert-ResNet-V2-Mammal_bit_expert","BiT-Expert-ResNet-V2-Mammal","veRSA","2",0.717518011462656,17
"BiT-Expert-ResNet-V2-Mammal_bit_expert","BiT-Expert-ResNet-V2-Mammal","veRSA","5",0.752977908930623,58
"BiT-Expert-ResNet-V2-Mammal_bit_expert","BiT-Expert-ResNet-V2-Mammal","veRSA","5",0.752977908930623,20
"BiT-Expert-ResNet-V2-Mammal_bit_expert","BiT-Expert-ResNet-V2-Mammal","veRSA","5",0.752977908930623,17
"BiT-Expert-ResNet-V2-Object_bit_expert","BiT-Expert-ResNet-V2-Object","veRSA","5",0.745303657069698,65
"BiT-Expert-ResNet-V2-Object_bit_expert","BiT-Expert-ResNet-V2-Object","veRSA","5",0.745303657069698,8
"BiT-Expert-ResNet-V2-Object_bit_expert","BiT-Expert-ResNet-V2-Object","veRSA","5",0.745303657069698,19
"BiT-Expert-ResNet-V2-Object_bit_expert","BiT-Expert-ResNet-V2-Object","veRSA","7",0.636763572420949,65
"BiT-Expert-ResNet-V2-Object_bit_expert","BiT-Expert-ResNet-V2-Object","veRSA","7",0.636763572420949,8
"BiT-Expert-ResNet-V2-Object_bit_expert","BiT-Expert-ResNet-V2-Object","veRSA","7",0.636763572420949,19
"BiT-Expert-ResNet-V2-Object_bit_expert","BiT-Expert-ResNet-V2-Object","veRSA","2",0.721745033939771,65
"BiT-Expert-ResNet-V2-Object_bit_expert","BiT-Expert-ResNet-V2-Object","veRSA","2",0.721745033939771,8
"BiT-Expert-ResNet-V2-Object_bit_expert","BiT-Expert-ResNet-V2-Object","veRSA","2",0.721745033939771,19
"BiT-Expert-ResNet-V2-Object_bit_expert","BiT-Expert-ResNet-V2-Object","veRSA","1",0.692790087770393,65
"BiT-Expert-ResNet-V2-Object_bit_expert","BiT-Expert-ResNet-V2-Object","veRSA","1",0.692790087770393,8
"BiT-Expert-ResNet-V2-Object_bit_expert","BiT-Expert-ResNet-V2-Object","veRSA","1",0.692790087770393,19
"BiT-Expert-ResNet-V2-Relation_bit_expert","BiT-Expert-ResNet-V2-Relation","veRSA","2",0.704580156547196,46
"BiT-Expert-ResNet-V2-Relation_bit_expert","BiT-Expert-ResNet-V2-Relation","veRSA","2",0.704580156547196,14
"BiT-Expert-ResNet-V2-Relation_bit_expert","BiT-Expert-ResNet-V2-Relation","veRSA","2",0.704580156547196,30
"BiT-Expert-ResNet-V2-Relation_bit_expert","BiT-Expert-ResNet-V2-Relation","veRSA","5",0.739815810793836,46
"BiT-Expert-ResNet-V2-Relation_bit_expert","BiT-Expert-ResNet-V2-Relation","veRSA","5",0.739815810793836,14
"BiT-Expert-ResNet-V2-Relation_bit_expert","BiT-Expert-ResNet-V2-Relation","veRSA","5",0.739815810793836,30
"BiT-Expert-ResNet-V2-Relation_bit_expert","BiT-Expert-ResNet-V2-Relation","veRSA","7",0.633275425415516,46
"BiT-Expert-ResNet-V2-Relation_bit_expert","BiT-Expert-ResNet-V2-Relation","veRSA","7",0.633275425415516,14
"BiT-Expert-ResNet-V2-Relation_bit_expert","BiT-Expert-ResNet-V2-Relation","veRSA","7",0.633275425415516,30
"BiT-Expert-ResNet-V2-Relation_bit_expert","BiT-Expert-ResNet-V2-Relation","veRSA","1",0.693481543253562,46
"BiT-Expert-ResNet-V2-Relation_bit_expert","BiT-Expert-ResNet-V2-Relation","veRSA","1",0.693481543253562,14
"BiT-Expert-ResNet-V2-Relation_bit_expert","BiT-Expert-ResNet-V2-Relation","veRSA","1",0.693481543253562,30
"BiT-Expert-ResNet-V2-Vehicle_bit_expert","BiT-Expert-ResNet-V2-Vehicle","veRSA","2",0.704663718545599,57
"BiT-Expert-ResNet-V2-Vehicle_bit_expert","BiT-Expert-ResNet-V2-Vehicle","veRSA","2",0.704663718545599,21
"BiT-Expert-ResNet-V2-Vehicle_bit_expert","BiT-Expert-ResNet-V2-Vehicle","veRSA","2",0.704663718545599,38
"BiT-Expert-ResNet-V2-Vehicle_bit_expert","BiT-Expert-ResNet-V2-Vehicle","veRSA","5",0.736077119393876,57
"BiT-Expert-ResNet-V2-Vehicle_bit_expert","BiT-Expert-ResNet-V2-Vehicle","veRSA","5",0.736077119393876,21
"BiT-Expert-ResNet-V2-Vehicle_bit_expert","BiT-Expert-ResNet-V2-Vehicle","veRSA","5",0.736077119393876,38
"BiT-Expert-ResNet-V2-Vehicle_bit_expert","BiT-Expert-ResNet-V2-Vehicle","veRSA","7",0.628133681036022,57
"BiT-Expert-ResNet-V2-Vehicle_bit_expert","BiT-Expert-ResNet-V2-Vehicle","veRSA","7",0.628133681036022,21
"BiT-Expert-ResNet-V2-Vehicle_bit_expert","BiT-Expert-ResNet-V2-Vehicle","veRSA","7",0.628133681036022,38
"BiT-Expert-ResNet-V2-Vehicle_bit_expert","BiT-Expert-ResNet-V2-Vehicle","veRSA","1",0.693432061621731,57
"BiT-Expert-ResNet-V2-Vehicle_bit_expert","BiT-Expert-ResNet-V2-Vehicle","veRSA","1",0.693432061621731,21
"BiT-Expert-ResNet-V2-Vehicle_bit_expert","BiT-Expert-ResNet-V2-Vehicle","veRSA","1",0.693432061621731,38
"class_object_taskonomy","Object Classification","veRSA","1",0.435041300688283,135
"class_object_taskonomy","Object Classification","veRSA","2",0.433769793065362,135
"class_object_taskonomy","Object Classification","veRSA","7",0.413122567665065,135
"class_object_taskonomy","Object Classification","veRSA","5",0.460926709585022,135
"class_scene_taskonomy","Scene Classification","veRSA","1",0.407356710607295,142
"class_scene_taskonomy","Scene Classification","veRSA","1",0.407356710607295,136
"class_scene_taskonomy","Scene Classification","veRSA","7",0.407620953282288,142
"class_scene_taskonomy","Scene Classification","veRSA","7",0.407620953282288,136
"class_scene_taskonomy","Scene Classification","veRSA","2",0.431426725080124,142
"class_scene_taskonomy","Scene Classification","veRSA","2",0.431426725080124,136
"class_scene_taskonomy","Scene Classification","veRSA","5",0.455609734167981,142
"class_scene_taskonomy","Scene Classification","veRSA","5",0.455609734167981,136
"coat_lite_tiny_classification","CoaT-Lite-Tiny","veRSA","2",0.683355827399983,92
"coat_lite_tiny_classification","CoaT-Lite-Tiny","veRSA","2",0.683355827399983,28
"coat_lite_tiny_classification","CoaT-Lite-Tiny","veRSA","2",0.683355827399983,79
"coat_lite_tiny_classification","CoaT-Lite-Tiny","veRSA","5",0.731168600975078,92
"coat_lite_tiny_classification","CoaT-Lite-Tiny","veRSA","5",0.731168600975078,28
"coat_lite_tiny_classification","CoaT-Lite-Tiny","veRSA","5",0.731168600975078,79
"coat_lite_tiny_classification","CoaT-Lite-Tiny","veRSA","1",0.663942237646866,92
"coat_lite_tiny_classification","CoaT-Lite-Tiny","veRSA","1",0.663942237646866,28
"coat_lite_tiny_classification","CoaT-Lite-Tiny","veRSA","1",0.663942237646866,79
"coat_lite_tiny_classification","CoaT-Lite-Tiny","veRSA","7",0.612007156701977,92
"coat_lite_tiny_classification","CoaT-Lite-Tiny","veRSA","7",0.612007156701977,28
"coat_lite_tiny_classification","CoaT-Lite-Tiny","veRSA","7",0.612007156701977,79
"coat_lite_tiny_random","CoaT-Lite-Tiny","veRSA","2",0.103561853266217,172
"coat_lite_tiny_random","CoaT-Lite-Tiny","veRSA","2",0.103561853266217,211
"coat_lite_tiny_random","CoaT-Lite-Tiny","veRSA","2",0.103561853266217,208
"coat_lite_tiny_random","CoaT-Lite-Tiny","veRSA","7",0.102681097050253,172
"coat_lite_tiny_random","CoaT-Lite-Tiny","veRSA","7",0.102681097050253,211
"coat_lite_tiny_random","CoaT-Lite-Tiny","veRSA","7",0.102681097050253,208
"coat_lite_tiny_random","CoaT-Lite-Tiny","veRSA","1",0.099801432202994,172
"coat_lite_tiny_random","CoaT-Lite-Tiny","veRSA","1",0.099801432202994,211
"coat_lite_tiny_random","CoaT-Lite-Tiny","veRSA","1",0.099801432202994,208
"coat_lite_tiny_random","CoaT-Lite-Tiny","veRSA","5",0.0798676447311239,172
"coat_lite_tiny_random","CoaT-Lite-Tiny","veRSA","5",0.0798676447311239,211
"coat_lite_tiny_random","CoaT-Lite-Tiny","veRSA","5",0.0798676447311239,208
"convit_base_classification","ConViT-B","veRSA","1",0.621356278117645,68
"convit_base_classification","ConViT-B","veRSA","1",0.621356278117645,109
"convit_base_classification","ConViT-B","veRSA","1",0.621356278117645,117
"convit_base_classification","ConViT-B","veRSA","2",0.638699764737837,68
"convit_base_classification","ConViT-B","veRSA","2",0.638699764737837,109
"convit_base_classification","ConViT-B","veRSA","2",0.638699764737837,117
"convit_base_classification","ConViT-B","veRSA","5",0.707233189873979,68
"convit_base_classification","ConViT-B","veRSA","5",0.707233189873979,109
"convit_base_classification","ConViT-B","veRSA","5",0.707233189873979,117
"convit_base_classification","ConViT-B","veRSA","7",0.588243127972276,68
"convit_base_classification","ConViT-B","veRSA","7",0.588243127972276,109
"convit_base_classification","ConViT-B","veRSA","7",0.588243127972276,117
"convit_base_random","ConViT-B","veRSA","1",0.111403804709722,192
"convit_base_random","ConViT-B","veRSA","1",0.111403804709722,177
"convit_base_random","ConViT-B","veRSA","1",0.111403804709722,175
"convit_base_random","ConViT-B","veRSA","2",0.097980192689909,192
"convit_base_random","ConViT-B","veRSA","2",0.097980192689909,177
"convit_base_random","ConViT-B","veRSA","2",0.097980192689909,175
"convit_base_random","ConViT-B","veRSA","5",0.136912836802893,192
"convit_base_random","ConViT-B","veRSA","5",0.136912836802893,177
"convit_base_random","ConViT-B","veRSA","5",0.136912836802893,175
"convit_base_random","ConViT-B","veRSA","7",0.125357030669457,192
"convit_base_random","ConViT-B","veRSA","7",0.125357030669457,177
"convit_base_random","ConViT-B","veRSA","7",0.125357030669457,175
"convit_tiny_classification","ConViT-T","veRSA","7",0.584540998539672,117
"convit_tiny_classification","ConViT-T","veRSA","7",0.584540998539672,101
"convit_tiny_classification","ConViT-T","veRSA","7",0.584540998539672,122
"convit_tiny_classification","ConViT-T","veRSA","1",0.630258188775656,117
"convit_tiny_classification","ConViT-T","veRSA","1",0.630258188775656,101
"convit_tiny_classification","ConViT-T","veRSA","1",0.630258188775656,122
"convit_tiny_classification","ConViT-T","veRSA","2",0.628333238845124,117
"convit_tiny_classification","ConViT-T","veRSA","2",0.628333238845124,101
"convit_tiny_classification","ConViT-T","veRSA","2",0.628333238845124,122
"convit_tiny_classification","ConViT-T","veRSA","5",0.670844399888044,117
"convit_tiny_classification","ConViT-T","veRSA","5",0.670844399888044,101
"convit_tiny_classification","ConViT-T","veRSA","5",0.670844399888044,122
"convit_tiny_random","ConViT-T","veRSA","2",0.0924249745567097,169
"convit_tiny_random","ConViT-T","veRSA","2",0.0924249745567097,197
"convit_tiny_random","ConViT-T","veRSA","2",0.0924249745567097,209
"convit_tiny_random","ConViT-T","veRSA","1",0.0835069694147304,169
"convit_tiny_random","ConViT-T","veRSA","1",0.0835069694147304,197
"convit_tiny_random","ConViT-T","veRSA","1",0.0835069694147304,209
"convit_tiny_random","ConViT-T","veRSA","5",0.110803624747279,169
"convit_tiny_random","ConViT-T","veRSA","5",0.110803624747279,197
"convit_tiny_random","ConViT-T","veRSA","5",0.110803624747279,209
"convit_tiny_random","ConViT-T","veRSA","7",0.0983895491186904,169
"convit_tiny_random","ConViT-T","veRSA","7",0.0983895491186904,197
"convit_tiny_random","ConViT-T","veRSA","7",0.0983895491186904,209
"convmixer_768_32_classification","ConvMixer-768-32","veRSA","2",0.6954790571042,70
"convmixer_768_32_classification","ConvMixer-768-32","veRSA","2",0.6954790571042,48
"convmixer_768_32_classification","ConvMixer-768-32","veRSA","2",0.6954790571042,73
"convmixer_768_32_classification","ConvMixer-768-32","veRSA","1",0.678095431768535,70
"convmixer_768_32_classification","ConvMixer-768-32","veRSA","1",0.678095431768535,48
"convmixer_768_32_classification","ConvMixer-768-32","veRSA","1",0.678095431768535,73
"convmixer_768_32_classification","ConvMixer-768-32","veRSA","5",0.723533673714046,70
"convmixer_768_32_classification","ConvMixer-768-32","veRSA","5",0.723533673714046,48
"convmixer_768_32_classification","ConvMixer-768-32","veRSA","5",0.723533673714046,73
"convmixer_768_32_classification","ConvMixer-768-32","veRSA","7",0.604629700648182,70
"convmixer_768_32_classification","ConvMixer-768-32","veRSA","7",0.604629700648182,48
"convmixer_768_32_classification","ConvMixer-768-32","veRSA","7",0.604629700648182,73
"convmixer_768_32_random","ConvMixer-768-32","veRSA","1",0.0805353222767752,222
"convmixer_768_32_random","ConvMixer-768-32","veRSA","1",0.0805353222767752,218
"convmixer_768_32_random","ConvMixer-768-32","veRSA","1",0.0805353222767752,219
"convmixer_768_32_random","ConvMixer-768-32","veRSA","2",0.0774453772427493,222
"convmixer_768_32_random","ConvMixer-768-32","veRSA","2",0.0774453772427493,218
"convmixer_768_32_random","ConvMixer-768-32","veRSA","2",0.0774453772427493,219
"convmixer_768_32_random","ConvMixer-768-32","veRSA","5",0.0871868682782221,222
"convmixer_768_32_random","ConvMixer-768-32","veRSA","5",0.0871868682782221,218
"convmixer_768_32_random","ConvMixer-768-32","veRSA","5",0.0871868682782221,219
"convmixer_768_32_random","ConvMixer-768-32","veRSA","7",0.084041362969133,222
"convmixer_768_32_random","ConvMixer-768-32","veRSA","7",0.084041362969133,218
"convmixer_768_32_random","ConvMixer-768-32","veRSA","7",0.084041362969133,219
"convnext_base_classification","ConvNext-B","veRSA","1",0.676270161946449,109
"convnext_base_classification","ConvNext-B","veRSA","1",0.676270161946449,35
"convnext_base_classification","ConvNext-B","veRSA","1",0.676270161946449,72
"convnext_base_classification","ConvNext-B","veRSA","2",0.689679681514166,109
"convnext_base_classification","ConvNext-B","veRSA","2",0.689679681514166,35
"convnext_base_classification","ConvNext-B","veRSA","2",0.689679681514166,72
"convnext_base_classification","ConvNext-B","veRSA","5",0.725000278200638,109
"convnext_base_classification","ConvNext-B","veRSA","5",0.725000278200638,35
"convnext_base_classification","ConvNext-B","veRSA","5",0.725000278200638,72
"convnext_base_classification","ConvNext-B","veRSA","7",0.611293893274925,109
"convnext_base_classification","ConvNext-B","veRSA","7",0.611293893274925,35
"convnext_base_classification","ConvNext-B","veRSA","7",0.611293893274925,72
"convnext_base_in22k_classification","ConvNext-Base-IN21K","veRSA","1",0.695070767282694,86
"convnext_base_in22k_classification","ConvNext-Base-IN21K","veRSA","1",0.695070767282694,4
"convnext_base_in22k_classification","ConvNext-Base-IN21K","veRSA","1",0.695070767282694,12
"convnext_base_in22k_classification","ConvNext-Base-IN21K","veRSA","2",0.730113043346818,86
"convnext_base_in22k_classification","ConvNext-Base-IN21K","veRSA","2",0.730113043346818,4
"convnext_base_in22k_classification","ConvNext-Base-IN21K","veRSA","2",0.730113043346818,12
"convnext_base_in22k_classification","ConvNext-Base-IN21K","veRSA","5",0.752524812943922,86
"convnext_base_in22k_classification","ConvNext-Base-IN21K","veRSA","5",0.752524812943922,4
"convnext_base_in22k_classification","ConvNext-Base-IN21K","veRSA","5",0.752524812943922,12
"convnext_base_in22k_classification","ConvNext-Base-IN21K","veRSA","7",0.631728937210453,86
"convnext_base_in22k_classification","ConvNext-Base-IN21K","veRSA","7",0.631728937210453,4
"convnext_base_in22k_classification","ConvNext-Base-IN21K","veRSA","7",0.631728937210453,12
"convnext_base_random","ConvNext-B","veRSA","5",0.121441813545657,163
"convnext_base_random","ConvNext-B","veRSA","5",0.121441813545657,201
"convnext_base_random","ConvNext-B","veRSA","5",0.121441813545657,200
"convnext_base_random","ConvNext-B","veRSA","7",0.102401047955717,163
"convnext_base_random","ConvNext-B","veRSA","7",0.102401047955717,201
"convnext_base_random","ConvNext-B","veRSA","7",0.102401047955717,200
"convnext_base_random","ConvNext-B","veRSA","1",0.0886838665134562,163
"convnext_base_random","ConvNext-B","veRSA","1",0.0886838665134562,201
"convnext_base_random","ConvNext-B","veRSA","1",0.0886838665134562,200
"convnext_base_random","ConvNext-B","veRSA","2",0.0937682640691609,163
"convnext_base_random","ConvNext-B","veRSA","2",0.0937682640691609,201
"convnext_base_random","ConvNext-B","veRSA","2",0.0937682640691609,200
"convnext_large_classification","ConvNext-L","veRSA","2",0.672088712102648,130
"convnext_large_classification","ConvNext-L","veRSA","2",0.672088712102648,68
"convnext_large_classification","ConvNext-L","veRSA","2",0.672088712102648,108
"convnext_large_classification","ConvNext-L","veRSA","1",0.65650027042628,130
"convnext_large_classification","ConvNext-L","veRSA","1",0.65650027042628,68
"convnext_large_classification","ConvNext-L","veRSA","1",0.65650027042628,108
"convnext_large_classification","ConvNext-L","veRSA","5",0.696031914994798,130
"convnext_large_classification","ConvNext-L","veRSA","5",0.696031914994798,68
"convnext_large_classification","ConvNext-L","veRSA","5",0.696031914994798,108
"convnext_large_classification","ConvNext-L","veRSA","7",0.589446350713984,130
"convnext_large_classification","ConvNext-L","veRSA","7",0.589446350713984,68
"convnext_large_classification","ConvNext-L","veRSA","7",0.589446350713984,108
"convnext_large_in22k_classification","ConvNext-Large-IN21K","veRSA","1",0.708452516465397,50
"convnext_large_in22k_classification","ConvNext-Large-IN21K","veRSA","1",0.708452516465397,3
"convnext_large_in22k_classification","ConvNext-Large-IN21K","veRSA","1",0.708452516465397,8
"convnext_large_in22k_classification","ConvNext-Large-IN21K","veRSA","2",0.717783051341189,50
"convnext_large_in22k_classification","ConvNext-Large-IN21K","veRSA","2",0.717783051341189,3
"convnext_large_in22k_classification","ConvNext-Large-IN21K","veRSA","2",0.717783051341189,8
"convnext_large_in22k_classification","ConvNext-Large-IN21K","veRSA","7",0.641573711245994,50
"convnext_large_in22k_classification","ConvNext-Large-IN21K","veRSA","7",0.641573711245994,3
"convnext_large_in22k_classification","ConvNext-Large-IN21K","veRSA","7",0.641573711245994,8
"convnext_large_in22k_classification","ConvNext-Large-IN21K","veRSA","5",0.755095245482676,50
"convnext_large_in22k_classification","ConvNext-Large-IN21K","veRSA","5",0.755095245482676,3
"convnext_large_in22k_classification","ConvNext-Large-IN21K","veRSA","5",0.755095245482676,8
"convnext_large_random","ConvNext-L","veRSA","1",0.108596834070924,161
"convnext_large_random","ConvNext-L","veRSA","1",0.108596834070924,205
"convnext_large_random","ConvNext-L","veRSA","1",0.108596834070924,192
"convnext_large_random","ConvNext-L","veRSA","2",0.0985375005504208,161
"convnext_large_random","ConvNext-L","veRSA","2",0.0985375005504208,205
"convnext_large_random","ConvNext-L","veRSA","2",0.0985375005504208,192
"convnext_large_random","ConvNext-L","veRSA","5",0.115807353888745,161
"convnext_large_random","ConvNext-L","veRSA","5",0.115807353888745,205
"convnext_large_random","ConvNext-L","veRSA","5",0.115807353888745,192
"convnext_large_random","ConvNext-L","veRSA","7",0.104720472324742,161
"convnext_large_random","ConvNext-L","veRSA","7",0.104720472324742,205
"convnext_large_random","ConvNext-L","veRSA","7",0.104720472324742,192
"crossvit_base_240_classification","CrossViT-B","veRSA","1",0.64709299595549,102
"crossvit_base_240_classification","CrossViT-B","veRSA","1",0.64709299595549,114
"crossvit_base_240_classification","CrossViT-B","veRSA","1",0.64709299595549,106
"crossvit_base_240_classification","CrossViT-B","veRSA","2",0.666508815818297,102
"crossvit_base_240_classification","CrossViT-B","veRSA","2",0.666508815818297,114
"crossvit_base_240_classification","CrossViT-B","veRSA","2",0.666508815818297,106
"crossvit_base_240_classification","CrossViT-B","veRSA","5",0.717788094423076,102
"crossvit_base_240_classification","CrossViT-B","veRSA","5",0.717788094423076,114
"crossvit_base_240_classification","CrossViT-B","veRSA","5",0.717788094423076,106
"crossvit_base_240_classification","CrossViT-B","veRSA","7",0.588284759574332,102
"crossvit_base_240_classification","CrossViT-B","veRSA","7",0.588284759574332,114
"crossvit_base_240_classification","CrossViT-B","veRSA","7",0.588284759574332,106
"crossvit_base_240_random","CrossViT-B","veRSA","1",0.0913111519742632,193
"crossvit_base_240_random","CrossViT-B","veRSA","1",0.0913111519742632,199
"crossvit_base_240_random","CrossViT-B","veRSA","1",0.0913111519742632,203
"crossvit_base_240_random","CrossViT-B","veRSA","2",0.0800753787162637,193
"crossvit_base_240_random","CrossViT-B","veRSA","2",0.0800753787162637,199
"crossvit_base_240_random","CrossViT-B","veRSA","2",0.0800753787162637,203
"crossvit_base_240_random","CrossViT-B","veRSA","5",0.133524184058139,193
"crossvit_base_240_random","CrossViT-B","veRSA","5",0.133524184058139,199
"crossvit_base_240_random","CrossViT-B","veRSA","5",0.133524184058139,203
"crossvit_base_240_random","CrossViT-B","veRSA","7",0.0959389466208126,193
"crossvit_base_240_random","CrossViT-B","veRSA","7",0.0959389466208126,199
"crossvit_base_240_random","CrossViT-B","veRSA","7",0.0959389466208126,203
"cspresnet50_classification","CSP-ResNet50","veRSA","1",0.665264915815644,13
"cspresnet50_classification","CSP-ResNet50","veRSA","1",0.665264915815644,23
"cspresnet50_classification","CSP-ResNet50","veRSA","1",0.665264915815644,67
"cspresnet50_classification","CSP-ResNet50","veRSA","2",0.696771401269909,13
"cspresnet50_classification","CSP-ResNet50","veRSA","2",0.696771401269909,23
"cspresnet50_classification","CSP-ResNet50","veRSA","2",0.696771401269909,67
"cspresnet50_classification","CSP-ResNet50","veRSA","5",0.727681656474169,13
"cspresnet50_classification","CSP-ResNet50","veRSA","5",0.727681656474169,23
"cspresnet50_classification","CSP-ResNet50","veRSA","5",0.727681656474169,67
"cspresnet50_classification","CSP-ResNet50","veRSA","7",0.617411945256091,13
"cspresnet50_classification","CSP-ResNet50","veRSA","7",0.617411945256091,23
"cspresnet50_classification","CSP-ResNet50","veRSA","7",0.617411945256091,67
"cspresnet50_random","CSP-ResNet50","veRSA","1",0.128041268734252,205
"cspresnet50_random","CSP-ResNet50","veRSA","1",0.128041268734252,167
"cspresnet50_random","CSP-ResNet50","veRSA","5",0.123621063338439,205
"cspresnet50_random","CSP-ResNet50","veRSA","5",0.123621063338439,167
"cspresnet50_random","CSP-ResNet50","veRSA","2",0.124446601629024,205
"cspresnet50_random","CSP-ResNet50","veRSA","2",0.124446601629024,167
"cspresnet50_random","CSP-ResNet50","veRSA","7",0.146743570992738,205
"cspresnet50_random","CSP-ResNet50","veRSA","7",0.146743570992738,167
"curvature_taskonomy","Curvatures","veRSA","5",0.330125341074457,145
"curvature_taskonomy","Curvatures","veRSA","5",0.330125341074457,147
"curvature_taskonomy","Curvatures","veRSA","5",0.330125341074457,144
"curvature_taskonomy","Curvatures","veRSA","1",0.304539671531981,145
"curvature_taskonomy","Curvatures","veRSA","1",0.304539671531981,147
"curvature_taskonomy","Curvatures","veRSA","1",0.304539671531981,144
"curvature_taskonomy","Curvatures","veRSA","7",0.301600089106587,145
"curvature_taskonomy","Curvatures","veRSA","7",0.301600089106587,147
"curvature_taskonomy","Curvatures","veRSA","7",0.301600089106587,144
"curvature_taskonomy","Curvatures","veRSA","2",0.344305535887458,145
"curvature_taskonomy","Curvatures","veRSA","2",0.344305535887458,147
"curvature_taskonomy","Curvatures","veRSA","2",0.344305535887458,144
"deit_base_patch16_224_classification","DeiT-B-P16-224","veRSA","1",0.638183947494465,106
"deit_base_patch16_224_classification","DeiT-B-P16-224","veRSA","1",0.638183947494465,110
"deit_base_patch16_224_classification","DeiT-B-P16-224","veRSA","1",0.638183947494465,116
"deit_base_patch16_224_classification","DeiT-B-P16-224","veRSA","2",0.64978408161109,106
"deit_base_patch16_224_classification","DeiT-B-P16-224","veRSA","2",0.64978408161109,110
"deit_base_patch16_224_classification","DeiT-B-P16-224","veRSA","2",0.64978408161109,116
"deit_base_patch16_224_classification","DeiT-B-P16-224","veRSA","7",0.582393652461456,106
"deit_base_patch16_224_classification","DeiT-B-P16-224","veRSA","7",0.582393652461456,110
"deit_base_patch16_224_classification","DeiT-B-P16-224","veRSA","7",0.582393652461456,116
"deit_base_patch16_224_classification","DeiT-B-P16-224","veRSA","5",0.687757982211146,106
"deit_base_patch16_224_classification","DeiT-B-P16-224","veRSA","5",0.687757982211146,110
"deit_base_patch16_224_classification","DeiT-B-P16-224","veRSA","5",0.687757982211146,116
"deit_base_patch16_224_random","DeiT-B-P16-224","veRSA","2",0.0959165794422401,190
"deit_base_patch16_224_random","DeiT-B-P16-224","veRSA","2",0.0959165794422401,185
"deit_base_patch16_224_random","DeiT-B-P16-224","veRSA","2",0.0959165794422401,186
"deit_base_patch16_224_random","DeiT-B-P16-224","veRSA","5",0.135796658230923,190
"deit_base_patch16_224_random","DeiT-B-P16-224","veRSA","5",0.135796658230923,185
"deit_base_patch16_224_random","DeiT-B-P16-224","veRSA","5",0.135796658230923,186
"deit_base_patch16_224_random","DeiT-B-P16-224","veRSA","7",0.102183377994413,190
"deit_base_patch16_224_random","DeiT-B-P16-224","veRSA","7",0.102183377994413,185
"deit_base_patch16_224_random","DeiT-B-P16-224","veRSA","7",0.102183377994413,186
"deit_base_patch16_224_random","DeiT-B-P16-224","veRSA","1",0.113391509984678,190
"deit_base_patch16_224_random","DeiT-B-P16-224","veRSA","1",0.113391509984678,185
"deit_base_patch16_224_random","DeiT-B-P16-224","veRSA","1",0.113391509984678,186
"denoising_taskonomy","Denoising","veRSA","1",0.151071472720517,180
"denoising_taskonomy","Denoising","veRSA","1",0.151071472720517,189
"denoising_taskonomy","Denoising","veRSA","1",0.151071472720517,161
"denoising_taskonomy","Denoising","veRSA","2",0.143443209302472,180
"denoising_taskonomy","Denoising","veRSA","2",0.143443209302472,189
"denoising_taskonomy","Denoising","veRSA","2",0.143443209302472,161
"denoising_taskonomy","Denoising","veRSA","5",0.149689924333331,180
"denoising_taskonomy","Denoising","veRSA","5",0.149689924333331,189
"denoising_taskonomy","Denoising","veRSA","5",0.149689924333331,161
"denoising_taskonomy","Denoising","veRSA","7",0.125631551325738,180
"denoising_taskonomy","Denoising","veRSA","7",0.125631551325738,189
"denoising_taskonomy","Denoising","veRSA","7",0.125631551325738,161
"densenet121_classification","DenseNet121","veRSA","2",0.686417252764177,26
"densenet121_classification","DenseNet121","veRSA","2",0.686417252764177,49
"densenet121_classification","DenseNet121","veRSA","2",0.686417252764177,86
"densenet121_classification","DenseNet121","veRSA","7",0.603443481608931,26
"densenet121_classification","DenseNet121","veRSA","7",0.603443481608931,49
"densenet121_classification","DenseNet121","veRSA","7",0.603443481608931,86
"densenet121_classification","DenseNet121","veRSA","1",0.665877288322111,26
"densenet121_classification","DenseNet121","veRSA","1",0.665877288322111,49
"densenet121_classification","DenseNet121","veRSA","1",0.665877288322111,86
"densenet121_classification","DenseNet121","veRSA","5",0.716137032140897,26
"densenet121_classification","DenseNet121","veRSA","5",0.716137032140897,49
"densenet121_classification","DenseNet121","veRSA","5",0.716137032140897,86
"densenet121_random","DenseNet121","veRSA","1",0.117239500986724,187
"densenet121_random","DenseNet121","veRSA","1",0.117239500986724,157
"densenet121_random","DenseNet121","veRSA","1",0.117239500986724,166
"densenet121_random","DenseNet121","veRSA","2",0.119877428989923,187
"densenet121_random","DenseNet121","veRSA","2",0.119877428989923,157
"densenet121_random","DenseNet121","veRSA","2",0.119877428989923,166
"densenet121_random","DenseNet121","veRSA","7",0.120237556920854,187
"densenet121_random","DenseNet121","veRSA","7",0.120237556920854,157
"densenet121_random","DenseNet121","veRSA","7",0.120237556920854,166
"densenet121_random","DenseNet121","veRSA","5",0.170202676557559,187
"densenet121_random","DenseNet121","veRSA","5",0.170202676557559,157
"densenet121_random","DenseNet121","veRSA","5",0.170202676557559,166
"depth_euclidean_taskonomy","Euclidean Depth","veRSA","1",0.353566834263527,136
"depth_euclidean_taskonomy","Euclidean Depth","veRSA","1",0.353566834263527,140
"depth_euclidean_taskonomy","Euclidean Depth","veRSA","1",0.353566834263527,138
"depth_euclidean_taskonomy","Euclidean Depth","veRSA","2",0.37602200965992,136
"depth_euclidean_taskonomy","Euclidean Depth","veRSA","2",0.37602200965992,140
"depth_euclidean_taskonomy","Euclidean Depth","veRSA","2",0.37602200965992,138
"depth_euclidean_taskonomy","Euclidean Depth","veRSA","5",0.39171263583075,136
"depth_euclidean_taskonomy","Euclidean Depth","veRSA","5",0.39171263583075,140
"depth_euclidean_taskonomy","Euclidean Depth","veRSA","5",0.39171263583075,138
"depth_euclidean_taskonomy","Euclidean Depth","veRSA","7",0.322965349135192,136
"depth_euclidean_taskonomy","Euclidean Depth","veRSA","7",0.322965349135192,140
"depth_euclidean_taskonomy","Euclidean Depth","veRSA","7",0.322965349135192,138
"depth_zbuffer_taskonomy","Z-Buffer Depth","veRSA","1",0.326125202427477,146
"depth_zbuffer_taskonomy","Z-Buffer Depth","veRSA","1",0.326125202427477,143
"depth_zbuffer_taskonomy","Z-Buffer Depth","veRSA","1",0.326125202427477,142
"depth_zbuffer_taskonomy","Z-Buffer Depth","veRSA","2",0.354085476567718,146
"depth_zbuffer_taskonomy","Z-Buffer Depth","veRSA","2",0.354085476567718,143
"depth_zbuffer_taskonomy","Z-Buffer Depth","veRSA","2",0.354085476567718,142
"depth_zbuffer_taskonomy","Z-Buffer Depth","veRSA","5",0.339954599508612,146
"depth_zbuffer_taskonomy","Z-Buffer Depth","veRSA","5",0.339954599508612,143
"depth_zbuffer_taskonomy","Z-Buffer Depth","veRSA","5",0.339954599508612,142
"depth_zbuffer_taskonomy","Z-Buffer Depth","veRSA","7",0.303387790436586,146
"depth_zbuffer_taskonomy","Z-Buffer Depth","veRSA","7",0.303387790436586,143
"depth_zbuffer_taskonomy","Z-Buffer Depth","veRSA","7",0.303387790436586,142
"dino_resnet50_selfsupervised","Dino-ResNet50","veRSA","2",0.701807427754142,39
"dino_resnet50_selfsupervised","Dino-ResNet50","veRSA","2",0.701807427754142,37
"dino_resnet50_selfsupervised","Dino-ResNet50","veRSA","2",0.701807427754142,48
"dino_resnet50_selfsupervised","Dino-ResNet50","veRSA","1",0.673213285164712,39
"dino_resnet50_selfsupervised","Dino-ResNet50","veRSA","1",0.673213285164712,37
"dino_resnet50_selfsupervised","Dino-ResNet50","veRSA","1",0.673213285164712,48
"dino_resnet50_selfsupervised","Dino-ResNet50","veRSA","5",0.758026043256415,39
"dino_resnet50_selfsupervised","Dino-ResNet50","veRSA","5",0.758026043256415,37
"dino_resnet50_selfsupervised","Dino-ResNet50","veRSA","5",0.758026043256415,48
"dino_resnet50_selfsupervised","Dino-ResNet50","veRSA","7",0.614620454597289,39
"dino_resnet50_selfsupervised","Dino-ResNet50","veRSA","7",0.614620454597289,37
"dino_resnet50_selfsupervised","Dino-ResNet50","veRSA","7",0.614620454597289,48
"dino_vitb16_selfsupervised","Dino-VIT-B16","veRSA","1",0.677090666871821,85
"dino_vitb16_selfsupervised","Dino-VIT-B16","veRSA","1",0.677090666871821,104
"dino_vitb16_selfsupervised","Dino-VIT-B16","veRSA","1",0.677090666871821,54
"dino_vitb16_selfsupervised","Dino-VIT-B16","veRSA","2",0.700818216979502,85
"dino_vitb16_selfsupervised","Dino-VIT-B16","veRSA","2",0.700818216979502,104
"dino_vitb16_selfsupervised","Dino-VIT-B16","veRSA","2",0.700818216979502,54
"dino_vitb16_selfsupervised","Dino-VIT-B16","veRSA","5",0.755649196081735,85
"dino_vitb16_selfsupervised","Dino-VIT-B16","veRSA","5",0.755649196081735,104
"dino_vitb16_selfsupervised","Dino-VIT-B16","veRSA","5",0.755649196081735,54
"dino_vitb16_selfsupervised","Dino-VIT-B16","veRSA","7",0.602599778956736,85
"dino_vitb16_selfsupervised","Dino-VIT-B16","veRSA","7",0.602599778956736,104
"dino_vitb16_selfsupervised","Dino-VIT-B16","veRSA","7",0.602599778956736,54
"dla34_classification","DLA34","veRSA","1",0.671430016494085,38
"dla34_classification","DLA34","veRSA","1",0.671430016494085,77
"dla34_classification","DLA34","veRSA","1",0.671430016494085,92
"dla34_classification","DLA34","veRSA","5",0.71553288220765,38
"dla34_classification","DLA34","veRSA","5",0.71553288220765,77
"dla34_classification","DLA34","veRSA","5",0.71553288220765,92
"dla34_classification","DLA34","veRSA","7",0.591929904899482,38
"dla34_classification","DLA34","veRSA","7",0.591929904899482,77
"dla34_classification","DLA34","veRSA","7",0.591929904899482,92
"dla34_classification","DLA34","veRSA","2",0.681395937117866,38
"dla34_classification","DLA34","veRSA","2",0.681395937117866,77
"dla34_classification","DLA34","veRSA","2",0.681395937117866,92
"dla34_random","DLA34","veRSA","7",0.111570517991083,221
"dla34_random","DLA34","veRSA","7",0.111570517991083,212
"dla34_random","DLA34","veRSA","7",0.111570517991083,173
"dla34_random","DLA34","veRSA","2",0.122047568152377,221
"dla34_random","DLA34","veRSA","2",0.122047568152377,212
"dla34_random","DLA34","veRSA","2",0.122047568152377,173
"dla34_random","DLA34","veRSA","5",0.120379012397099,221
"dla34_random","DLA34","veRSA","5",0.120379012397099,212
"dla34_random","DLA34","veRSA","5",0.120379012397099,173
"dla34_random","DLA34","veRSA","1",0.118213851740899,221
"dla34_random","DLA34","veRSA","1",0.118213851740899,212
"dla34_random","DLA34","veRSA","1",0.118213851740899,173
"DPT_Hybrid_monoculardepth","DPT-Hybrid","veRSA","1",0.606873017442832,127
"DPT_Hybrid_monoculardepth","DPT-Hybrid","veRSA","1",0.606873017442832,118
"DPT_Hybrid_monoculardepth","DPT-Hybrid","veRSA","1",0.606873017442832,125
"DPT_Hybrid_monoculardepth","DPT-Hybrid","veRSA","5",0.661629909743478,127
"DPT_Hybrid_monoculardepth","DPT-Hybrid","veRSA","5",0.661629909743478,118
"DPT_Hybrid_monoculardepth","DPT-Hybrid","veRSA","5",0.661629909743478,125
"DPT_Hybrid_monoculardepth","DPT-Hybrid","veRSA","2",0.636381569054218,127
"DPT_Hybrid_monoculardepth","DPT-Hybrid","veRSA","2",0.636381569054218,118
"DPT_Hybrid_monoculardepth","DPT-Hybrid","veRSA","2",0.636381569054218,125
"DPT_Hybrid_monoculardepth","DPT-Hybrid","veRSA","7",0.576589647020367,127
"DPT_Hybrid_monoculardepth","DPT-Hybrid","veRSA","7",0.576589647020367,118
"DPT_Hybrid_monoculardepth","DPT-Hybrid","veRSA","7",0.576589647020367,125
"eca_nfnet_l0_classification","ECA-NFNeT-L0","veRSA","5",0.74734098087412,11
"eca_nfnet_l0_classification","ECA-NFNeT-L0","veRSA","5",0.74734098087412,50
"eca_nfnet_l0_classification","ECA-NFNeT-L0","veRSA","5",0.74734098087412,57
"eca_nfnet_l0_classification","ECA-NFNeT-L0","veRSA","7",0.603168285466079,11
"eca_nfnet_l0_classification","ECA-NFNeT-L0","veRSA","7",0.603168285466079,50
"eca_nfnet_l0_classification","ECA-NFNeT-L0","veRSA","7",0.603168285466079,57
"eca_nfnet_l0_classification","ECA-NFNeT-L0","veRSA","1",0.669195032266984,11
"eca_nfnet_l0_classification","ECA-NFNeT-L0","veRSA","1",0.669195032266984,50
"eca_nfnet_l0_classification","ECA-NFNeT-L0","veRSA","1",0.669195032266984,57
"eca_nfnet_l0_classification","ECA-NFNeT-L0","veRSA","2",0.714047559137573,11
"eca_nfnet_l0_classification","ECA-NFNeT-L0","veRSA","2",0.714047559137573,50
"eca_nfnet_l0_classification","ECA-NFNeT-L0","veRSA","2",0.714047559137573,57
"eca_nfnet_l0_random","ECA-NFNeT-L0","veRSA","1",0.051283404437265,173
"eca_nfnet_l0_random","ECA-NFNeT-L0","veRSA","1",0.051283404437265,215
"eca_nfnet_l0_random","ECA-NFNeT-L0","veRSA","1",0.051283404437265,191
"eca_nfnet_l0_random","ECA-NFNeT-L0","veRSA","2",0.121974650382451,173
"eca_nfnet_l0_random","ECA-NFNeT-L0","veRSA","2",0.121974650382451,215
"eca_nfnet_l0_random","ECA-NFNeT-L0","veRSA","2",0.121974650382451,191
"eca_nfnet_l0_random","ECA-NFNeT-L0","veRSA","5",0.154446169726723,173
"eca_nfnet_l0_random","ECA-NFNeT-L0","veRSA","5",0.154446169726723,215
"eca_nfnet_l0_random","ECA-NFNeT-L0","veRSA","5",0.154446169726723,191
"eca_nfnet_l0_random","ECA-NFNeT-L0","veRSA","7",0.10821469428029,173
"eca_nfnet_l0_random","ECA-NFNeT-L0","veRSA","7",0.10821469428029,215
"eca_nfnet_l0_random","ECA-NFNeT-L0","veRSA","7",0.10821469428029,191
"edge_occlusion_taskonomy","Occlusion Edges","veRSA","7",0.306325292777516,139
"edge_occlusion_taskonomy","Occlusion Edges","veRSA","7",0.306325292777516,140
"edge_occlusion_taskonomy","Occlusion Edges","veRSA","1",0.307362667791115,139
"edge_occlusion_taskonomy","Occlusion Edges","veRSA","1",0.307362667791115,140
"edge_occlusion_taskonomy","Occlusion Edges","veRSA","2",0.376854001412435,139
"edge_occlusion_taskonomy","Occlusion Edges","veRSA","2",0.376854001412435,140
"edge_occlusion_taskonomy","Occlusion Edges","veRSA","5",0.399827821512142,139
"edge_occlusion_taskonomy","Occlusion Edges","veRSA","5",0.399827821512142,140
"edge_texture_taskonomy","Texture Edges","veRSA","1",0.139771260132207,177
"edge_texture_taskonomy","Texture Edges","veRSA","1",0.139771260132207,222
"edge_texture_taskonomy","Texture Edges","veRSA","1",0.139771260132207,156
"edge_texture_taskonomy","Texture Edges","veRSA","2",0.188523615858216,177
"edge_texture_taskonomy","Texture Edges","veRSA","2",0.188523615858216,222
"edge_texture_taskonomy","Texture Edges","veRSA","2",0.188523615858216,156
"edge_texture_taskonomy","Texture Edges","veRSA","5",0.169339004437958,177
"edge_texture_taskonomy","Texture Edges","veRSA","5",0.169339004437958,222
"edge_texture_taskonomy","Texture Edges","veRSA","5",0.169339004437958,156
"edge_texture_taskonomy","Texture Edges","veRSA","7",0.166508841691622,177
"edge_texture_taskonomy","Texture Edges","veRSA","7",0.166508841691622,222
"edge_texture_taskonomy","Texture Edges","veRSA","7",0.166508841691622,156
"efficientnet_b1_classification","EfficientNet-B1","veRSA","2",0.700275123983485,4
"efficientnet_b1_classification","EfficientNet-B1","veRSA","2",0.700275123983485,65
"efficientnet_b1_classification","EfficientNet-B1","veRSA","2",0.700275123983485,34
"efficientnet_b1_classification","EfficientNet-B1","veRSA","1",0.682082750585667,4
"efficientnet_b1_classification","EfficientNet-B1","veRSA","1",0.682082750585667,65
"efficientnet_b1_classification","EfficientNet-B1","veRSA","1",0.682082750585667,34
"efficientnet_b1_classification","EfficientNet-B1","veRSA","5",0.747139543563669,4
"efficientnet_b1_classification","EfficientNet-B1","veRSA","5",0.747139543563669,65
"efficientnet_b1_classification","EfficientNet-B1","veRSA","5",0.747139543563669,34
"efficientnet_b1_classification","EfficientNet-B1","veRSA","7",0.63499541681199,4
"efficientnet_b1_classification","EfficientNet-B1","veRSA","7",0.63499541681199,65
"efficientnet_b1_classification","EfficientNet-B1","veRSA","7",0.63499541681199,34
"efficientnet_b1_random","EfficientNet-B1","veRSA","7",0.0858852489700136,200
"efficientnet_b1_random","EfficientNet-B1","veRSA","7",0.0858852489700136,219
"efficientnet_b1_random","EfficientNet-B1","veRSA","7",0.0858852489700136,218
"efficientnet_b1_random","EfficientNet-B1","veRSA","1",0.086663332309516,200
"efficientnet_b1_random","EfficientNet-B1","veRSA","1",0.086663332309516,219
"efficientnet_b1_random","EfficientNet-B1","veRSA","1",0.086663332309516,218
"efficientnet_b1_random","EfficientNet-B1","veRSA","2",0.0849314413195965,200
"efficientnet_b1_random","EfficientNet-B1","veRSA","2",0.0849314413195965,219
"efficientnet_b1_random","EfficientNet-B1","veRSA","2",0.0849314413195965,218
"efficientnet_b1_random","EfficientNet-B1","veRSA","5",0.0818488507069217,200
"efficientnet_b1_random","EfficientNet-B1","veRSA","5",0.0818488507069217,219
"efficientnet_b1_random","EfficientNet-B1","veRSA","5",0.0818488507069217,218
"efficientnet_b3_classification","EfficientNet-B3","veRSA","2",0.708133983069821,2
"efficientnet_b3_classification","EfficientNet-B3","veRSA","2",0.708133983069821,62
"efficientnet_b3_classification","EfficientNet-B3","veRSA","2",0.708133983069821,59
"efficientnet_b3_classification","EfficientNet-B3","veRSA","5",0.729691316772462,2
"efficientnet_b3_classification","EfficientNet-B3","veRSA","5",0.729691316772462,62
"efficientnet_b3_classification","EfficientNet-B3","veRSA","5",0.729691316772462,59
"efficientnet_b3_classification","EfficientNet-B3","veRSA","1",0.670931866799128,2
"efficientnet_b3_classification","EfficientNet-B3","veRSA","1",0.670931866799128,62
"efficientnet_b3_classification","EfficientNet-B3","veRSA","1",0.670931866799128,59
"efficientnet_b3_classification","EfficientNet-B3","veRSA","7",0.616321751802925,2
"efficientnet_b3_classification","EfficientNet-B3","veRSA","7",0.616321751802925,62
"efficientnet_b3_classification","EfficientNet-B3","veRSA","7",0.616321751802925,59
"efficientnet_b3_random","EfficientNet-B3","veRSA","7",0.113018666258737,157
"efficientnet_b3_random","EfficientNet-B3","veRSA","7",0.113018666258737,206
"efficientnet_b3_random","EfficientNet-B3","veRSA","7",0.113018666258737,199
"efficientnet_b3_random","EfficientNet-B3","veRSA","5",0.0944407053756753,157
"efficientnet_b3_random","EfficientNet-B3","veRSA","5",0.0944407053756753,206
"efficientnet_b3_random","EfficientNet-B3","veRSA","5",0.0944407053756753,199
"efficientnet_b3_random","EfficientNet-B3","veRSA","2",0.0912540874661067,157
"efficientnet_b3_random","EfficientNet-B3","veRSA","2",0.0912540874661067,206
"efficientnet_b3_random","EfficientNet-B3","veRSA","2",0.0912540874661067,199
"efficientnet_b3_random","EfficientNet-B3","veRSA","1",0.109232890216578,157
"efficientnet_b3_random","EfficientNet-B3","veRSA","1",0.109232890216578,206
"efficientnet_b3_random","EfficientNet-B3","veRSA","1",0.109232890216578,199
"egomotion_taskonomy","Egomotion","veRSA","2",0.210174619911611,153
"egomotion_taskonomy","Egomotion","veRSA","2",0.210174619911611,152
"egomotion_taskonomy","Egomotion","veRSA","2",0.210174619911611,151
"egomotion_taskonomy","Egomotion","veRSA","1",0.185138565289169,153
"egomotion_taskonomy","Egomotion","veRSA","1",0.185138565289169,152
"egomotion_taskonomy","Egomotion","veRSA","1",0.185138565289169,151
"egomotion_taskonomy","Egomotion","veRSA","5",0.214375423181341,153
"egomotion_taskonomy","Egomotion","veRSA","5",0.214375423181341,152
"egomotion_taskonomy","Egomotion","veRSA","5",0.214375423181341,151
"egomotion_taskonomy","Egomotion","veRSA","7",0.180254900435914,153
"egomotion_taskonomy","Egomotion","veRSA","7",0.180254900435914,152
"egomotion_taskonomy","Egomotion","veRSA","7",0.180254900435914,151
"faster_rcnn_R_50_FPN_3x_detection","Faster-RCNN-ResNet50-FPN","veRSA","1",0.671251113993781,23
"faster_rcnn_R_50_FPN_3x_detection","Faster-RCNN-ResNet50-FPN","veRSA","1",0.671251113993781,73
"faster_rcnn_R_50_FPN_3x_detection","Faster-RCNN-ResNet50-FPN","veRSA","1",0.671251113993781,70
"faster_rcnn_R_50_FPN_3x_detection","Faster-RCNN-ResNet50-FPN","veRSA","2",0.693111929056287,23
"faster_rcnn_R_50_FPN_3x_detection","Faster-RCNN-ResNet50-FPN","veRSA","2",0.693111929056287,73
"faster_rcnn_R_50_FPN_3x_detection","Faster-RCNN-ResNet50-FPN","veRSA","2",0.693111929056287,70
"faster_rcnn_R_50_FPN_3x_detection","Faster-RCNN-ResNet50-FPN","veRSA","5",0.72637856596849,23
"faster_rcnn_R_50_FPN_3x_detection","Faster-RCNN-ResNet50-FPN","veRSA","5",0.72637856596849,73
"faster_rcnn_R_50_FPN_3x_detection","Faster-RCNN-ResNet50-FPN","veRSA","5",0.72637856596849,70
"faster_rcnn_R_50_FPN_3x_detection","Faster-RCNN-ResNet50-FPN","veRSA","7",0.611652436024191,23
"faster_rcnn_R_50_FPN_3x_detection","Faster-RCNN-ResNet50-FPN","veRSA","7",0.611652436024191,73
"faster_rcnn_R_50_FPN_3x_detection","Faster-RCNN-ResNet50-FPN","veRSA","7",0.611652436024191,70
"fixated_pose_taskonomy","Camera Pose (Fixated)","veRSA","2",0.238056169516559,148
"fixated_pose_taskonomy","Camera Pose (Fixated)","veRSA","2",0.238056169516559,149
"fixated_pose_taskonomy","Camera Pose (Fixated)","veRSA","1",0.248123717163377,148
"fixated_pose_taskonomy","Camera Pose (Fixated)","veRSA","1",0.248123717163377,149
"fixated_pose_taskonomy","Camera Pose (Fixated)","veRSA","5",0.251132020158742,148
"fixated_pose_taskonomy","Camera Pose (Fixated)","veRSA","5",0.251132020158742,149
"fixated_pose_taskonomy","Camera Pose (Fixated)","veRSA","7",0.206398960559713,148
"fixated_pose_taskonomy","Camera Pose (Fixated)","veRSA","7",0.206398960559713,149
"ghostnet_100_classification","GhostNet100","veRSA","7",0.600906470434333,14
"ghostnet_100_classification","GhostNet100","veRSA","7",0.600906470434333,72
"ghostnet_100_classification","GhostNet100","veRSA","7",0.600906470434333,71
"ghostnet_100_classification","GhostNet100","veRSA","1",0.659440907419636,14
"ghostnet_100_classification","GhostNet100","veRSA","1",0.659440907419636,72
"ghostnet_100_classification","GhostNet100","veRSA","1",0.659440907419636,71
"ghostnet_100_classification","GhostNet100","veRSA","2",0.693311567733699,14
"ghostnet_100_classification","GhostNet100","veRSA","2",0.693311567733699,72
"ghostnet_100_classification","GhostNet100","veRSA","2",0.693311567733699,71
"ghostnet_100_classification","GhostNet100","veRSA","5",0.748714096793502,14
"ghostnet_100_classification","GhostNet100","veRSA","5",0.748714096793502,72
"ghostnet_100_classification","GhostNet100","veRSA","5",0.748714096793502,71
"ghostnet_100_random","GhostNet100","veRSA","1",0.111971464507424,212
"ghostnet_100_random","GhostNet100","veRSA","1",0.111971464507424,182
"ghostnet_100_random","GhostNet100","veRSA","2",0.104757564238163,212
"ghostnet_100_random","GhostNet100","veRSA","2",0.104757564238163,182
"ghostnet_100_random","GhostNet100","veRSA","5",0.120894623918897,212
"ghostnet_100_random","GhostNet100","veRSA","5",0.120894623918897,182
"ghostnet_100_random","GhostNet100","veRSA","7",0.118504749432945,212
"ghostnet_100_random","GhostNet100","veRSA","7",0.118504749432945,182
"gmixer_24_224_classification","GMixer-24","veRSA","2",0.700827577240558,69
"gmixer_24_224_classification","GMixer-24","veRSA","2",0.700827577240558,43
"gmixer_24_224_classification","GMixer-24","veRSA","2",0.700827577240558,55
"gmixer_24_224_classification","GMixer-24","veRSA","1",0.666056197452365,69
"gmixer_24_224_classification","GMixer-24","veRSA","1",0.666056197452365,43
"gmixer_24_224_classification","GMixer-24","veRSA","1",0.666056197452365,55
"gmixer_24_224_classification","GMixer-24","veRSA","7",0.620733759330918,69
"gmixer_24_224_classification","GMixer-24","veRSA","7",0.620733759330918,43
"gmixer_24_224_classification","GMixer-24","veRSA","7",0.620733759330918,55
"gmixer_24_224_classification","GMixer-24","veRSA","5",0.74731635433056,69
"gmixer_24_224_classification","GMixer-24","veRSA","5",0.74731635433056,43
"gmixer_24_224_classification","GMixer-24","veRSA","5",0.74731635433056,55
"gmixer_24_224_random","GMixer-24","veRSA","5",0.100977603118983,162
"gmixer_24_224_random","GMixer-24","veRSA","5",0.100977603118983,214
"gmixer_24_224_random","GMixer-24","veRSA","5",0.100977603118983,220
"gmixer_24_224_random","GMixer-24","veRSA","7",0.0716377152695752,162
"gmixer_24_224_random","GMixer-24","veRSA","7",0.0716377152695752,214
"gmixer_24_224_random","GMixer-24","veRSA","7",0.0716377152695752,220
"gmixer_24_224_random","GMixer-24","veRSA","2",0.0718911576514163,162
"gmixer_24_224_random","GMixer-24","veRSA","2",0.0718911576514163,214
"gmixer_24_224_random","GMixer-24","veRSA","2",0.0718911576514163,220
"gmixer_24_224_random","GMixer-24","veRSA","1",0.0685158757206985,162
"gmixer_24_224_random","GMixer-24","veRSA","1",0.0685158757206985,214
"gmixer_24_224_random","GMixer-24","veRSA","1",0.0685158757206985,220
"gmlp_s16_224_classification","GMLP-S16","veRSA","5",0.736869901449511,10
"gmlp_s16_224_classification","GMLP-S16","veRSA","5",0.736869901449511,6
"gmlp_s16_224_classification","GMLP-S16","veRSA","5",0.736869901449511,39
"gmlp_s16_224_classification","GMLP-S16","veRSA","7",0.625117489524647,10
"gmlp_s16_224_classification","GMLP-S16","veRSA","7",0.625117489524647,6
"gmlp_s16_224_classification","GMLP-S16","veRSA","7",0.625117489524647,39
"gmlp_s16_224_classification","GMLP-S16","veRSA","2",0.719749900128588,10
"gmlp_s16_224_classification","GMLP-S16","veRSA","2",0.719749900128588,6
"gmlp_s16_224_classification","GMLP-S16","veRSA","2",0.719749900128588,39
"gmlp_s16_224_classification","GMLP-S16","veRSA","1",0.679160904861634,10
"gmlp_s16_224_classification","GMLP-S16","veRSA","1",0.679160904861634,6
"gmlp_s16_224_classification","GMLP-S16","veRSA","1",0.679160904861634,39
"gmlp_s16_224_random","GMLP-S16","veRSA","1",0.116060378287635,175
"gmlp_s16_224_random","GMLP-S16","veRSA","1",0.116060378287635,187
"gmlp_s16_224_random","GMLP-S16","veRSA","5",0.127182357037817,175
"gmlp_s16_224_random","GMLP-S16","veRSA","5",0.127182357037817,187
"gmlp_s16_224_random","GMLP-S16","veRSA","2",0.0941744508486366,175
"gmlp_s16_224_random","GMLP-S16","veRSA","2",0.0941744508486366,187
"gmlp_s16_224_random","GMLP-S16","veRSA","7",0.107766795922839,175
"gmlp_s16_224_random","GMLP-S16","veRSA","7",0.107766795922839,187
"googlenet_classification","GoogleNet","veRSA","5",0.726193695892264,21
"googlenet_classification","GoogleNet","veRSA","5",0.726193695892264,56
"googlenet_classification","GoogleNet","veRSA","5",0.726193695892264,82
"googlenet_classification","GoogleNet","veRSA","1",0.659071097378066,21
"googlenet_classification","GoogleNet","veRSA","1",0.659071097378066,56
"googlenet_classification","GoogleNet","veRSA","1",0.659071097378066,82
"googlenet_classification","GoogleNet","veRSA","2",0.694327302026311,21
"googlenet_classification","GoogleNet","veRSA","2",0.694327302026311,56
"googlenet_classification","GoogleNet","veRSA","2",0.694327302026311,82
"googlenet_classification","GoogleNet","veRSA","7",0.602497676195781,21
"googlenet_classification","GoogleNet","veRSA","7",0.602497676195781,56
"googlenet_classification","GoogleNet","veRSA","7",0.602497676195781,82
"googlenet_random","GoogleNet","veRSA","2",0.160101228852514,188
"googlenet_random","GoogleNet","veRSA","2",0.160101228852514,153
"googlenet_random","GoogleNet","veRSA","2",0.160101228852514,157
"googlenet_random","GoogleNet","veRSA","1",0.164934642482337,188
"googlenet_random","GoogleNet","veRSA","1",0.164934642482337,153
"googlenet_random","GoogleNet","veRSA","1",0.164934642482337,157
"googlenet_random","GoogleNet","veRSA","7",0.137090763767692,188
"googlenet_random","GoogleNet","veRSA","7",0.137090763767692,153
"googlenet_random","GoogleNet","veRSA","7",0.137090763767692,157
"googlenet_random","GoogleNet","veRSA","5",0.181320012329569,188
"googlenet_random","GoogleNet","veRSA","5",0.181320012329569,153
"googlenet_random","GoogleNet","veRSA","5",0.181320012329569,157
"hardcorenas_a_classification","HardCoreNAS-A","veRSA","1",0.673983741873789,5
"hardcorenas_a_classification","HardCoreNAS-A","veRSA","1",0.673983741873789,42
"hardcorenas_a_classification","HardCoreNAS-A","veRSA","1",0.673983741873789,52
"hardcorenas_a_classification","HardCoreNAS-A","veRSA","2",0.701696348853201,5
"hardcorenas_a_classification","HardCoreNAS-A","veRSA","2",0.701696348853201,42
"hardcorenas_a_classification","HardCoreNAS-A","veRSA","2",0.701696348853201,52
"hardcorenas_a_classification","HardCoreNAS-A","veRSA","5",0.750704714664259,5
"hardcorenas_a_classification","HardCoreNAS-A","veRSA","5",0.750704714664259,42
"hardcorenas_a_classification","HardCoreNAS-A","veRSA","5",0.750704714664259,52
"hardcorenas_a_classification","HardCoreNAS-A","veRSA","7",0.613763314647048,5
"hardcorenas_a_classification","HardCoreNAS-A","veRSA","7",0.613763314647048,42
"hardcorenas_a_classification","HardCoreNAS-A","veRSA","7",0.613763314647048,52
"hardcorenas_a_random","HardCoreNAS-A","veRSA","1",0.151736383017184,218
"hardcorenas_a_random","HardCoreNAS-A","veRSA","1",0.151736383017184,176
"hardcorenas_a_random","HardCoreNAS-A","veRSA","1",0.151736383017184,162
"hardcorenas_a_random","HardCoreNAS-A","veRSA","7",0.143484039742164,218
"hardcorenas_a_random","HardCoreNAS-A","veRSA","7",0.143484039742164,176
"hardcorenas_a_random","HardCoreNAS-A","veRSA","7",0.143484039742164,162
"hardcorenas_a_random","HardCoreNAS-A","veRSA","2",0.123457806577949,218
"hardcorenas_a_random","HardCoreNAS-A","veRSA","2",0.123457806577949,176
"hardcorenas_a_random","HardCoreNAS-A","veRSA","2",0.123457806577949,162
"hardcorenas_a_random","HardCoreNAS-A","veRSA","5",0.142186025500346,218
"hardcorenas_a_random","HardCoreNAS-A","veRSA","5",0.142186025500346,176
"hardcorenas_a_random","HardCoreNAS-A","veRSA","5",0.142186025500346,162
"hardcorenas_f_classification","HardCoreNAS-F","veRSA","7",0.618456283286775,1
"hardcorenas_f_classification","HardCoreNAS-F","veRSA","7",0.618456283286775,54
"hardcorenas_f_classification","HardCoreNAS-F","veRSA","7",0.618456283286775,44
"hardcorenas_f_classification","HardCoreNAS-F","veRSA","5",0.758445571342936,1
"hardcorenas_f_classification","HardCoreNAS-F","veRSA","5",0.758445571342936,54
"hardcorenas_f_classification","HardCoreNAS-F","veRSA","5",0.758445571342936,44
"hardcorenas_f_classification","HardCoreNAS-F","veRSA","1",0.671309181549288,1
"hardcorenas_f_classification","HardCoreNAS-F","veRSA","1",0.671309181549288,54
"hardcorenas_f_classification","HardCoreNAS-F","veRSA","1",0.671309181549288,44
"hardcorenas_f_classification","HardCoreNAS-F","veRSA","2",0.708053063737063,1
"hardcorenas_f_classification","HardCoreNAS-F","veRSA","2",0.708053063737063,54
"hardcorenas_f_classification","HardCoreNAS-F","veRSA","2",0.708053063737063,44
"hardcorenas_f_random","HardCoreNAS-F","veRSA","5",0.0983593161240042,220
"hardcorenas_f_random","HardCoreNAS-F","veRSA","5",0.0983593161240042,200
"hardcorenas_f_random","HardCoreNAS-F","veRSA","5",0.0983593161240042,181
"hardcorenas_f_random","HardCoreNAS-F","veRSA","7",0.102648240463518,220
"hardcorenas_f_random","HardCoreNAS-F","veRSA","7",0.102648240463518,200
"hardcorenas_f_random","HardCoreNAS-F","veRSA","7",0.102648240463518,181
"hardcorenas_f_random","HardCoreNAS-F","veRSA","1",0.13326067878186,220
"hardcorenas_f_random","HardCoreNAS-F","veRSA","1",0.13326067878186,200
"hardcorenas_f_random","HardCoreNAS-F","veRSA","1",0.13326067878186,181
"hardcorenas_f_random","HardCoreNAS-F","veRSA","2",0.122471502932935,220
"hardcorenas_f_random","HardCoreNAS-F","veRSA","2",0.122471502932935,200
"hardcorenas_f_random","HardCoreNAS-F","veRSA","2",0.122471502932935,181
"inception_v3_classification","Inception-V3","veRSA","2",0.693735653466081,7
"inception_v3_classification","Inception-V3","veRSA","2",0.693735653466081,86
"inception_v3_classification","Inception-V3","veRSA","2",0.693735653466081,76
"inception_v3_classification","Inception-V3","veRSA","7",0.608878364904149,7
"inception_v3_classification","Inception-V3","veRSA","7",0.608878364904149,86
"inception_v3_classification","Inception-V3","veRSA","7",0.608878364904149,76
"inception_v3_classification","Inception-V3","veRSA","1",0.673424557249978,7
"inception_v3_classification","Inception-V3","veRSA","1",0.673424557249978,86
"inception_v3_classification","Inception-V3","veRSA","1",0.673424557249978,76
"inception_v3_classification","Inception-V3","veRSA","5",0.722329209555669,7
"inception_v3_classification","Inception-V3","veRSA","5",0.722329209555669,86
"inception_v3_classification","Inception-V3","veRSA","5",0.722329209555669,76
"inception_v3_random","Inception-V3","veRSA","1",0.122381085335268,223
"inception_v3_random","Inception-V3","veRSA","1",0.122381085335268,164
"inception_v3_random","Inception-V3","veRSA","1",0.122381085335268,190
"inception_v3_random","Inception-V3","veRSA","2",0.103538849245041,223
"inception_v3_random","Inception-V3","veRSA","2",0.103538849245041,164
"inception_v3_random","Inception-V3","veRSA","2",0.103538849245041,190
"inception_v3_random","Inception-V3","veRSA","5",0.105370389547529,223
"inception_v3_random","Inception-V3","veRSA","5",0.105370389547529,164
"inception_v3_random","Inception-V3","veRSA","5",0.105370389547529,190
"inception_v3_random","Inception-V3","veRSA","7",0.106658423441677,223
"inception_v3_random","Inception-V3","veRSA","7",0.106658423441677,164
"inception_v3_random","Inception-V3","veRSA","7",0.106658423441677,190
"inpainting_taskonomy","Inpainting","veRSA","1",0.190926779893236,149
"inpainting_taskonomy","Inpainting","veRSA","1",0.190926779893236,151
"inpainting_taskonomy","Inpainting","veRSA","1",0.190926779893236,152
"inpainting_taskonomy","Inpainting","veRSA","7",0.156671896754172,149
"inpainting_taskonomy","Inpainting","veRSA","7",0.156671896754172,151
"inpainting_taskonomy","Inpainting","veRSA","7",0.156671896754172,152
"inpainting_taskonomy","Inpainting","veRSA","5",0.188275210831235,149
"inpainting_taskonomy","Inpainting","veRSA","5",0.188275210831235,151
"inpainting_taskonomy","Inpainting","veRSA","5",0.188275210831235,152
"inpainting_taskonomy","Inpainting","veRSA","2",0.244824573445901,149
"inpainting_taskonomy","Inpainting","veRSA","2",0.244824573445901,151
"inpainting_taskonomy","Inpainting","veRSA","2",0.244824573445901,152
"jigsaw_taskonomy","Jigsaw","veRSA","2",0.162490696637355,179
"jigsaw_taskonomy","Jigsaw","veRSA","2",0.162490696637355,160
"jigsaw_taskonomy","Jigsaw","veRSA","2",0.162490696637355,158
"jigsaw_taskonomy","Jigsaw","veRSA","7",0.122174099675321,179
"jigsaw_taskonomy","Jigsaw","veRSA","7",0.122174099675321,160
"jigsaw_taskonomy","Jigsaw","veRSA","7",0.122174099675321,158
"jigsaw_taskonomy","Jigsaw","veRSA","1",0.153418107378785,179
"jigsaw_taskonomy","Jigsaw","veRSA","1",0.153418107378785,160
"jigsaw_taskonomy","Jigsaw","veRSA","1",0.153418107378785,158
"jigsaw_taskonomy","Jigsaw","veRSA","5",0.18232969677104,179
"jigsaw_taskonomy","Jigsaw","veRSA","5",0.18232969677104,160
"jigsaw_taskonomy","Jigsaw","veRSA","5",0.18232969677104,158
"jx_nest_tiny_classification","JX-NesT-Tiny","veRSA","1",0.671068711878213,97
"jx_nest_tiny_classification","JX-NesT-Tiny","veRSA","1",0.671068711878213,52
"jx_nest_tiny_classification","JX-NesT-Tiny","veRSA","1",0.671068711878213,87
"jx_nest_tiny_classification","JX-NesT-Tiny","veRSA","2",0.68368389324473,97
"jx_nest_tiny_classification","JX-NesT-Tiny","veRSA","2",0.68368389324473,52
"jx_nest_tiny_classification","JX-NesT-Tiny","veRSA","2",0.68368389324473,87
"jx_nest_tiny_classification","JX-NesT-Tiny","veRSA","5",0.720031748023231,97
"jx_nest_tiny_classification","JX-NesT-Tiny","veRSA","5",0.720031748023231,52
"jx_nest_tiny_classification","JX-NesT-Tiny","veRSA","5",0.720031748023231,87
"jx_nest_tiny_classification","JX-NesT-Tiny","veRSA","7",0.596444573668356,97
"jx_nest_tiny_classification","JX-NesT-Tiny","veRSA","7",0.596444573668356,52
"jx_nest_tiny_classification","JX-NesT-Tiny","veRSA","7",0.596444573668356,87
"jx_nest_tiny_random","JX-NesT-Tiny","veRSA","1",0.17730160702915,194
"jx_nest_tiny_random","JX-NesT-Tiny","veRSA","1",0.17730160702915,156
"jx_nest_tiny_random","JX-NesT-Tiny","veRSA","1",0.17730160702915,154
"jx_nest_tiny_random","JX-NesT-Tiny","veRSA","7",0.175590400565651,194
"jx_nest_tiny_random","JX-NesT-Tiny","veRSA","7",0.175590400565651,156
"jx_nest_tiny_random","JX-NesT-Tiny","veRSA","7",0.175590400565651,154
"jx_nest_tiny_random","JX-NesT-Tiny","veRSA","2",0.154848777369342,194
"jx_nest_tiny_random","JX-NesT-Tiny","veRSA","2",0.154848777369342,156
"jx_nest_tiny_random","JX-NesT-Tiny","veRSA","2",0.154848777369342,154
"jx_nest_tiny_random","JX-NesT-Tiny","veRSA","5",0.19194408149138,194
"jx_nest_tiny_random","JX-NesT-Tiny","veRSA","5",0.19194408149138,156
"jx_nest_tiny_random","JX-NesT-Tiny","veRSA","5",0.19194408149138,154
"keypoint_rcnn_R_50_FPN_3x_segmentation","Keypoint-RCNN-ResNet50-FPN","veRSA","1",0.618710843614213,60
"keypoint_rcnn_R_50_FPN_3x_segmentation","Keypoint-RCNN-ResNet50-FPN","veRSA","1",0.618710843614213,115
"keypoint_rcnn_R_50_FPN_3x_segmentation","Keypoint-RCNN-ResNet50-FPN","veRSA","1",0.618710843614213,123
"keypoint_rcnn_R_50_FPN_3x_segmentation","Keypoint-RCNN-ResNet50-FPN","veRSA","7",0.568575749723237,60
"keypoint_rcnn_R_50_FPN_3x_segmentation","Keypoint-RCNN-ResNet50-FPN","veRSA","7",0.568575749723237,115
"keypoint_rcnn_R_50_FPN_3x_segmentation","Keypoint-RCNN-ResNet50-FPN","veRSA","7",0.568575749723237,123
"keypoint_rcnn_R_50_FPN_3x_segmentation","Keypoint-RCNN-ResNet50-FPN","veRSA","2",0.636184859793845,60
"keypoint_rcnn_R_50_FPN_3x_segmentation","Keypoint-RCNN-ResNet50-FPN","veRSA","2",0.636184859793845,115
"keypoint_rcnn_R_50_FPN_3x_segmentation","Keypoint-RCNN-ResNet50-FPN","veRSA","2",0.636184859793845,123
"keypoint_rcnn_R_50_FPN_3x_segmentation","Keypoint-RCNN-ResNet50-FPN","veRSA","5",0.68427775206468,60
"keypoint_rcnn_R_50_FPN_3x_segmentation","Keypoint-RCNN-ResNet50-FPN","veRSA","5",0.68427775206468,115
"keypoint_rcnn_R_50_FPN_3x_segmentation","Keypoint-RCNN-ResNet50-FPN","veRSA","5",0.68427775206468,123
"keypoints2d_taskonomy","2D Keypoints","veRSA","1",0.111750606986985,182
"keypoints2d_taskonomy","2D Keypoints","veRSA","1",0.111750606986985,224
"keypoints2d_taskonomy","2D Keypoints","veRSA","1",0.111750606986985,174
"keypoints2d_taskonomy","2D Keypoints","veRSA","2",0.132818361404943,182
"keypoints2d_taskonomy","2D Keypoints","veRSA","2",0.132818361404943,224
"keypoints2d_taskonomy","2D Keypoints","veRSA","2",0.132818361404943,174
"keypoints2d_taskonomy","2D Keypoints","veRSA","5",0.131674017034876,182
"keypoints2d_taskonomy","2D Keypoints","veRSA","5",0.131674017034876,224
"keypoints2d_taskonomy","2D Keypoints","veRSA","5",0.131674017034876,174
"keypoints2d_taskonomy","2D Keypoints","veRSA","7",0.09579125026983,182
"keypoints2d_taskonomy","2D Keypoints","veRSA","7",0.09579125026983,224
"keypoints2d_taskonomy","2D Keypoints","veRSA","7",0.09579125026983,174
"keypoints3d_taskonomy","3D Keypoints","veRSA","2",0.360921577609752,138
"keypoints3d_taskonomy","3D Keypoints","veRSA","2",0.360921577609752,137
"keypoints3d_taskonomy","3D Keypoints","veRSA","5",0.388812949235209,138
"keypoints3d_taskonomy","3D Keypoints","veRSA","5",0.388812949235209,137
"keypoints3d_taskonomy","3D Keypoints","veRSA","7",0.327413831925552,138
"keypoints3d_taskonomy","3D Keypoints","veRSA","7",0.327413831925552,137
"keypoints3d_taskonomy","3D Keypoints","veRSA","1",0.369584103652004,138
"keypoints3d_taskonomy","3D Keypoints","veRSA","1",0.369584103652004,137
"levit_128_classification","LeViT128","veRSA","1",0.684320275351073,3
"levit_128_classification","LeViT128","veRSA","1",0.684320275351073,16
"levit_128_classification","LeViT128","veRSA","1",0.684320275351073,47
"levit_128_classification","LeViT128","veRSA","2",0.708074062228687,3
"levit_128_classification","LeViT128","veRSA","2",0.708074062228687,16
"levit_128_classification","LeViT128","veRSA","2",0.708074062228687,47
"levit_128_classification","LeViT128","veRSA","5",0.746274089782058,3
"levit_128_classification","LeViT128","veRSA","5",0.746274089782058,16
"levit_128_classification","LeViT128","veRSA","5",0.746274089782058,47
"levit_128_classification","LeViT128","veRSA","7",0.613125067628071,3
"levit_128_classification","LeViT128","veRSA","7",0.613125067628071,16
"levit_128_classification","LeViT128","veRSA","7",0.613125067628071,47
"levit_128_random","LeViT128","veRSA","5",0.0801163134391914,217
"levit_128_random","LeViT128","veRSA","5",0.0801163134391914,213
"levit_128_random","LeViT128","veRSA","5",0.0801163134391914,210
"levit_128_random","LeViT128","veRSA","2",0.0754013190846198,217
"levit_128_random","LeViT128","veRSA","2",0.0754013190846198,213
"levit_128_random","LeViT128","veRSA","2",0.0754013190846198,210
"levit_128_random","LeViT128","veRSA","1",0.102211808518092,217
"levit_128_random","LeViT128","veRSA","1",0.102211808518092,213
"levit_128_random","LeViT128","veRSA","1",0.102211808518092,210
"levit_128_random","LeViT128","veRSA","7",0.123633001603466,217
"levit_128_random","LeViT128","veRSA","7",0.123633001603466,213
"levit_128_random","LeViT128","veRSA","7",0.123633001603466,210
"mask_rcnn_R_50_FPN_3x_segmentation","Mask-RCNN-ResNet50-FPN","veRSA","2",0.678846343835493,33
"mask_rcnn_R_50_FPN_3x_segmentation","Mask-RCNN-ResNet50-FPN","veRSA","2",0.678846343835493,70
"mask_rcnn_R_50_FPN_3x_segmentation","Mask-RCNN-ResNet50-FPN","veRSA","2",0.678846343835493,81
"mask_rcnn_R_50_FPN_3x_segmentation","Mask-RCNN-ResNet50-FPN","veRSA","7",0.614916188456744,33
"mask_rcnn_R_50_FPN_3x_segmentation","Mask-RCNN-ResNet50-FPN","veRSA","7",0.614916188456744,70
"mask_rcnn_R_50_FPN_3x_segmentation","Mask-RCNN-ResNet50-FPN","veRSA","7",0.614916188456744,81
"mask_rcnn_R_50_FPN_3x_segmentation","Mask-RCNN-ResNet50-FPN","veRSA","5",0.721627957078706,33
"mask_rcnn_R_50_FPN_3x_segmentation","Mask-RCNN-ResNet50-FPN","veRSA","5",0.721627957078706,70
"mask_rcnn_R_50_FPN_3x_segmentation","Mask-RCNN-ResNet50-FPN","veRSA","5",0.721627957078706,81
"mask_rcnn_R_50_FPN_3x_segmentation","Mask-RCNN-ResNet50-FPN","veRSA","1",0.668278090031969,33
"mask_rcnn_R_50_FPN_3x_segmentation","Mask-RCNN-ResNet50-FPN","veRSA","1",0.668278090031969,70
"mask_rcnn_R_50_FPN_3x_segmentation","Mask-RCNN-ResNet50-FPN","veRSA","1",0.668278090031969,81
"MiDaS_monoculardepth","MiDaS","veRSA","2",0.615835096485737,134
"MiDaS_monoculardepth","MiDaS","veRSA","2",0.615835096485737,125
"MiDaS_monoculardepth","MiDaS","veRSA","2",0.615835096485737,126
"MiDaS_monoculardepth","MiDaS","veRSA","5",0.646024076155488,134
"MiDaS_monoculardepth","MiDaS","veRSA","5",0.646024076155488,125
"MiDaS_monoculardepth","MiDaS","veRSA","5",0.646024076155488,126
"MiDaS_monoculardepth","MiDaS","veRSA","7",0.587294282217789,134
"MiDaS_monoculardepth","MiDaS","veRSA","7",0.587294282217789,125
"MiDaS_monoculardepth","MiDaS","veRSA","7",0.587294282217789,126
"MiDaS_monoculardepth","MiDaS","veRSA","1",0.625565737055809,134
"MiDaS_monoculardepth","MiDaS","veRSA","1",0.625565737055809,125
"MiDaS_monoculardepth","MiDaS","veRSA","1",0.625565737055809,126
"mixer_b16_224_classification","MLP-Mixer-B16","veRSA","2",0.676645609412725,62
"mixer_b16_224_classification","MLP-Mixer-B16","veRSA","2",0.676645609412725,76
"mixer_b16_224_classification","MLP-Mixer-B16","veRSA","2",0.676645609412725,96
"mixer_b16_224_classification","MLP-Mixer-B16","veRSA","1",0.663718515374433,62
"mixer_b16_224_classification","MLP-Mixer-B16","veRSA","1",0.663718515374433,76
"mixer_b16_224_classification","MLP-Mixer-B16","veRSA","1",0.663718515374433,96
"mixer_b16_224_classification","MLP-Mixer-B16","veRSA","5",0.71458775951167,62
"mixer_b16_224_classification","MLP-Mixer-B16","veRSA","5",0.71458775951167,76
"mixer_b16_224_classification","MLP-Mixer-B16","veRSA","5",0.71458775951167,96
"mixer_b16_224_classification","MLP-Mixer-B16","veRSA","7",0.594423304895464,62
"mixer_b16_224_classification","MLP-Mixer-B16","veRSA","7",0.594423304895464,76
"mixer_b16_224_classification","MLP-Mixer-B16","veRSA","7",0.594423304895464,96
"mixer_b16_224_in21k_classification","Mixer-B16-IN22K","veRSA","1",0.634971469398849,124
"mixer_b16_224_in21k_classification","Mixer-B16-IN22K","veRSA","1",0.634971469398849,98
"mixer_b16_224_in21k_classification","Mixer-B16-IN22K","veRSA","1",0.634971469398849,114
"mixer_b16_224_in21k_classification","Mixer-B16-IN22K","veRSA","2",0.654280954431645,124
"mixer_b16_224_in21k_classification","Mixer-B16-IN22K","veRSA","2",0.654280954431645,98
"mixer_b16_224_in21k_classification","Mixer-B16-IN22K","veRSA","2",0.654280954431645,114
"mixer_b16_224_in21k_classification","Mixer-B16-IN22K","veRSA","5",0.688470948526922,124
"mixer_b16_224_in21k_classification","Mixer-B16-IN22K","veRSA","5",0.688470948526922,98
"mixer_b16_224_in21k_classification","Mixer-B16-IN22K","veRSA","5",0.688470948526922,114
"mixer_b16_224_in21k_classification","Mixer-B16-IN22K","veRSA","7",0.585126571264767,124
"mixer_b16_224_in21k_classification","Mixer-B16-IN22K","veRSA","7",0.585126571264767,98
"mixer_b16_224_in21k_classification","Mixer-B16-IN22K","veRSA","7",0.585126571264767,114
"mixer_b16_224_random","MLP-Mixer-B16","veRSA","2",0.0829638576233208,167
"mixer_b16_224_random","MLP-Mixer-B16","veRSA","2",0.0829638576233208,178
"mixer_b16_224_random","MLP-Mixer-B16","veRSA","2",0.0829638576233208,198
"mixer_b16_224_random","MLP-Mixer-B16","veRSA","1",0.0979293158960373,167
"mixer_b16_224_random","MLP-Mixer-B16","veRSA","1",0.0979293158960373,178
"mixer_b16_224_random","MLP-Mixer-B16","veRSA","1",0.0979293158960373,198
"mixer_b16_224_random","MLP-Mixer-B16","veRSA","5",0.119013361035787,167
"mixer_b16_224_random","MLP-Mixer-B16","veRSA","5",0.119013361035787,178
"mixer_b16_224_random","MLP-Mixer-B16","veRSA","5",0.119013361035787,198
"mixer_b16_224_random","MLP-Mixer-B16","veRSA","7",0.110670088592775,167
"mixer_b16_224_random","MLP-Mixer-B16","veRSA","7",0.110670088592775,178
"mixer_b16_224_random","MLP-Mixer-B16","veRSA","7",0.110670088592775,198
"mixer_l16_224_classification","MLP-Mixer-L16","veRSA","1",0.670531626365644,54
"mixer_l16_224_classification","MLP-Mixer-L16","veRSA","1",0.670531626365644,85
"mixer_l16_224_classification","MLP-Mixer-L16","veRSA","1",0.670531626365644,88
"mixer_l16_224_classification","MLP-Mixer-L16","veRSA","2",0.669201469956383,54
"mixer_l16_224_classification","MLP-Mixer-L16","veRSA","2",0.669201469956383,85
"mixer_l16_224_classification","MLP-Mixer-L16","veRSA","2",0.669201469956383,88
"mixer_l16_224_classification","MLP-Mixer-L16","veRSA","5",0.722024321215423,54
"mixer_l16_224_classification","MLP-Mixer-L16","veRSA","5",0.722024321215423,85
"mixer_l16_224_classification","MLP-Mixer-L16","veRSA","5",0.722024321215423,88
"mixer_l16_224_classification","MLP-Mixer-L16","veRSA","7",0.609088722404998,54
"mixer_l16_224_classification","MLP-Mixer-L16","veRSA","7",0.609088722404998,85
"mixer_l16_224_classification","MLP-Mixer-L16","veRSA","7",0.609088722404998,88
"mixer_l16_224_in21k_classification","Mixer-L16-IN22K","veRSA","5",0.727904019903146,133
"mixer_l16_224_in21k_classification","Mixer-L16-IN22K","veRSA","5",0.727904019903146,80
"mixer_l16_224_in21k_classification","Mixer-L16-IN22K","veRSA","5",0.727904019903146,61
"mixer_l16_224_in21k_classification","Mixer-L16-IN22K","veRSA","7",0.626393742480828,133
"mixer_l16_224_in21k_classification","Mixer-L16-IN22K","veRSA","7",0.626393742480828,80
"mixer_l16_224_in21k_classification","Mixer-L16-IN22K","veRSA","7",0.626393742480828,61
"mixer_l16_224_in21k_classification","Mixer-L16-IN22K","veRSA","1",0.677718808870838,133
"mixer_l16_224_in21k_classification","Mixer-L16-IN22K","veRSA","1",0.677718808870838,80
"mixer_l16_224_in21k_classification","Mixer-L16-IN22K","veRSA","1",0.677718808870838,61
"mixer_l16_224_in21k_classification","Mixer-L16-IN22K","veRSA","2",0.688333660758891,133
"mixer_l16_224_in21k_classification","Mixer-L16-IN22K","veRSA","2",0.688333660758891,80
"mixer_l16_224_in21k_classification","Mixer-L16-IN22K","veRSA","2",0.688333660758891,61
"mixer_l16_224_random","MLP-Mixer-L16","veRSA","7",0.108160496440566,164
"mixer_l16_224_random","MLP-Mixer-L16","veRSA","7",0.108160496440566,179
"mixer_l16_224_random","MLP-Mixer-L16","veRSA","7",0.108160496440566,184
"mixer_l16_224_random","MLP-Mixer-L16","veRSA","1",0.112547686556734,164
"mixer_l16_224_random","MLP-Mixer-L16","veRSA","1",0.112547686556734,179
"mixer_l16_224_random","MLP-Mixer-L16","veRSA","1",0.112547686556734,184
"mixer_l16_224_random","MLP-Mixer-L16","veRSA","2",0.101230300535578,164
"mixer_l16_224_random","MLP-Mixer-L16","veRSA","2",0.101230300535578,179
"mixer_l16_224_random","MLP-Mixer-L16","veRSA","2",0.101230300535578,184
"mixer_l16_224_random","MLP-Mixer-L16","veRSA","5",0.128806342268959,164
"mixer_l16_224_random","MLP-Mixer-L16","veRSA","5",0.128806342268959,179
"mixer_l16_224_random","MLP-Mixer-L16","veRSA","5",0.128806342268959,184
"mnasnet1_0_classification","MNASNet1.0","veRSA","1",0.665415597694777,25
"mnasnet1_0_classification","MNASNet1.0","veRSA","1",0.665415597694777,46
"mnasnet1_0_classification","MNASNet1.0","veRSA","1",0.665415597694777,78
"mnasnet1_0_classification","MNASNet1.0","veRSA","7",0.603929287671408,25
"mnasnet1_0_classification","MNASNet1.0","veRSA","7",0.603929287671408,46
"mnasnet1_0_classification","MNASNet1.0","veRSA","7",0.603929287671408,78
"mnasnet1_0_classification","MNASNet1.0","veRSA","5",0.716946066262479,25
"mnasnet1_0_classification","MNASNet1.0","veRSA","5",0.716946066262479,46
"mnasnet1_0_classification","MNASNet1.0","veRSA","5",0.716946066262479,78
"mnasnet1_0_classification","MNASNet1.0","veRSA","2",0.705919102821192,25
"mnasnet1_0_classification","MNASNet1.0","veRSA","2",0.705919102821192,46
"mnasnet1_0_classification","MNASNet1.0","veRSA","2",0.705919102821192,78
"mnasnet1_0_random","MNASNet1.0","veRSA","5",0.116717005466607,174
"mnasnet1_0_random","MNASNet1.0","veRSA","5",0.116717005466607,180
"mnasnet1_0_random","MNASNet1.0","veRSA","5",0.116717005466607,177
"mnasnet1_0_random","MNASNet1.0","veRSA","1",0.113885272948035,174
"mnasnet1_0_random","MNASNet1.0","veRSA","1",0.113885272948035,180
"mnasnet1_0_random","MNASNet1.0","veRSA","1",0.113885272948035,177
"mnasnet1_0_random","MNASNet1.0","veRSA","2",0.115103045642213,174
"mnasnet1_0_random","MNASNet1.0","veRSA","2",0.115103045642213,180
"mnasnet1_0_random","MNASNet1.0","veRSA","2",0.115103045642213,177
"mnasnet1_0_random","MNASNet1.0","veRSA","7",0.116211964387351,174
"mnasnet1_0_random","MNASNet1.0","veRSA","7",0.116211964387351,180
"mnasnet1_0_random","MNASNet1.0","veRSA","7",0.116211964387351,177
"mobilenet_v2_classification","MobileNet-V2","veRSA","7",0.608571337284024,40
"mobilenet_v2_classification","MobileNet-V2","veRSA","7",0.608571337284024,34
"mobilenet_v2_classification","MobileNet-V2","veRSA","7",0.608571337284024,69
"mobilenet_v2_classification","MobileNet-V2","veRSA","5",0.722547258416859,40
"mobilenet_v2_classification","MobileNet-V2","veRSA","5",0.722547258416859,34
"mobilenet_v2_classification","MobileNet-V2","veRSA","5",0.722547258416859,69
"mobilenet_v2_classification","MobileNet-V2","veRSA","1",0.668715542042293,40
"mobilenet_v2_classification","MobileNet-V2","veRSA","1",0.668715542042293,34
"mobilenet_v2_classification","MobileNet-V2","veRSA","1",0.668715542042293,69
"mobilenet_v2_classification","MobileNet-V2","veRSA","2",0.70286294853858,40
"mobilenet_v2_classification","MobileNet-V2","veRSA","2",0.70286294853858,34
"mobilenet_v2_classification","MobileNet-V2","veRSA","2",0.70286294853858,69
"mobilenet_v2_random","MobileNet-V2","veRSA","7",0.101084402037548,204
"mobilenet_v2_random","MobileNet-V2","veRSA","7",0.101084402037548,186
"mobilenet_v2_random","MobileNet-V2","veRSA","2",0.0997189307112016,204
"mobilenet_v2_random","MobileNet-V2","veRSA","2",0.0997189307112016,186
"mobilenet_v2_random","MobileNet-V2","veRSA","1",0.0996941643219114,204
"mobilenet_v2_random","MobileNet-V2","veRSA","1",0.0996941643219114,186
"mobilenet_v2_random","MobileNet-V2","veRSA","5",0.0988975719865002,204
"mobilenet_v2_random","MobileNet-V2","veRSA","5",0.0988975719865002,186
"mobilenetv3_large_100_classification","MobileNet-V3-Large","veRSA","2",0.692444770005711,8
"mobilenetv3_large_100_classification","MobileNet-V3-Large","veRSA","2",0.692444770005711,55
"mobilenetv3_large_100_classification","MobileNet-V3-Large","veRSA","2",0.692444770005711,68
"mobilenetv3_large_100_classification","MobileNet-V3-Large","veRSA","1",0.660822069155131,8
"mobilenetv3_large_100_classification","MobileNet-V3-Large","veRSA","1",0.660822069155131,55
"mobilenetv3_large_100_classification","MobileNet-V3-Large","veRSA","1",0.660822069155131,68
"mobilenetv3_large_100_classification","MobileNet-V3-Large","veRSA","5",0.744324687197825,8
"mobilenetv3_large_100_classification","MobileNet-V3-Large","veRSA","5",0.744324687197825,55
"mobilenetv3_large_100_classification","MobileNet-V3-Large","veRSA","5",0.744324687197825,68
"mobilenetv3_large_100_classification","MobileNet-V3-Large","veRSA","7",0.6073153787328,8
"mobilenetv3_large_100_classification","MobileNet-V3-Large","veRSA","7",0.6073153787328,55
"mobilenetv3_large_100_classification","MobileNet-V3-Large","veRSA","7",0.6073153787328,68
"mobilenetv3_large_100_random","MobileNet-V3-Large","veRSA","1",0.0599175160310431,224
"mobilenetv3_large_100_random","MobileNet-V3-Large","veRSA","1",0.0599175160310431,223
"mobilenetv3_large_100_random","MobileNet-V3-Large","veRSA","2",0.0540551496891544,224
"mobilenetv3_large_100_random","MobileNet-V3-Large","veRSA","2",0.0540551496891544,223
"mobilenetv3_large_100_random","MobileNet-V3-Large","veRSA","5",0.057784433109599,224
"mobilenetv3_large_100_random","MobileNet-V3-Large","veRSA","5",0.057784433109599,223
"mobilenetv3_large_100_random","MobileNet-V3-Large","veRSA","7",0.0565314461440335,224
"mobilenetv3_large_100_random","MobileNet-V3-Large","veRSA","7",0.0565314461440335,223
"nf_resnet50_classification","NF-ResNet50","veRSA","7",0.621949198820377,12
"nf_resnet50_classification","NF-ResNet50","veRSA","7",0.621949198820377,44
"nf_resnet50_classification","NF-ResNet50","veRSA","7",0.621949198820377,32
"nf_resnet50_classification","NF-ResNet50","veRSA","1",0.682799258830531,12
"nf_resnet50_classification","NF-ResNet50","veRSA","1",0.682799258830531,44
"nf_resnet50_classification","NF-ResNet50","veRSA","1",0.682799258830531,32
"nf_resnet50_classification","NF-ResNet50","veRSA","2",0.712501832901681,12
"nf_resnet50_classification","NF-ResNet50","veRSA","2",0.712501832901681,44
"nf_resnet50_classification","NF-ResNet50","veRSA","2",0.712501832901681,32
"nf_resnet50_classification","NF-ResNet50","veRSA","5",0.748582439186363,12
"nf_resnet50_classification","NF-ResNet50","veRSA","5",0.748582439186363,44
"nf_resnet50_classification","NF-ResNet50","veRSA","5",0.748582439186363,32
"nf_resnet50_random","NF-ResNet50","veRSA","1",0.2766022888317,154
"nf_resnet50_random","NF-ResNet50","veRSA","1",0.2766022888317,150
"nf_resnet50_random","NF-ResNet50","veRSA","1",0.2766022888317,148
"nf_resnet50_random","NF-ResNet50","veRSA","2",0.281652310844116,154
"nf_resnet50_random","NF-ResNet50","veRSA","2",0.281652310844116,150
"nf_resnet50_random","NF-ResNet50","veRSA","2",0.281652310844116,148
"nf_resnet50_random","NF-ResNet50","veRSA","5",0.32394695863318,154
"nf_resnet50_random","NF-ResNet50","veRSA","5",0.32394695863318,150
"nf_resnet50_random","NF-ResNet50","veRSA","5",0.32394695863318,148
"nf_resnet50_random","NF-ResNet50","veRSA","7",0.238511804816018,154
"nf_resnet50_random","NF-ResNet50","veRSA","7",0.238511804816018,150
"nf_resnet50_random","NF-ResNet50","veRSA","7",0.238511804816018,148
"nfnet_l0_classification","NF-Net-L0","veRSA","5",0.74562042653931,6
"nfnet_l0_classification","NF-Net-L0","veRSA","5",0.74562042653931,47
"nfnet_l0_classification","NF-Net-L0","veRSA","5",0.74562042653931,58
"nfnet_l0_classification","NF-Net-L0","veRSA","7",0.613926184670852,6
"nfnet_l0_classification","NF-Net-L0","veRSA","7",0.613926184670852,47
"nfnet_l0_classification","NF-Net-L0","veRSA","7",0.613926184670852,58
"nfnet_l0_classification","NF-Net-L0","veRSA","1",0.675395953984817,6
"nfnet_l0_classification","NF-Net-L0","veRSA","1",0.675395953984817,47
"nfnet_l0_classification","NF-Net-L0","veRSA","1",0.675395953984817,58
"nfnet_l0_classification","NF-Net-L0","veRSA","2",0.695616508368395,6
"nfnet_l0_classification","NF-Net-L0","veRSA","2",0.695616508368395,47
"nfnet_l0_classification","NF-Net-L0","veRSA","2",0.695616508368395,58
"nfnet_l0_random","NF-Net-L0","veRSA","1",0.064837873028768,156
"nfnet_l0_random","NF-Net-L0","veRSA","1",0.064837873028768,209
"nfnet_l0_random","NF-Net-L0","veRSA","1",0.064837873028768,212
"nfnet_l0_random","NF-Net-L0","veRSA","7",0.0568091763204574,156
"nfnet_l0_random","NF-Net-L0","veRSA","7",0.0568091763204574,209
"nfnet_l0_random","NF-Net-L0","veRSA","7",0.0568091763204574,212
"nfnet_l0_random","NF-Net-L0","veRSA","2",0.0621293222915103,156
"nfnet_l0_random","NF-Net-L0","veRSA","2",0.0621293222915103,209
"nfnet_l0_random","NF-Net-L0","veRSA","2",0.0621293222915103,212
"nfnet_l0_random","NF-Net-L0","veRSA","5",0.191092199186892,156
"nfnet_l0_random","NF-Net-L0","veRSA","5",0.191092199186892,209
"nfnet_l0_random","NF-Net-L0","veRSA","5",0.191092199186892,212
"nonfixated_pose_taskonomy","Camera Pose (Nonfixated)","veRSA","7",0.158432682922284,150
"nonfixated_pose_taskonomy","Camera Pose (Nonfixated)","veRSA","7",0.158432682922284,155
"nonfixated_pose_taskonomy","Camera Pose (Nonfixated)","veRSA","7",0.158432682922284,159
"nonfixated_pose_taskonomy","Camera Pose (Nonfixated)","veRSA","1",0.155282777471351,150
"nonfixated_pose_taskonomy","Camera Pose (Nonfixated)","veRSA","1",0.155282777471351,155
"nonfixated_pose_taskonomy","Camera Pose (Nonfixated)","veRSA","1",0.155282777471351,159
"nonfixated_pose_taskonomy","Camera Pose (Nonfixated)","veRSA","2",0.149865442248941,150
"nonfixated_pose_taskonomy","Camera Pose (Nonfixated)","veRSA","2",0.149865442248941,155
"nonfixated_pose_taskonomy","Camera Pose (Nonfixated)","veRSA","2",0.149865442248941,159
"nonfixated_pose_taskonomy","Camera Pose (Nonfixated)","veRSA","5",0.149775484037806,150
"nonfixated_pose_taskonomy","Camera Pose (Nonfixated)","veRSA","5",0.149775484037806,155
"nonfixated_pose_taskonomy","Camera Pose (Nonfixated)","veRSA","5",0.149775484037806,159
"normal_taskonomy","Surface Normals","veRSA","7",0.307266205657708,141
"normal_taskonomy","Surface Normals","veRSA","5",0.352639209101295,141
"normal_taskonomy","Surface Normals","veRSA","2",0.358694036976923,141
"normal_taskonomy","Surface Normals","veRSA","1",0.33619260816271,141
"pit_b_224_classification","PiT-B-224","veRSA","1",0.632529169766595,123
"pit_b_224_classification","PiT-B-224","veRSA","1",0.632529169766595,90
"pit_b_224_classification","PiT-B-224","veRSA","1",0.632529169766595,119
"pit_b_224_classification","PiT-B-224","veRSA","5",0.683394860195318,123
"pit_b_224_classification","PiT-B-224","veRSA","5",0.683394860195318,90
"pit_b_224_classification","PiT-B-224","veRSA","5",0.683394860195318,119
"pit_b_224_classification","PiT-B-224","veRSA","7",0.572963307486443,123
"pit_b_224_classification","PiT-B-224","veRSA","7",0.572963307486443,90
"pit_b_224_classification","PiT-B-224","veRSA","7",0.572963307486443,119
"pit_b_224_classification","PiT-B-224","veRSA","2",0.663090529962101,123
"pit_b_224_classification","PiT-B-224","veRSA","2",0.663090529962101,90
"pit_b_224_classification","PiT-B-224","veRSA","2",0.663090529962101,119
"pit_b_224_random","PiT-B-224","veRSA","5",0.117690399183425,170
"pit_b_224_random","PiT-B-224","veRSA","5",0.117690399183425,193
"pit_b_224_random","PiT-B-224","veRSA","5",0.117690399183425,206
"pit_b_224_random","PiT-B-224","veRSA","7",0.086287526358621,170
"pit_b_224_random","PiT-B-224","veRSA","7",0.086287526358621,193
"pit_b_224_random","PiT-B-224","veRSA","7",0.086287526358621,206
"pit_b_224_random","PiT-B-224","veRSA","2",0.0797817736256701,170
"pit_b_224_random","PiT-B-224","veRSA","2",0.0797817736256701,193
"pit_b_224_random","PiT-B-224","veRSA","2",0.0797817736256701,206
"pit_b_224_random","PiT-B-224","veRSA","1",0.107373665968274,170
"pit_b_224_random","PiT-B-224","veRSA","1",0.107373665968274,193
"pit_b_224_random","PiT-B-224","veRSA","1",0.107373665968274,206
"pit_ti_224_classification","PiT-T-224","veRSA","2",0.66522717899445,16
"pit_ti_224_classification","PiT-T-224","veRSA","2",0.66522717899445,71
"pit_ti_224_classification","PiT-T-224","veRSA","2",0.66522717899445,97
"pit_ti_224_classification","PiT-T-224","veRSA","7",0.600185559946386,16
"pit_ti_224_classification","PiT-T-224","veRSA","7",0.600185559946386,71
"pit_ti_224_classification","PiT-T-224","veRSA","7",0.600185559946386,97
"pit_ti_224_classification","PiT-T-224","veRSA","1",0.669228237630969,16
"pit_ti_224_classification","PiT-T-224","veRSA","1",0.669228237630969,71
"pit_ti_224_classification","PiT-T-224","veRSA","1",0.669228237630969,97
"pit_ti_224_classification","PiT-T-224","veRSA","5",0.714621868352812,16
"pit_ti_224_classification","PiT-T-224","veRSA","5",0.714621868352812,71
"pit_ti_224_classification","PiT-T-224","veRSA","5",0.714621868352812,97
"pit_ti_224_random","PiT-T-224","veRSA","5",0.115826295331778,201
"pit_ti_224_random","PiT-T-224","veRSA","5",0.115826295331778,204
"pit_ti_224_random","PiT-T-224","veRSA","5",0.115826295331778,213
"pit_ti_224_random","PiT-T-224","veRSA","1",0.09972984650786,201
"pit_ti_224_random","PiT-T-224","veRSA","1",0.09972984650786,204
"pit_ti_224_random","PiT-T-224","veRSA","1",0.09972984650786,213
"pit_ti_224_random","PiT-T-224","veRSA","2",0.0901488980528918,201
"pit_ti_224_random","PiT-T-224","veRSA","2",0.0901488980528918,204
"pit_ti_224_random","PiT-T-224","veRSA","2",0.0901488980528918,213
"pit_ti_224_random","PiT-T-224","veRSA","7",0.066686400805014,201
"pit_ti_224_random","PiT-T-224","veRSA","7",0.066686400805014,204
"pit_ti_224_random","PiT-T-224","veRSA","7",0.066686400805014,213
"point_matching_taskonomy","Point Matching","veRSA","7",0.210422382249359,151
"point_matching_taskonomy","Point Matching","veRSA","7",0.210422382249359,148
"point_matching_taskonomy","Point Matching","veRSA","7",0.210422382249359,150
"point_matching_taskonomy","Point Matching","veRSA","1",0.221047694357459,151
"point_matching_taskonomy","Point Matching","veRSA","1",0.221047694357459,148
"point_matching_taskonomy","Point Matching","veRSA","1",0.221047694357459,150
"point_matching_taskonomy","Point Matching","veRSA","2",0.20456571161735,151
"point_matching_taskonomy","Point Matching","veRSA","2",0.20456571161735,148
"point_matching_taskonomy","Point Matching","veRSA","2",0.20456571161735,150
"point_matching_taskonomy","Point Matching","veRSA","5",0.226075030267035,151
"point_matching_taskonomy","Point Matching","veRSA","5",0.226075030267035,148
"point_matching_taskonomy","Point Matching","veRSA","5",0.226075030267035,150
"poolformer_s36_classification","PoolFormer-S36","veRSA","1",0.681899472091594,31
"poolformer_s36_classification","PoolFormer-S36","veRSA","1",0.681899472091594,29
"poolformer_s36_classification","PoolFormer-S36","veRSA","1",0.681899472091594,51
"poolformer_s36_classification","PoolFormer-S36","veRSA","7",0.611825963025245,31
"poolformer_s36_classification","PoolFormer-S36","veRSA","7",0.611825963025245,29
"poolformer_s36_classification","PoolFormer-S36","veRSA","7",0.611825963025245,51
"poolformer_s36_classification","PoolFormer-S36","veRSA","2",0.703779284808708,31
"poolformer_s36_classification","PoolFormer-S36","veRSA","2",0.703779284808708,29
"poolformer_s36_classification","PoolFormer-S36","veRSA","2",0.703779284808708,51
"poolformer_s36_classification","PoolFormer-S36","veRSA","5",0.742901091092922,31
"poolformer_s36_classification","PoolFormer-S36","veRSA","5",0.742901091092922,29
"poolformer_s36_classification","PoolFormer-S36","veRSA","5",0.742901091092922,51
"poolformer_s36_random","PoolFormer-S36","veRSA","1",0.0973535851139919,186
"poolformer_s36_random","PoolFormer-S36","veRSA","1",0.0973535851139919,208
"poolformer_s36_random","PoolFormer-S36","veRSA","1",0.0973535851139919,211
"poolformer_s36_random","PoolFormer-S36","veRSA","2",0.0925519417300046,186
"poolformer_s36_random","PoolFormer-S36","veRSA","2",0.0925519417300046,208
"poolformer_s36_random","PoolFormer-S36","veRSA","2",0.0925519417300046,211
"poolformer_s36_random","PoolFormer-S36","veRSA","7",0.0930720742928912,186
"poolformer_s36_random","PoolFormer-S36","veRSA","7",0.0930720742928912,208
"poolformer_s36_random","PoolFormer-S36","veRSA","7",0.0930720742928912,211
"poolformer_s36_random","PoolFormer-S36","veRSA","5",0.0939316770372915,186
"poolformer_s36_random","PoolFormer-S36","veRSA","5",0.0939316770372915,208
"poolformer_s36_random","PoolFormer-S36","veRSA","5",0.0939316770372915,211
"random_weights_taskonomy","Random Weights","veRSA","5",0.123115715129091,213
"random_weights_taskonomy","Random Weights","veRSA","5",0.123115715129091,169
"random_weights_taskonomy","Random Weights","veRSA","5",0.123115715129091,168
"random_weights_taskonomy","Random Weights","veRSA","1",0.137293557059671,213
"random_weights_taskonomy","Random Weights","veRSA","1",0.137293557059671,169
"random_weights_taskonomy","Random Weights","veRSA","1",0.137293557059671,168
"random_weights_taskonomy","Random Weights","veRSA","2",0.111770538167491,213
"random_weights_taskonomy","Random Weights","veRSA","2",0.111770538167491,169
"random_weights_taskonomy","Random Weights","veRSA","2",0.111770538167491,168
"random_weights_taskonomy","Random Weights","veRSA","7",0.126191593679174,213
"random_weights_taskonomy","Random Weights","veRSA","7",0.126191593679174,169
"random_weights_taskonomy","Random Weights","veRSA","7",0.126191593679174,168
"RegNet-128Gf-SEER_seer","RegNet-128Gf-SEER","veRSA","1",0.702244649584735,84
"RegNet-128Gf-SEER_seer","RegNet-128Gf-SEER","veRSA","1",0.702244649584735,12
"RegNet-128Gf-SEER_seer","RegNet-128Gf-SEER","veRSA","1",0.702244649584735,4
"RegNet-128Gf-SEER_seer","RegNet-128Gf-SEER","veRSA","7",0.638270781505338,84
"RegNet-128Gf-SEER_seer","RegNet-128Gf-SEER","veRSA","7",0.638270781505338,12
"RegNet-128Gf-SEER_seer","RegNet-128Gf-SEER","veRSA","7",0.638270781505338,4
"RegNet-128Gf-SEER_seer","RegNet-128Gf-SEER","veRSA","2",0.720487196624944,84
"RegNet-128Gf-SEER_seer","RegNet-128Gf-SEER","veRSA","2",0.720487196624944,12
"RegNet-128Gf-SEER_seer","RegNet-128Gf-SEER","veRSA","2",0.720487196624944,4
"RegNet-128Gf-SEER_seer","RegNet-128Gf-SEER","veRSA","5",0.78234594652644,84
"RegNet-128Gf-SEER_seer","RegNet-128Gf-SEER","veRSA","5",0.78234594652644,12
"RegNet-128Gf-SEER_seer","RegNet-128Gf-SEER","veRSA","5",0.78234594652644,4
"RegNet-128Gf-SEER-INFT_seer","RegNet-128Gf-SEER-INFT","veRSA","1",0.686545707444791,72
"RegNet-128Gf-SEER-INFT_seer","RegNet-128Gf-SEER-INFT","veRSA","1",0.686545707444791,26
"RegNet-128Gf-SEER-INFT_seer","RegNet-128Gf-SEER-INFT","veRSA","1",0.686545707444791,43
"RegNet-128Gf-SEER-INFT_seer","RegNet-128Gf-SEER-INFT","veRSA","2",0.705923372249248,72
"RegNet-128Gf-SEER-INFT_seer","RegNet-128Gf-SEER-INFT","veRSA","2",0.705923372249248,26
"RegNet-128Gf-SEER-INFT_seer","RegNet-128Gf-SEER-INFT","veRSA","2",0.705923372249248,43
"RegNet-128Gf-SEER-INFT_seer","RegNet-128Gf-SEER-INFT","veRSA","7",0.624279341550174,72
"RegNet-128Gf-SEER-INFT_seer","RegNet-128Gf-SEER-INFT","veRSA","7",0.624279341550174,26
"RegNet-128Gf-SEER-INFT_seer","RegNet-128Gf-SEER-INFT","veRSA","7",0.624279341550174,43
"RegNet-128Gf-SEER-INFT_seer","RegNet-128Gf-SEER-INFT","veRSA","5",0.740260842769258,72
"RegNet-128Gf-SEER-INFT_seer","RegNet-128Gf-SEER-INFT","veRSA","5",0.740260842769258,26
"RegNet-128Gf-SEER-INFT_seer","RegNet-128Gf-SEER-INFT","veRSA","5",0.740260842769258,43
"RegNet-32Gf-SEER_seer","RegNet-32Gf-SEER","veRSA","2",0.713510032531396,52
"RegNet-32Gf-SEER_seer","RegNet-32Gf-SEER","veRSA","2",0.713510032531396,7
"RegNet-32Gf-SEER_seer","RegNet-32Gf-SEER","veRSA","2",0.713510032531396,10
"RegNet-32Gf-SEER_seer","RegNet-32Gf-SEER","veRSA","1",0.696580241858884,52
"RegNet-32Gf-SEER_seer","RegNet-32Gf-SEER","veRSA","1",0.696580241858884,7
"RegNet-32Gf-SEER_seer","RegNet-32Gf-SEER","veRSA","1",0.696580241858884,10
"RegNet-32Gf-SEER_seer","RegNet-32Gf-SEER","veRSA","5",0.771371234281796,52
"RegNet-32Gf-SEER_seer","RegNet-32Gf-SEER","veRSA","5",0.771371234281796,7
"RegNet-32Gf-SEER_seer","RegNet-32Gf-SEER","veRSA","5",0.771371234281796,10
"RegNet-32Gf-SEER_seer","RegNet-32Gf-SEER","veRSA","7",0.636682733630962,52
"RegNet-32Gf-SEER_seer","RegNet-32Gf-SEER","veRSA","7",0.636682733630962,7
"RegNet-32Gf-SEER_seer","RegNet-32Gf-SEER","veRSA","7",0.636682733630962,10
"RegNet-32Gf-SEER-INFT_seer","RegNet-32Gf-SEER-INFT","veRSA","1",0.692025286394401,34
"RegNet-32Gf-SEER-INFT_seer","RegNet-32Gf-SEER-INFT","veRSA","1",0.692025286394401,13
"RegNet-32Gf-SEER-INFT_seer","RegNet-32Gf-SEER-INFT","veRSA","1",0.692025286394401,20
"RegNet-32Gf-SEER-INFT_seer","RegNet-32Gf-SEER-INFT","veRSA","2",0.725114678634514,34
"RegNet-32Gf-SEER-INFT_seer","RegNet-32Gf-SEER-INFT","veRSA","2",0.725114678634514,13
"RegNet-32Gf-SEER-INFT_seer","RegNet-32Gf-SEER-INFT","veRSA","2",0.725114678634514,20
"RegNet-32Gf-SEER-INFT_seer","RegNet-32Gf-SEER-INFT","veRSA","7",0.623718079478844,34
"RegNet-32Gf-SEER-INFT_seer","RegNet-32Gf-SEER-INFT","veRSA","7",0.623718079478844,13
"RegNet-32Gf-SEER-INFT_seer","RegNet-32Gf-SEER-INFT","veRSA","7",0.623718079478844,20
"RegNet-32Gf-SEER-INFT_seer","RegNet-32Gf-SEER-INFT","veRSA","5",0.750933023693503,34
"RegNet-32Gf-SEER-INFT_seer","RegNet-32Gf-SEER-INFT","veRSA","5",0.750933023693503,13
"RegNet-32Gf-SEER-INFT_seer","RegNet-32Gf-SEER-INFT","veRSA","5",0.750933023693503,20
"RegNet-64Gf-SEER_seer","RegNet-64Gf-SEER","veRSA","2",0.733363614229981,53
"RegNet-64Gf-SEER_seer","RegNet-64Gf-SEER","veRSA","2",0.733363614229981,5
"RegNet-64Gf-SEER_seer","RegNet-64Gf-SEER","veRSA","2",0.733363614229981,3
"RegNet-64Gf-SEER_seer","RegNet-64Gf-SEER","veRSA","1",0.698560646624768,53
"RegNet-64Gf-SEER_seer","RegNet-64Gf-SEER","veRSA","1",0.698560646624768,5
"RegNet-64Gf-SEER_seer","RegNet-64Gf-SEER","veRSA","1",0.698560646624768,3
"RegNet-64Gf-SEER_seer","RegNet-64Gf-SEER","veRSA","5",0.7833532705221,53
"RegNet-64Gf-SEER_seer","RegNet-64Gf-SEER","veRSA","5",0.7833532705221,5
"RegNet-64Gf-SEER_seer","RegNet-64Gf-SEER","veRSA","5",0.7833532705221,3
"RegNet-64Gf-SEER_seer","RegNet-64Gf-SEER","veRSA","7",0.632542659730054,53
"RegNet-64Gf-SEER_seer","RegNet-64Gf-SEER","veRSA","7",0.632542659730054,5
"RegNet-64Gf-SEER_seer","RegNet-64Gf-SEER","veRSA","7",0.632542659730054,3
"RegNet-64Gf-SEER-INFT_seer","RegNet-64Gf-SEER-INFT","veRSA","2",0.708913519387251,81
"RegNet-64Gf-SEER-INFT_seer","RegNet-64Gf-SEER-INFT","veRSA","2",0.708913519387251,36
"RegNet-64Gf-SEER-INFT_seer","RegNet-64Gf-SEER-INFT","veRSA","2",0.708913519387251,21
"RegNet-64Gf-SEER-INFT_seer","RegNet-64Gf-SEER-INFT","veRSA","5",0.760886343755326,81
"RegNet-64Gf-SEER-INFT_seer","RegNet-64Gf-SEER-INFT","veRSA","5",0.760886343755326,36
"RegNet-64Gf-SEER-INFT_seer","RegNet-64Gf-SEER-INFT","veRSA","5",0.760886343755326,21
"RegNet-64Gf-SEER-INFT_seer","RegNet-64Gf-SEER-INFT","veRSA","1",0.686055639957728,81
"RegNet-64Gf-SEER-INFT_seer","RegNet-64Gf-SEER-INFT","veRSA","1",0.686055639957728,36
"RegNet-64Gf-SEER-INFT_seer","RegNet-64Gf-SEER-INFT","veRSA","1",0.686055639957728,21
"RegNet-64Gf-SEER-INFT_seer","RegNet-64Gf-SEER-INFT","veRSA","7",0.633949481036088,81
"RegNet-64Gf-SEER-INFT_seer","RegNet-64Gf-SEER-INFT","veRSA","7",0.633949481036088,36
"RegNet-64Gf-SEER-INFT_seer","RegNet-64Gf-SEER-INFT","veRSA","7",0.633949481036088,21
"regnetx_064_classification","RegNetX-64","veRSA","1",0.663843451124828,108
"regnetx_064_classification","RegNetX-64","veRSA","1",0.663843451124828,95
"regnetx_064_classification","RegNetX-64","veRSA","1",0.663843451124828,77
"regnetx_064_classification","RegNetX-64","veRSA","2",0.703270541661026,108
"regnetx_064_classification","RegNetX-64","veRSA","2",0.703270541661026,95
"regnetx_064_classification","RegNetX-64","veRSA","2",0.703270541661026,77
"regnetx_064_classification","RegNetX-64","veRSA","5",0.716909197896976,108
"regnetx_064_classification","RegNetX-64","veRSA","5",0.716909197896976,95
"regnetx_064_classification","RegNetX-64","veRSA","5",0.716909197896976,77
"regnetx_064_classification","RegNetX-64","veRSA","7",0.611410270481946,108
"regnetx_064_classification","RegNetX-64","veRSA","7",0.611410270481946,95
"regnetx_064_classification","RegNetX-64","veRSA","7",0.611410270481946,77
"regnetx_064_random","RegNetX-64","veRSA","1",0.0702872042731232,210
"regnetx_064_random","RegNetX-64","veRSA","1",0.0702872042731232,217
"regnetx_064_random","RegNetX-64","veRSA","1",0.0702872042731232,222
"regnetx_064_random","RegNetX-64","veRSA","2",0.0697927568554809,210
"regnetx_064_random","RegNetX-64","veRSA","2",0.0697927568554809,217
"regnetx_064_random","RegNetX-64","veRSA","2",0.0697927568554809,222
"regnetx_064_random","RegNetX-64","veRSA","5",0.0799077477192694,210
"regnetx_064_random","RegNetX-64","veRSA","5",0.0799077477192694,217
"regnetx_064_random","RegNetX-64","veRSA","5",0.0799077477192694,222
"regnetx_064_random","RegNetX-64","veRSA","7",0.0813294429667736,210
"regnetx_064_random","RegNetX-64","veRSA","7",0.0813294429667736,217
"regnetx_064_random","RegNetX-64","veRSA","7",0.0813294429667736,222
"regnety_064_classification","RegNetY-64","veRSA","1",0.654173994777074,22
"regnety_064_classification","RegNetY-64","veRSA","1",0.654173994777074,93
"regnety_064_classification","RegNetY-64","veRSA","1",0.654173994777074,84
"regnety_064_classification","RegNetY-64","veRSA","2",0.698903870261646,22
"regnety_064_classification","RegNetY-64","veRSA","2",0.698903870261646,93
"regnety_064_classification","RegNetY-64","veRSA","2",0.698903870261646,84
"regnety_064_classification","RegNetY-64","veRSA","5",0.721806726429832,22
"regnety_064_classification","RegNetY-64","veRSA","5",0.721806726429832,93
"regnety_064_classification","RegNetY-64","veRSA","5",0.721806726429832,84
"regnety_064_classification","RegNetY-64","veRSA","7",0.604278011998852,22
"regnety_064_classification","RegNetY-64","veRSA","7",0.604278011998852,93
"regnety_064_classification","RegNetY-64","veRSA","7",0.604278011998852,84
"regnety_064_random","RegNetY-64","veRSA","1",0.128557156206448,196
"regnety_064_random","RegNetY-64","veRSA","1",0.128557156206448,174
"regnety_064_random","RegNetY-64","veRSA","1",0.128557156206448,179
"regnety_064_random","RegNetY-64","veRSA","5",0.113164560139727,196
"regnety_064_random","RegNetY-64","veRSA","5",0.113164560139727,174
"regnety_064_random","RegNetY-64","veRSA","5",0.113164560139727,179
"regnety_064_random","RegNetY-64","veRSA","7",0.119026064926342,196
"regnety_064_random","RegNetY-64","veRSA","7",0.119026064926342,174
"regnety_064_random","RegNetY-64","veRSA","7",0.119026064926342,179
"regnety_064_random","RegNetY-64","veRSA","2",0.100481298328093,196
"regnety_064_random","RegNetY-64","veRSA","2",0.100481298328093,174
"regnety_064_random","RegNetY-64","veRSA","2",0.100481298328093,179
"reshading_taskonomy","Reshading","veRSA","2",0.375664826117985,140
"reshading_taskonomy","Reshading","veRSA","2",0.375664826117985,138
"reshading_taskonomy","Reshading","veRSA","2",0.375664826117985,139
"reshading_taskonomy","Reshading","veRSA","5",0.372430894495598,140
"reshading_taskonomy","Reshading","veRSA","5",0.372430894495598,138
"reshading_taskonomy","Reshading","veRSA","5",0.372430894495598,139
"reshading_taskonomy","Reshading","veRSA","7",0.341172390206919,140
"reshading_taskonomy","Reshading","veRSA","7",0.341172390206919,138
"reshading_taskonomy","Reshading","veRSA","7",0.341172390206919,139
"reshading_taskonomy","Reshading","veRSA","1",0.342144596819332,140
"reshading_taskonomy","Reshading","veRSA","1",0.342144596819332,138
"reshading_taskonomy","Reshading","veRSA","1",0.342144596819332,139
"resmlp_12_224_classification","ResMLP-12","veRSA","7",0.588839683367597,29
"resmlp_12_224_classification","ResMLP-12","veRSA","7",0.588839683367597,78
"resmlp_12_224_classification","ResMLP-12","veRSA","7",0.588839683367597,75
"resmlp_12_224_classification","ResMLP-12","veRSA","2",0.703236384720648,29
"resmlp_12_224_classification","ResMLP-12","veRSA","2",0.703236384720648,78
"resmlp_12_224_classification","ResMLP-12","veRSA","2",0.703236384720648,75
"resmlp_12_224_classification","ResMLP-12","veRSA","1",0.68039937283022,29
"resmlp_12_224_classification","ResMLP-12","veRSA","1",0.68039937283022,78
"resmlp_12_224_classification","ResMLP-12","veRSA","1",0.68039937283022,75
"resmlp_12_224_classification","ResMLP-12","veRSA","5",0.726073477871857,29
"resmlp_12_224_classification","ResMLP-12","veRSA","5",0.726073477871857,78
"resmlp_12_224_classification","ResMLP-12","veRSA","5",0.726073477871857,75
"resmlp_12_224_random","ResMLP-12","veRSA","1",0.10352804763348,189
"resmlp_12_224_random","ResMLP-12","veRSA","1",0.10352804763348,194
"resmlp_12_224_random","ResMLP-12","veRSA","1",0.10352804763348,196
"resmlp_12_224_random","ResMLP-12","veRSA","5",0.112428643612927,189
"resmlp_12_224_random","ResMLP-12","veRSA","5",0.112428643612927,194
"resmlp_12_224_random","ResMLP-12","veRSA","5",0.112428643612927,196
"resmlp_12_224_random","ResMLP-12","veRSA","2",0.0979028858041076,189
"resmlp_12_224_random","ResMLP-12","veRSA","2",0.0979028858041076,194
"resmlp_12_224_random","ResMLP-12","veRSA","2",0.0979028858041076,196
"resmlp_12_224_random","ResMLP-12","veRSA","7",0.0983721168311654,189
"resmlp_12_224_random","ResMLP-12","veRSA","7",0.0983721168311654,194
"resmlp_12_224_random","ResMLP-12","veRSA","7",0.0983721168311654,196
"resmlp_24_224_classification","ResMLP-24","veRSA","1",0.676952101250148,27
"resmlp_24_224_classification","ResMLP-24","veRSA","1",0.676952101250148,32
"resmlp_24_224_classification","ResMLP-24","veRSA","1",0.676952101250148,49
"resmlp_24_224_classification","ResMLP-24","veRSA","2",0.703054099349195,27
"resmlp_24_224_classification","ResMLP-24","veRSA","2",0.703054099349195,32
"resmlp_24_224_classification","ResMLP-24","veRSA","2",0.703054099349195,49
"resmlp_24_224_classification","ResMLP-24","veRSA","5",0.745987576207703,27
"resmlp_24_224_classification","ResMLP-24","veRSA","5",0.745987576207703,32
"resmlp_24_224_classification","ResMLP-24","veRSA","5",0.745987576207703,49
"resmlp_24_224_classification","ResMLP-24","veRSA","7",0.61635142247715,27
"resmlp_24_224_classification","ResMLP-24","veRSA","7",0.61635142247715,32
"resmlp_24_224_classification","ResMLP-24","veRSA","7",0.61635142247715,49
"resmlp_24_224_random","ResMLP-24","veRSA","1",0.106793830498856,184
"resmlp_24_224_random","ResMLP-24","veRSA","1",0.106793830498856,196
"resmlp_24_224_random","ResMLP-24","veRSA","1",0.106793830498856,202
"resmlp_24_224_random","ResMLP-24","veRSA","7",0.088059249644224,184
"resmlp_24_224_random","ResMLP-24","veRSA","7",0.088059249644224,196
"resmlp_24_224_random","ResMLP-24","veRSA","7",0.088059249644224,202
"resmlp_24_224_random","ResMLP-24","veRSA","2",0.089231379312251,184
"resmlp_24_224_random","ResMLP-24","veRSA","2",0.089231379312251,196
"resmlp_24_224_random","ResMLP-24","veRSA","2",0.089231379312251,202
"resmlp_24_224_random","ResMLP-24","veRSA","5",0.118706229176424,184
"resmlp_24_224_random","ResMLP-24","veRSA","5",0.118706229176424,196
"resmlp_24_224_random","ResMLP-24","veRSA","5",0.118706229176424,202
"resmlp_36_224_classification","ResMLP-36","veRSA","2",0.715153572089585,66
"resmlp_36_224_classification","ResMLP-36","veRSA","2",0.715153572089585,18
"resmlp_36_224_classification","ResMLP-36","veRSA","2",0.715153572089585,31
"resmlp_36_224_classification","ResMLP-36","veRSA","5",0.735512770189732,66
"resmlp_36_224_classification","ResMLP-36","veRSA","5",0.735512770189732,18
"resmlp_36_224_classification","ResMLP-36","veRSA","5",0.735512770189732,31
"resmlp_36_224_classification","ResMLP-36","veRSA","1",0.691350087044313,66
"resmlp_36_224_classification","ResMLP-36","veRSA","1",0.691350087044313,18
"resmlp_36_224_classification","ResMLP-36","veRSA","1",0.691350087044313,31
"resmlp_36_224_classification","ResMLP-36","veRSA","7",0.625224094228027,66
"resmlp_36_224_classification","ResMLP-36","veRSA","7",0.625224094228027,18
"resmlp_36_224_classification","ResMLP-36","veRSA","7",0.625224094228027,31
"resmlp_36_224_random","ResMLP-36","veRSA","1",0.0991634710109334,183
"resmlp_36_224_random","ResMLP-36","veRSA","1",0.0991634710109334,198
"resmlp_36_224_random","ResMLP-36","veRSA","1",0.0991634710109334,201
"resmlp_36_224_random","ResMLP-36","veRSA","2",0.095544096669846,183
"resmlp_36_224_random","ResMLP-36","veRSA","2",0.095544096669846,198
"resmlp_36_224_random","ResMLP-36","veRSA","2",0.095544096669846,201
"resmlp_36_224_random","ResMLP-36","veRSA","5",0.111015270554081,183
"resmlp_36_224_random","ResMLP-36","veRSA","5",0.111015270554081,198
"resmlp_36_224_random","ResMLP-36","veRSA","5",0.111015270554081,201
"resmlp_36_224_random","ResMLP-36","veRSA","7",0.098141797078343,183
"resmlp_36_224_random","ResMLP-36","veRSA","7",0.098141797078343,198
"resmlp_36_224_random","ResMLP-36","veRSA","7",0.098141797078343,201
"resmlp_big_24_224_classification","ResMLP-Big-24","veRSA","5",0.750034448257235,36
"resmlp_big_24_224_classification","ResMLP-Big-24","veRSA","5",0.750034448257235,11
"resmlp_big_24_224_classification","ResMLP-Big-24","veRSA","5",0.750034448257235,24
"resmlp_big_24_224_classification","ResMLP-Big-24","veRSA","7",0.62097453999046,36
"resmlp_big_24_224_classification","ResMLP-Big-24","veRSA","7",0.62097453999046,11
"resmlp_big_24_224_classification","ResMLP-Big-24","veRSA","7",0.62097453999046,24
"resmlp_big_24_224_classification","ResMLP-Big-24","veRSA","1",0.697079997323294,36
"resmlp_big_24_224_classification","ResMLP-Big-24","veRSA","1",0.697079997323294,11
"resmlp_big_24_224_classification","ResMLP-Big-24","veRSA","1",0.697079997323294,24
"resmlp_big_24_224_classification","ResMLP-Big-24","veRSA","2",0.717938527074462,36
"resmlp_big_24_224_classification","ResMLP-Big-24","veRSA","2",0.717938527074462,11
"resmlp_big_24_224_classification","ResMLP-Big-24","veRSA","2",0.717938527074462,24
"resmlp_big_24_224_in22ft1k_classification","ResMLP-Big-24-IN21K","veRSA","2",0.721319101918727,15
"resmlp_big_24_224_in22ft1k_classification","ResMLP-Big-24-IN21K","veRSA","2",0.721319101918727,1
"resmlp_big_24_224_in22ft1k_classification","ResMLP-Big-24-IN21K","veRSA","2",0.721319101918727,9
"resmlp_big_24_224_in22ft1k_classification","ResMLP-Big-24-IN21K","veRSA","1",0.69984234158766,15
"resmlp_big_24_224_in22ft1k_classification","ResMLP-Big-24-IN21K","veRSA","1",0.69984234158766,1
"resmlp_big_24_224_in22ft1k_classification","ResMLP-Big-24-IN21K","veRSA","1",0.69984234158766,9
"resmlp_big_24_224_in22ft1k_classification","ResMLP-Big-24-IN21K","veRSA","7",0.631079132752761,15
"resmlp_big_24_224_in22ft1k_classification","ResMLP-Big-24-IN21K","veRSA","7",0.631079132752761,1
"resmlp_big_24_224_in22ft1k_classification","ResMLP-Big-24-IN21K","veRSA","7",0.631079132752761,9
"resmlp_big_24_224_in22ft1k_classification","ResMLP-Big-24-IN21K","veRSA","5",0.767318045844147,15
"resmlp_big_24_224_in22ft1k_classification","ResMLP-Big-24-IN21K","veRSA","5",0.767318045844147,1
"resmlp_big_24_224_in22ft1k_classification","ResMLP-Big-24-IN21K","veRSA","5",0.767318045844147,9
"resmlp_big_24_224_random","ResMLP-Big-24","veRSA","5",0.109406523269384,185
"resmlp_big_24_224_random","ResMLP-Big-24","veRSA","5",0.109406523269384,195
"resmlp_big_24_224_random","ResMLP-Big-24","veRSA","5",0.109406523269384,205
"resmlp_big_24_224_random","ResMLP-Big-24","veRSA","1",0.0955480229755365,185
"resmlp_big_24_224_random","ResMLP-Big-24","veRSA","1",0.0955480229755365,195
"resmlp_big_24_224_random","ResMLP-Big-24","veRSA","1",0.0955480229755365,205
"resmlp_big_24_224_random","ResMLP-Big-24","veRSA","2",0.0952199358000177,185
"resmlp_big_24_224_random","ResMLP-Big-24","veRSA","2",0.0952199358000177,195
"resmlp_big_24_224_random","ResMLP-Big-24","veRSA","2",0.0952199358000177,205
"resmlp_big_24_224_random","ResMLP-Big-24","veRSA","7",0.0930051197662398,185
"resmlp_big_24_224_random","ResMLP-Big-24","veRSA","7",0.0930051197662398,195
"resmlp_big_24_224_random","ResMLP-Big-24","veRSA","7",0.0930051197662398,205
"resnet101_classification","ResNet101","veRSA","1",0.653678698257105,95
"resnet101_classification","ResNet101","veRSA","1",0.653678698257105,88
"resnet101_classification","ResNet101","veRSA","1",0.653678698257105,94
"resnet101_classification","ResNet101","veRSA","2",0.683212591839737,95
"resnet101_classification","ResNet101","veRSA","2",0.683212591839737,88
"resnet101_classification","ResNet101","veRSA","2",0.683212591839737,94
"resnet101_classification","ResNet101","veRSA","5",0.712776548433419,95
"resnet101_classification","ResNet101","veRSA","5",0.712776548433419,88
"resnet101_classification","ResNet101","veRSA","5",0.712776548433419,94
"resnet101_classification","ResNet101","veRSA","7",0.604069407258442,95
"resnet101_classification","ResNet101","veRSA","7",0.604069407258442,88
"resnet101_classification","ResNet101","veRSA","7",0.604069407258442,94
"resnet101_random","ResNet101","veRSA","7",0.103814454251895,215
"resnet101_random","ResNet101","veRSA","7",0.103814454251895,221
"resnet101_random","ResNet101","veRSA","7",0.103814454251895,217
"resnet101_random","ResNet101","veRSA","1",0.0755240443795662,215
"resnet101_random","ResNet101","veRSA","1",0.0755240443795662,221
"resnet101_random","ResNet101","veRSA","1",0.0755240443795662,217
"resnet101_random","ResNet101","veRSA","2",0.0786552265104117,215
"resnet101_random","ResNet101","veRSA","2",0.0786552265104117,221
"resnet101_random","ResNet101","veRSA","2",0.0786552265104117,217
"resnet101_random","ResNet101","veRSA","5",0.0844958770473078,215
"resnet101_random","ResNet101","veRSA","5",0.0844958770473078,221
"resnet101_random","ResNet101","veRSA","5",0.0844958770473078,217
"resnet152_classification","ResNet152","veRSA","7",0.592694635157575,63
"resnet152_classification","ResNet152","veRSA","7",0.592694635157575,84
"resnet152_classification","ResNet152","veRSA","7",0.592694635157575,98
"resnet152_classification","ResNet152","veRSA","1",0.651241596049994,63
"resnet152_classification","ResNet152","veRSA","1",0.651241596049994,84
"resnet152_classification","ResNet152","veRSA","1",0.651241596049994,98
"resnet152_classification","ResNet152","veRSA","2",0.681254122734923,63
"resnet152_classification","ResNet152","veRSA","2",0.681254122734923,84
"resnet152_classification","ResNet152","veRSA","2",0.681254122734923,98
"resnet152_classification","ResNet152","veRSA","5",0.723694643140884,63
"resnet152_classification","ResNet152","veRSA","5",0.723694643140884,84
"resnet152_classification","ResNet152","veRSA","5",0.723694643140884,98
"resnet152_random","ResNet152","veRSA","7",0.0836254015995746,214
"resnet152_random","ResNet152","veRSA","7",0.0836254015995746,220
"resnet152_random","ResNet152","veRSA","7",0.0836254015995746,221
"resnet152_random","ResNet152","veRSA","2",0.0784607092676598,214
"resnet152_random","ResNet152","veRSA","2",0.0784607092676598,220
"resnet152_random","ResNet152","veRSA","2",0.0784607092676598,221
"resnet152_random","ResNet152","veRSA","5",0.0882181989570016,214
"resnet152_random","ResNet152","veRSA","5",0.0882181989570016,220
"resnet152_random","ResNet152","veRSA","5",0.0882181989570016,221
"resnet152_random","ResNet152","veRSA","1",0.0512843104897844,214
"resnet152_random","ResNet152","veRSA","1",0.0512843104897844,220
"resnet152_random","ResNet152","veRSA","1",0.0512843104897844,221
"resnet18_classification","ResNet18","veRSA","1",0.643329056644094,90
"resnet18_classification","ResNet18","veRSA","1",0.643329056644094,108
"resnet18_classification","ResNet18","veRSA","1",0.643329056644094,110
"resnet18_classification","ResNet18","veRSA","2",0.661397883058094,90
"resnet18_classification","ResNet18","veRSA","2",0.661397883058094,108
"resnet18_classification","ResNet18","veRSA","2",0.661397883058094,110
"resnet18_classification","ResNet18","veRSA","5",0.699342765261911,90
"resnet18_classification","ResNet18","veRSA","5",0.699342765261911,108
"resnet18_classification","ResNet18","veRSA","5",0.699342765261911,110
"resnet18_classification","ResNet18","veRSA","7",0.589349173861122,90
"resnet18_classification","ResNet18","veRSA","7",0.589349173861122,108
"resnet18_classification","ResNet18","veRSA","7",0.589349173861122,110
"resnet18_random","ResNet18","veRSA","2",0.114414086567746,202
"resnet18_random","ResNet18","veRSA","2",0.114414086567746,165
"resnet18_random","ResNet18","veRSA","2",0.114414086567746,185
"resnet18_random","ResNet18","veRSA","5",0.113650141876508,202
"resnet18_random","ResNet18","veRSA","5",0.113650141876508,165
"resnet18_random","ResNet18","veRSA","5",0.113650141876508,185
"resnet18_random","ResNet18","veRSA","1",0.116284322095409,202
"resnet18_random","ResNet18","veRSA","1",0.116284322095409,165
"resnet18_random","ResNet18","veRSA","1",0.116284322095409,185
"resnet18_random","ResNet18","veRSA","7",0.105839870764131,202
"resnet18_random","ResNet18","veRSA","7",0.105839870764131,165
"resnet18_random","ResNet18","veRSA","7",0.105839870764131,185
"resnet50_classification","ResNet50","veRSA","1",0.678978083687804,20
"resnet50_classification","ResNet50","veRSA","1",0.678978083687804,51
"resnet50_classification","ResNet50","veRSA","1",0.678978083687804,60
"resnet50_classification","ResNet50","veRSA","2",0.701560095682888,20
"resnet50_classification","ResNet50","veRSA","2",0.701560095682888,51
"resnet50_classification","ResNet50","veRSA","2",0.701560095682888,60
"resnet50_classification","ResNet50","veRSA","7",0.609728496671414,20
"resnet50_classification","ResNet50","veRSA","7",0.609728496671414,51
"resnet50_classification","ResNet50","veRSA","7",0.609728496671414,60
"resnet50_classification","ResNet50","veRSA","5",0.7313551122318,20
"resnet50_classification","ResNet50","veRSA","5",0.7313551122318,51
"resnet50_classification","ResNet50","veRSA","5",0.7313551122318,60
"resnet50_random","ResNet50","veRSA","7",0.0760725505656166,208
"resnet50_random","ResNet50","veRSA","7",0.0760725505656166,191
"resnet50_random","ResNet50","veRSA","7",0.0760725505656166,214
"resnet50_random","ResNet50","veRSA","1",0.0938564458960745,208
"resnet50_random","ResNet50","veRSA","1",0.0938564458960745,191
"resnet50_random","ResNet50","veRSA","1",0.0938564458960745,214
"resnet50_random","ResNet50","veRSA","2",0.0961580319961563,208
"resnet50_random","ResNet50","veRSA","2",0.0961580319961563,191
"resnet50_random","ResNet50","veRSA","2",0.0961580319961563,214
"resnet50_random","ResNet50","veRSA","5",0.104809197628651,208
"resnet50_random","ResNet50","veRSA","5",0.104809197628651,191
"resnet50_random","ResNet50","veRSA","5",0.104809197628651,214
"ResNet50-BarlowTwins-BS2048_selfsupervised","ResNet50-BarlowTwins-BS2048","veRSA","1",0.672072422111017,28
"ResNet50-BarlowTwins-BS2048_selfsupervised","ResNet50-BarlowTwins-BS2048","veRSA","1",0.672072422111017,53
"ResNet50-BarlowTwins-BS2048_selfsupervised","ResNet50-BarlowTwins-BS2048","veRSA","1",0.672072422111017,63
"ResNet50-BarlowTwins-BS2048_selfsupervised","ResNet50-BarlowTwins-BS2048","veRSA","2",0.690609719140772,28
"ResNet50-BarlowTwins-BS2048_selfsupervised","ResNet50-BarlowTwins-BS2048","veRSA","2",0.690609719140772,53
"ResNet50-BarlowTwins-BS2048_selfsupervised","ResNet50-BarlowTwins-BS2048","veRSA","2",0.690609719140772,63
"ResNet50-BarlowTwins-BS2048_selfsupervised","ResNet50-BarlowTwins-BS2048","veRSA","7",0.618582352064345,28
"ResNet50-BarlowTwins-BS2048_selfsupervised","ResNet50-BarlowTwins-BS2048","veRSA","7",0.618582352064345,53
"ResNet50-BarlowTwins-BS2048_selfsupervised","ResNet50-BarlowTwins-BS2048","veRSA","7",0.618582352064345,63
"ResNet50-BarlowTwins-BS2048_selfsupervised","ResNet50-BarlowTwins-BS2048","veRSA","5",0.735353381487183,28
"ResNet50-BarlowTwins-BS2048_selfsupervised","ResNet50-BarlowTwins-BS2048","veRSA","5",0.735353381487183,53
"ResNet50-BarlowTwins-BS2048_selfsupervised","ResNet50-BarlowTwins-BS2048","veRSA","5",0.735353381487183,63
"ResNet50-ClusterFit-16K-RotNet_selfsupervised","ResNet50-ClusterFit-16K-RotNet","veRSA","1",0.622934829252028,89
"ResNet50-ClusterFit-16K-RotNet_selfsupervised","ResNet50-ClusterFit-16K-RotNet","veRSA","1",0.622934829252028,120
"ResNet50-ClusterFit-16K-RotNet_selfsupervised","ResNet50-ClusterFit-16K-RotNet","veRSA","1",0.622934829252028,121
"ResNet50-ClusterFit-16K-RotNet_selfsupervised","ResNet50-ClusterFit-16K-RotNet","veRSA","2",0.626662295101041,89
"ResNet50-ClusterFit-16K-RotNet_selfsupervised","ResNet50-ClusterFit-16K-RotNet","veRSA","2",0.626662295101041,120
"ResNet50-ClusterFit-16K-RotNet_selfsupervised","ResNet50-ClusterFit-16K-RotNet","veRSA","2",0.626662295101041,121
"ResNet50-ClusterFit-16K-RotNet_selfsupervised","ResNet50-ClusterFit-16K-RotNet","veRSA","7",0.57964967043934,89
"ResNet50-ClusterFit-16K-RotNet_selfsupervised","ResNet50-ClusterFit-16K-RotNet","veRSA","7",0.57964967043934,120
"ResNet50-ClusterFit-16K-RotNet_selfsupervised","ResNet50-ClusterFit-16K-RotNet","veRSA","7",0.57964967043934,121
"ResNet50-ClusterFit-16K-RotNet_selfsupervised","ResNet50-ClusterFit-16K-RotNet","veRSA","5",0.69188020353654,89
"ResNet50-ClusterFit-16K-RotNet_selfsupervised","ResNet50-ClusterFit-16K-RotNet","veRSA","5",0.69188020353654,120
"ResNet50-ClusterFit-16K-RotNet_selfsupervised","ResNet50-ClusterFit-16K-RotNet","veRSA","5",0.69188020353654,121
"ResNet50-DeepClusterV2-2x224+6x96_selfsupervised","ResNet50-DeepClusterV2","veRSA","1",0.682572570740495,87
"ResNet50-DeepClusterV2-2x224+6x96_selfsupervised","ResNet50-DeepClusterV2","veRSA","1",0.682572570740495,38
"ResNet50-DeepClusterV2-2x224+6x96_selfsupervised","ResNet50-DeepClusterV2","veRSA","1",0.682572570740495,42
"ResNet50-DeepClusterV2-2x224+6x96_selfsupervised","ResNet50-DeepClusterV2","veRSA","2",0.707397973282612,87
"ResNet50-DeepClusterV2-2x224+6x96_selfsupervised","ResNet50-DeepClusterV2","veRSA","2",0.707397973282612,38
"ResNet50-DeepClusterV2-2x224+6x96_selfsupervised","ResNet50-DeepClusterV2","veRSA","2",0.707397973282612,42
"ResNet50-DeepClusterV2-2x224+6x96_selfsupervised","ResNet50-DeepClusterV2","veRSA","5",0.741963761238569,87
"ResNet50-DeepClusterV2-2x224+6x96_selfsupervised","ResNet50-DeepClusterV2","veRSA","5",0.741963761238569,38
"ResNet50-DeepClusterV2-2x224+6x96_selfsupervised","ResNet50-DeepClusterV2","veRSA","5",0.741963761238569,42
"ResNet50-DeepClusterV2-2x224+6x96_selfsupervised","ResNet50-DeepClusterV2","veRSA","7",0.627582098396483,87
"ResNet50-DeepClusterV2-2x224+6x96_selfsupervised","ResNet50-DeepClusterV2","veRSA","7",0.627582098396483,38
"ResNet50-DeepClusterV2-2x224+6x96_selfsupervised","ResNet50-DeepClusterV2","veRSA","7",0.627582098396483,42
"ResNet50-JigSaw-Goyal19_selfsupervised","ResNet50-JigSaw-Goyal19","veRSA","7",0.5145577947521,128
"ResNet50-JigSaw-Goyal19_selfsupervised","ResNet50-JigSaw-Goyal19","veRSA","7",0.5145577947521,130
"ResNet50-JigSaw-Goyal19_selfsupervised","ResNet50-JigSaw-Goyal19","veRSA","7",0.5145577947521,131
"ResNet50-JigSaw-Goyal19_selfsupervised","ResNet50-JigSaw-Goyal19","veRSA","1",0.563703585062325,128
"ResNet50-JigSaw-Goyal19_selfsupervised","ResNet50-JigSaw-Goyal19","veRSA","1",0.563703585062325,130
"ResNet50-JigSaw-Goyal19_selfsupervised","ResNet50-JigSaw-Goyal19","veRSA","1",0.563703585062325,131
"ResNet50-JigSaw-Goyal19_selfsupervised","ResNet50-JigSaw-Goyal19","veRSA","2",0.574257419154783,128
"ResNet50-JigSaw-Goyal19_selfsupervised","ResNet50-JigSaw-Goyal19","veRSA","2",0.574257419154783,130
"ResNet50-JigSaw-Goyal19_selfsupervised","ResNet50-JigSaw-Goyal19","veRSA","2",0.574257419154783,131
"ResNet50-JigSaw-Goyal19_selfsupervised","ResNet50-JigSaw-Goyal19","veRSA","5",0.606653755592837,128
"ResNet50-JigSaw-Goyal19_selfsupervised","ResNet50-JigSaw-Goyal19","veRSA","5",0.606653755592837,130
"ResNet50-JigSaw-Goyal19_selfsupervised","ResNet50-JigSaw-Goyal19","veRSA","5",0.606653755592837,131
"ResNet50-JigSaw-P100_selfsupervised","ResNet50-JigSaw-P100","veRSA","1",0.568643264061146,125
"ResNet50-JigSaw-P100_selfsupervised","ResNet50-JigSaw-P100","veRSA","1",0.568643264061146,126
"ResNet50-JigSaw-P100_selfsupervised","ResNet50-JigSaw-P100","veRSA","1",0.568643264061146,129
"ResNet50-JigSaw-P100_selfsupervised","ResNet50-JigSaw-P100","veRSA","2",0.603012646310314,125
"ResNet50-JigSaw-P100_selfsupervised","ResNet50-JigSaw-P100","veRSA","2",0.603012646310314,126
"ResNet50-JigSaw-P100_selfsupervised","ResNet50-JigSaw-P100","veRSA","2",0.603012646310314,129
"ResNet50-JigSaw-P100_selfsupervised","ResNet50-JigSaw-P100","veRSA","7",0.535564137346169,125
"ResNet50-JigSaw-P100_selfsupervised","ResNet50-JigSaw-P100","veRSA","7",0.535564137346169,126
"ResNet50-JigSaw-P100_selfsupervised","ResNet50-JigSaw-P100","veRSA","7",0.535564137346169,129
"ResNet50-JigSaw-P100_selfsupervised","ResNet50-JigSaw-P100","veRSA","5",0.6015271348747,125
"ResNet50-JigSaw-P100_selfsupervised","ResNet50-JigSaw-P100","veRSA","5",0.6015271348747,126
"ResNet50-JigSaw-P100_selfsupervised","ResNet50-JigSaw-P100","veRSA","5",0.6015271348747,129
"ResNet50-MoCoV2-BS256_selfsupervised","ResNet50-MoCoV2-BS256","veRSA","1",0.598127218011987,126
"ResNet50-MoCoV2-BS256_selfsupervised","ResNet50-MoCoV2-BS256","veRSA","1",0.598127218011987,129
"ResNet50-MoCoV2-BS256_selfsupervised","ResNet50-MoCoV2-BS256","veRSA","1",0.598127218011987,127
"ResNet50-MoCoV2-BS256_selfsupervised","ResNet50-MoCoV2-BS256","veRSA","2",0.620862261844017,126
"ResNet50-MoCoV2-BS256_selfsupervised","ResNet50-MoCoV2-BS256","veRSA","2",0.620862261844017,129
"ResNet50-MoCoV2-BS256_selfsupervised","ResNet50-MoCoV2-BS256","veRSA","2",0.620862261844017,127
"ResNet50-MoCoV2-BS256_selfsupervised","ResNet50-MoCoV2-BS256","veRSA","5",0.670108755434349,126
"ResNet50-MoCoV2-BS256_selfsupervised","ResNet50-MoCoV2-BS256","veRSA","5",0.670108755434349,129
"ResNet50-MoCoV2-BS256_selfsupervised","ResNet50-MoCoV2-BS256","veRSA","5",0.670108755434349,127
"ResNet50-MoCoV2-BS256_selfsupervised","ResNet50-MoCoV2-BS256","veRSA","7",0.551053761190361,126
"ResNet50-MoCoV2-BS256_selfsupervised","ResNet50-MoCoV2-BS256","veRSA","7",0.551053761190361,129
"ResNet50-MoCoV2-BS256_selfsupervised","ResNet50-MoCoV2-BS256","veRSA","7",0.551053761190361,127
"ResNet50-PIRL_selfsupervised","ResNet50-PIRL","veRSA","2",0.6866588816342,48
"ResNet50-PIRL_selfsupervised","ResNet50-PIRL","veRSA","2",0.6866588816342,83
"ResNet50-PIRL_selfsupervised","ResNet50-PIRL","veRSA","2",0.6866588816342,80
"ResNet50-PIRL_selfsupervised","ResNet50-PIRL","veRSA","1",0.655836796013585,48
"ResNet50-PIRL_selfsupervised","ResNet50-PIRL","veRSA","1",0.655836796013585,83
"ResNet50-PIRL_selfsupervised","ResNet50-PIRL","veRSA","1",0.655836796013585,80
"ResNet50-PIRL_selfsupervised","ResNet50-PIRL","veRSA","5",0.739899931442389,48
"ResNet50-PIRL_selfsupervised","ResNet50-PIRL","veRSA","5",0.739899931442389,83
"ResNet50-PIRL_selfsupervised","ResNet50-PIRL","veRSA","5",0.739899931442389,80
"ResNet50-PIRL_selfsupervised","ResNet50-PIRL","veRSA","7",0.606578807229276,48
"ResNet50-PIRL_selfsupervised","ResNet50-PIRL","veRSA","7",0.606578807229276,83
"ResNet50-PIRL_selfsupervised","ResNet50-PIRL","veRSA","7",0.606578807229276,80
"ResNet50-RotNet_selfsupervised","ResNet50-RotNet","veRSA","1",0.559212203828197,132
"ResNet50-RotNet_selfsupervised","ResNet50-RotNet","veRSA","1",0.559212203828197,131
"ResNet50-RotNet_selfsupervised","ResNet50-RotNet","veRSA","1",0.559212203828197,130
"ResNet50-RotNet_selfsupervised","ResNet50-RotNet","veRSA","2",0.551528191301141,132
"ResNet50-RotNet_selfsupervised","ResNet50-RotNet","veRSA","2",0.551528191301141,131
"ResNet50-RotNet_selfsupervised","ResNet50-RotNet","veRSA","2",0.551528191301141,130
"ResNet50-RotNet_selfsupervised","ResNet50-RotNet","veRSA","7",0.522563801870158,132
"ResNet50-RotNet_selfsupervised","ResNet50-RotNet","veRSA","7",0.522563801870158,131
"ResNet50-RotNet_selfsupervised","ResNet50-RotNet","veRSA","7",0.522563801870158,130
"ResNet50-RotNet_selfsupervised","ResNet50-RotNet","veRSA","5",0.654944857703895,132
"ResNet50-RotNet_selfsupervised","ResNet50-RotNet","veRSA","5",0.654944857703895,131
"ResNet50-RotNet_selfsupervised","ResNet50-RotNet","veRSA","5",0.654944857703895,130
"ResNet50-SimCLR_selfsupervised","ResNet50-SimCLR","veRSA","2",0.721333311256491,35
"ResNet50-SimCLR_selfsupervised","ResNet50-SimCLR","veRSA","2",0.721333311256491,41
"ResNet50-SimCLR_selfsupervised","ResNet50-SimCLR","veRSA","2",0.721333311256491,18
"ResNet50-SimCLR_selfsupervised","ResNet50-SimCLR","veRSA","1",0.688471333296127,35
"ResNet50-SimCLR_selfsupervised","ResNet50-SimCLR","veRSA","1",0.688471333296127,41
"ResNet50-SimCLR_selfsupervised","ResNet50-SimCLR","veRSA","1",0.688471333296127,18
"ResNet50-SimCLR_selfsupervised","ResNet50-SimCLR","veRSA","5",0.764449764204429,35
"ResNet50-SimCLR_selfsupervised","ResNet50-SimCLR","veRSA","5",0.764449764204429,41
"ResNet50-SimCLR_selfsupervised","ResNet50-SimCLR","veRSA","5",0.764449764204429,18
"ResNet50-SimCLR_selfsupervised","ResNet50-SimCLR","veRSA","7",0.623638645705572,35
"ResNet50-SimCLR_selfsupervised","ResNet50-SimCLR","veRSA","7",0.623638645705572,41
"ResNet50-SimCLR_selfsupervised","ResNet50-SimCLR","veRSA","7",0.623638645705572,18
"ResNet50-SwAV-BS4096-2x224+6x96_selfsupervised","ResNet50-SwAV-BS4096","veRSA","1",0.66197732181153,76
"ResNet50-SwAV-BS4096-2x224+6x96_selfsupervised","ResNet50-SwAV-BS4096","veRSA","1",0.66197732181153,39
"ResNet50-SwAV-BS4096-2x224+6x96_selfsupervised","ResNet50-SwAV-BS4096","veRSA","1",0.66197732181153,56
"ResNet50-SwAV-BS4096-2x224+6x96_selfsupervised","ResNet50-SwAV-BS4096","veRSA","2",0.694111279453085,76
"ResNet50-SwAV-BS4096-2x224+6x96_selfsupervised","ResNet50-SwAV-BS4096","veRSA","2",0.694111279453085,39
"ResNet50-SwAV-BS4096-2x224+6x96_selfsupervised","ResNet50-SwAV-BS4096","veRSA","2",0.694111279453085,56
"ResNet50-SwAV-BS4096-2x224+6x96_selfsupervised","ResNet50-SwAV-BS4096","veRSA","5",0.759858534256455,76
"ResNet50-SwAV-BS4096-2x224+6x96_selfsupervised","ResNet50-SwAV-BS4096","veRSA","5",0.759858534256455,39
"ResNet50-SwAV-BS4096-2x224+6x96_selfsupervised","ResNet50-SwAV-BS4096","veRSA","5",0.759858534256455,56
"ResNet50-SwAV-BS4096-2x224+6x96_selfsupervised","ResNet50-SwAV-BS4096","veRSA","7",0.618775256295236,76
"ResNet50-SwAV-BS4096-2x224+6x96_selfsupervised","ResNet50-SwAV-BS4096","veRSA","7",0.618775256295236,39
"ResNet50-SwAV-BS4096-2x224+6x96_selfsupervised","ResNet50-SwAV-BS4096","veRSA","7",0.618775256295236,56
"retinanet_R_50_FPN_3x_detection","RetinaNet-ResNet50-FPN","veRSA","1",0.648646117492423,41
"retinanet_R_50_FPN_3x_detection","RetinaNet-ResNet50-FPN","veRSA","1",0.648646117492423,79
"retinanet_R_50_FPN_3x_detection","RetinaNet-ResNet50-FPN","veRSA","1",0.648646117492423,91
"retinanet_R_50_FPN_3x_detection","RetinaNet-ResNet50-FPN","veRSA","5",0.71350410549667,41
"retinanet_R_50_FPN_3x_detection","RetinaNet-ResNet50-FPN","veRSA","5",0.71350410549667,79
"retinanet_R_50_FPN_3x_detection","RetinaNet-ResNet50-FPN","veRSA","5",0.71350410549667,91
"retinanet_R_50_FPN_3x_detection","RetinaNet-ResNet50-FPN","veRSA","7",0.601336936513563,41
"retinanet_R_50_FPN_3x_detection","RetinaNet-ResNet50-FPN","veRSA","7",0.601336936513563,79
"retinanet_R_50_FPN_3x_detection","RetinaNet-ResNet50-FPN","veRSA","7",0.601336936513563,91
"retinanet_R_50_FPN_3x_detection","RetinaNet-ResNet50-FPN","veRSA","2",0.697599511040343,41
"retinanet_R_50_FPN_3x_detection","RetinaNet-ResNet50-FPN","veRSA","2",0.697599511040343,79
"retinanet_R_50_FPN_3x_detection","RetinaNet-ResNet50-FPN","veRSA","2",0.697599511040343,91
"RN101_clip","CLiP-ResNet101","veRSA","7",0.639363828105826,49
"RN101_clip","CLiP-ResNet101","veRSA","7",0.639363828105826,10
"RN101_clip","CLiP-ResNet101","veRSA","7",0.639363828105826,2
"RN101_clip","CLiP-ResNet101","veRSA","1",0.710725387478629,49
"RN101_clip","CLiP-ResNet101","veRSA","1",0.710725387478629,10
"RN101_clip","CLiP-ResNet101","veRSA","1",0.710725387478629,2
"RN101_clip","CLiP-ResNet101","veRSA","2",0.732672711691739,49
"RN101_clip","CLiP-ResNet101","veRSA","2",0.732672711691739,10
"RN101_clip","CLiP-ResNet101","veRSA","2",0.732672711691739,2
"RN101_clip","CLiP-ResNet101","veRSA","5",0.776143879364944,49
"RN101_clip","CLiP-ResNet101","veRSA","5",0.776143879364944,10
"RN101_clip","CLiP-ResNet101","veRSA","5",0.776143879364944,2
"RN50_clip","CLiP-ResNet50","veRSA","1",0.714997084360472,67
"RN50_clip","CLiP-ResNet50","veRSA","1",0.714997084360472,2
"RN50_clip","CLiP-ResNet50","veRSA","1",0.714997084360472,1
"RN50_clip","CLiP-ResNet50","veRSA","2",0.740722479475631,67
"RN50_clip","CLiP-ResNet50","veRSA","2",0.740722479475631,2
"RN50_clip","CLiP-ResNet50","veRSA","2",0.740722479475631,1
"RN50_clip","CLiP-ResNet50","veRSA","5",0.76887598659794,67
"RN50_clip","CLiP-ResNet50","veRSA","5",0.76887598659794,2
"RN50_clip","CLiP-ResNet50","veRSA","5",0.76887598659794,1
"RN50_clip","CLiP-ResNet50","veRSA","7",0.644585812449503,67
"RN50_clip","CLiP-ResNet50","veRSA","7",0.644585812449503,2
"RN50_clip","CLiP-ResNet50","veRSA","7",0.644585812449503,1
"room_layout_taskonomy","Room Layout","veRSA","1",0.292457808430415,144
"room_layout_taskonomy","Room Layout","veRSA","1",0.292457808430415,145
"room_layout_taskonomy","Room Layout","veRSA","1",0.292457808430415,146
"room_layout_taskonomy","Room Layout","veRSA","2",0.328555662776623,144
"room_layout_taskonomy","Room Layout","veRSA","2",0.328555662776623,145
"room_layout_taskonomy","Room Layout","veRSA","2",0.328555662776623,146
"room_layout_taskonomy","Room Layout","veRSA","5",0.339145368917323,144
"room_layout_taskonomy","Room Layout","veRSA","5",0.339145368917323,145
"room_layout_taskonomy","Room Layout","veRSA","5",0.339145368917323,146
"room_layout_taskonomy","Room Layout","veRSA","7",0.274582760287955,144
"room_layout_taskonomy","Room Layout","veRSA","7",0.274582760287955,145
"room_layout_taskonomy","Room Layout","veRSA","7",0.274582760287955,146
"segment_semantic_taskonomy","Semantic Segmentation","veRSA","1",0.318896984770008,143
"segment_semantic_taskonomy","Semantic Segmentation","veRSA","1",0.318896984770008,144
"segment_semantic_taskonomy","Semantic Segmentation","veRSA","2",0.343920314117275,143
"segment_semantic_taskonomy","Semantic Segmentation","veRSA","2",0.343920314117275,144
"segment_semantic_taskonomy","Semantic Segmentation","veRSA","7",0.294441849474703,143
"segment_semantic_taskonomy","Semantic Segmentation","veRSA","7",0.294441849474703,144
"segment_semantic_taskonomy","Semantic Segmentation","veRSA","5",0.340534345884095,143
"segment_semantic_taskonomy","Semantic Segmentation","veRSA","5",0.340534345884095,144
"segment_unsup25d_taskonomy","Unsupervised 2.5D Segmentation","veRSA","5",0.312555660178129,137
"segment_unsup25d_taskonomy","Unsupervised 2.5D Segmentation","veRSA","5",0.312555660178129,142
"segment_unsup25d_taskonomy","Unsupervised 2.5D Segmentation","veRSA","5",0.312555660178129,145
"segment_unsup25d_taskonomy","Unsupervised 2.5D Segmentation","veRSA","1",0.319238532720467,137
"segment_unsup25d_taskonomy","Unsupervised 2.5D Segmentation","veRSA","1",0.319238532720467,142
"segment_unsup25d_taskonomy","Unsupervised 2.5D Segmentation","veRSA","1",0.319238532720467,145
"segment_unsup25d_taskonomy","Unsupervised 2.5D Segmentation","veRSA","2",0.317452791784044,137
"segment_unsup25d_taskonomy","Unsupervised 2.5D Segmentation","veRSA","2",0.317452791784044,142
"segment_unsup25d_taskonomy","Unsupervised 2.5D Segmentation","veRSA","2",0.317452791784044,145
"segment_unsup25d_taskonomy","Unsupervised 2.5D Segmentation","veRSA","7",0.302860989877813,137
"segment_unsup25d_taskonomy","Unsupervised 2.5D Segmentation","veRSA","7",0.302860989877813,142
"segment_unsup25d_taskonomy","Unsupervised 2.5D Segmentation","veRSA","7",0.302860989877813,145
"segment_unsup2d_taskonomy","Unsupervised 2D Segmentation","veRSA","7",0.185015184949244,155
"segment_unsup2d_taskonomy","Unsupervised 2D Segmentation","veRSA","7",0.185015184949244,154
"segment_unsup2d_taskonomy","Unsupervised 2D Segmentation","veRSA","1",0.155742767348323,155
"segment_unsup2d_taskonomy","Unsupervised 2D Segmentation","veRSA","1",0.155742767348323,154
"segment_unsup2d_taskonomy","Unsupervised 2D Segmentation","veRSA","2",0.167005058273221,155
"segment_unsup2d_taskonomy","Unsupervised 2D Segmentation","veRSA","2",0.167005058273221,154
"segment_unsup2d_taskonomy","Unsupervised 2D Segmentation","veRSA","5",0.170565654513903,155
"segment_unsup2d_taskonomy","Unsupervised 2D Segmentation","veRSA","5",0.170565654513903,154
"semnasnet_100_classification","SemNASNet100","veRSA","2",0.67638968610471,9
"semnasnet_100_classification","SemNASNet100","veRSA","2",0.67638968610471,67
"semnasnet_100_classification","SemNASNet100","veRSA","2",0.67638968610471,62
"semnasnet_100_classification","SemNASNet100","veRSA","1",0.682939538040817,9
"semnasnet_100_classification","SemNASNet100","veRSA","1",0.682939538040817,67
"semnasnet_100_classification","SemNASNet100","veRSA","1",0.682939538040817,62
"semnasnet_100_classification","SemNASNet100","veRSA","5",0.74448218236532,9
"semnasnet_100_classification","SemNASNet100","veRSA","5",0.74448218236532,67
"semnasnet_100_classification","SemNASNet100","veRSA","5",0.74448218236532,62
"semnasnet_100_classification","SemNASNet100","veRSA","7",0.612995545189489,9
"semnasnet_100_classification","SemNASNet100","veRSA","7",0.612995545189489,67
"semnasnet_100_classification","SemNASNet100","veRSA","7",0.612995545189489,62
"semnasnet_100_random","SemNASNet100","veRSA","5",0.0828499308357388,216
"semnasnet_100_random","SemNASNet100","veRSA","5",0.0828499308357388,210
"semnasnet_100_random","SemNASNet100","veRSA","5",0.0828499308357388,215
"semnasnet_100_random","SemNASNet100","veRSA","1",0.103213515225345,216
"semnasnet_100_random","SemNASNet100","veRSA","1",0.103213515225345,210
"semnasnet_100_random","SemNASNet100","veRSA","1",0.103213515225345,215
"semnasnet_100_random","SemNASNet100","veRSA","7",0.0937799312427593,216
"semnasnet_100_random","SemNASNet100","veRSA","7",0.0937799312427593,210
"semnasnet_100_random","SemNASNet100","veRSA","7",0.0937799312427593,215
"semnasnet_100_random","SemNASNet100","veRSA","2",0.07854969637225,216
"semnasnet_100_random","SemNASNet100","veRSA","2",0.07854969637225,210
"semnasnet_100_random","SemNASNet100","veRSA","2",0.07854969637225,215
"seresnext50_32x4d_classification","SEResNext50-32x4D","veRSA","5",0.747145726634002,19
"seresnext50_32x4d_classification","SEResNext50-32x4D","veRSA","5",0.747145726634002,82
"seresnext50_32x4d_classification","SEResNext50-32x4D","veRSA","5",0.747145726634002,74
"seresnext50_32x4d_classification","SEResNext50-32x4D","veRSA","7",0.609546563222405,19
"seresnext50_32x4d_classification","SEResNext50-32x4D","veRSA","7",0.609546563222405,82
"seresnext50_32x4d_classification","SEResNext50-32x4D","veRSA","7",0.609546563222405,74
"seresnext50_32x4d_classification","SEResNext50-32x4D","veRSA","1",0.654578259995741,19
"seresnext50_32x4d_classification","SEResNext50-32x4D","veRSA","1",0.654578259995741,82
"seresnext50_32x4d_classification","SEResNext50-32x4D","veRSA","1",0.654578259995741,74
"seresnext50_32x4d_classification","SEResNext50-32x4D","veRSA","2",0.687581417351637,19
"seresnext50_32x4d_classification","SEResNext50-32x4D","veRSA","2",0.687581417351637,82
"seresnext50_32x4d_classification","SEResNext50-32x4D","veRSA","2",0.687581417351637,74
"seresnext50_32x4d_random","SEResNext50-32x4D","veRSA","1",0.127464495067208,199
"seresnext50_32x4d_random","SEResNext50-32x4D","veRSA","1",0.127464495067208,184
"seresnext50_32x4d_random","SEResNext50-32x4D","veRSA","1",0.127464495067208,180
"seresnext50_32x4d_random","SEResNext50-32x4D","veRSA","2",0.10336352898192,199
"seresnext50_32x4d_random","SEResNext50-32x4D","veRSA","2",0.10336352898192,184
"seresnext50_32x4d_random","SEResNext50-32x4D","veRSA","2",0.10336352898192,180
"seresnext50_32x4d_random","SEResNext50-32x4D","veRSA","5",0.108853166679644,199
"seresnext50_32x4d_random","SEResNext50-32x4D","veRSA","5",0.108853166679644,184
"seresnext50_32x4d_random","SEResNext50-32x4D","veRSA","5",0.108853166679644,180
"seresnext50_32x4d_random","SEResNext50-32x4D","veRSA","7",0.120653982574413,199
"seresnext50_32x4d_random","SEResNext50-32x4D","veRSA","7",0.120653982574413,184
"seresnext50_32x4d_random","SEResNext50-32x4D","veRSA","7",0.120653982574413,180
"shufflenet_v2_x1_0_classification","ShuffleNet-V2-x1.0","veRSA","2",0.66992262138503,42
"shufflenet_v2_x1_0_classification","ShuffleNet-V2-x1.0","veRSA","2",0.66992262138503,64
"shufflenet_v2_x1_0_classification","ShuffleNet-V2-x1.0","veRSA","2",0.66992262138503,102
"shufflenet_v2_x1_0_classification","ShuffleNet-V2-x1.0","veRSA","7",0.604547817973198,42
"shufflenet_v2_x1_0_classification","ShuffleNet-V2-x1.0","veRSA","7",0.604547817973198,64
"shufflenet_v2_x1_0_classification","ShuffleNet-V2-x1.0","veRSA","7",0.604547817973198,102
"shufflenet_v2_x1_0_classification","ShuffleNet-V2-x1.0","veRSA","5",0.708930008394725,42
"shufflenet_v2_x1_0_classification","ShuffleNet-V2-x1.0","veRSA","5",0.708930008394725,64
"shufflenet_v2_x1_0_classification","ShuffleNet-V2-x1.0","veRSA","5",0.708930008394725,102
"shufflenet_v2_x1_0_classification","ShuffleNet-V2-x1.0","veRSA","1",0.658063552715472,42
"shufflenet_v2_x1_0_classification","ShuffleNet-V2-x1.0","veRSA","1",0.658063552715472,64
"shufflenet_v2_x1_0_classification","ShuffleNet-V2-x1.0","veRSA","1",0.658063552715472,102
"shufflenet_v2_x1_0_random","ShuffleNet-V2-x1.0","veRSA","5",0.0705879170437439,206
"shufflenet_v2_x1_0_random","ShuffleNet-V2-x1.0","veRSA","5",0.0705879170437439,207
"shufflenet_v2_x1_0_random","ShuffleNet-V2-x1.0","veRSA","5",0.0705879170437439,224
"shufflenet_v2_x1_0_random","ShuffleNet-V2-x1.0","veRSA","1",0.0505795054600276,206
"shufflenet_v2_x1_0_random","ShuffleNet-V2-x1.0","veRSA","1",0.0505795054600276,207
"shufflenet_v2_x1_0_random","ShuffleNet-V2-x1.0","veRSA","1",0.0505795054600276,224
"shufflenet_v2_x1_0_random","ShuffleNet-V2-x1.0","veRSA","2",0.0444627997265761,206
"shufflenet_v2_x1_0_random","ShuffleNet-V2-x1.0","veRSA","2",0.0444627997265761,207
"shufflenet_v2_x1_0_random","ShuffleNet-V2-x1.0","veRSA","2",0.0444627997265761,224
"shufflenet_v2_x1_0_random","ShuffleNet-V2-x1.0","veRSA","7",0.0280142457754568,206
"shufflenet_v2_x1_0_random","ShuffleNet-V2-x1.0","veRSA","7",0.0280142457754568,207
"shufflenet_v2_x1_0_random","ShuffleNet-V2-x1.0","veRSA","7",0.0280142457754568,224
"skresnext50_32x4d_classification","SKResNext50-32x4D","veRSA","1",0.639954748355053,47
"skresnext50_32x4d_classification","SKResNext50-32x4D","veRSA","1",0.639954748355053,75
"skresnext50_32x4d_classification","SKResNext50-32x4D","veRSA","1",0.639954748355053,90
"skresnext50_32x4d_classification","SKResNext50-32x4D","veRSA","5",0.715240945802333,47
"skresnext50_32x4d_classification","SKResNext50-32x4D","veRSA","5",0.715240945802333,75
"skresnext50_32x4d_classification","SKResNext50-32x4D","veRSA","5",0.715240945802333,90
"skresnext50_32x4d_classification","SKResNext50-32x4D","veRSA","7",0.609152805552463,47
"skresnext50_32x4d_classification","SKResNext50-32x4D","veRSA","7",0.609152805552463,75
"skresnext50_32x4d_classification","SKResNext50-32x4D","veRSA","7",0.609152805552463,90
"skresnext50_32x4d_classification","SKResNext50-32x4D","veRSA","2",0.701506164394349,47
"skresnext50_32x4d_classification","SKResNext50-32x4D","veRSA","2",0.701506164394349,75
"skresnext50_32x4d_classification","SKResNext50-32x4D","veRSA","2",0.701506164394349,90
"skresnext50_32x4d_random","SKResNext50-32x4D","veRSA","7",0.137916777235497,203
"skresnext50_32x4d_random","SKResNext50-32x4D","veRSA","7",0.137916777235497,163
"skresnext50_32x4d_random","SKResNext50-32x4D","veRSA","7",0.137916777235497,164
"skresnext50_32x4d_random","SKResNext50-32x4D","veRSA","1",0.139725825789734,203
"skresnext50_32x4d_random","SKResNext50-32x4D","veRSA","1",0.139725825789734,163
"skresnext50_32x4d_random","SKResNext50-32x4D","veRSA","1",0.139725825789734,164
"skresnext50_32x4d_random","SKResNext50-32x4D","veRSA","2",0.128243887753781,203
"skresnext50_32x4d_random","SKResNext50-32x4D","veRSA","2",0.128243887753781,163
"skresnext50_32x4d_random","SKResNext50-32x4D","veRSA","2",0.128243887753781,164
"skresnext50_32x4d_random","SKResNext50-32x4D","veRSA","5",0.132336269770986,203
"skresnext50_32x4d_random","SKResNext50-32x4D","veRSA","5",0.132336269770986,163
"skresnext50_32x4d_random","SKResNext50-32x4D","veRSA","5",0.132336269770986,164
"squeezenet1_0_classification","SqueezeNet1.0","veRSA","1",0.604595833817166,93
"squeezenet1_0_classification","SqueezeNet1.0","veRSA","1",0.604595833817166,122
"squeezenet1_0_classification","SqueezeNet1.0","veRSA","1",0.604595833817166,124
"squeezenet1_0_classification","SqueezeNet1.0","veRSA","2",0.628016011795214,93
"squeezenet1_0_classification","SqueezeNet1.0","veRSA","2",0.628016011795214,122
"squeezenet1_0_classification","SqueezeNet1.0","veRSA","2",0.628016011795214,124
"squeezenet1_0_classification","SqueezeNet1.0","veRSA","5",0.6927189377931,93
"squeezenet1_0_classification","SqueezeNet1.0","veRSA","5",0.6927189377931,122
"squeezenet1_0_classification","SqueezeNet1.0","veRSA","5",0.6927189377931,124
"squeezenet1_0_classification","SqueezeNet1.0","veRSA","7",0.566255008549562,93
"squeezenet1_0_classification","SqueezeNet1.0","veRSA","7",0.566255008549562,122
"squeezenet1_0_classification","SqueezeNet1.0","veRSA","7",0.566255008549562,124
"squeezenet1_0_random","SqueezeNet1.0","veRSA","2",0.125062780328478,166
"squeezenet1_0_random","SqueezeNet1.0","veRSA","2",0.125062780328478,162
"squeezenet1_0_random","SqueezeNet1.0","veRSA","2",0.125062780328478,172
"squeezenet1_0_random","SqueezeNet1.0","veRSA","7",0.122131686383062,166
"squeezenet1_0_random","SqueezeNet1.0","veRSA","7",0.122131686383062,162
"squeezenet1_0_random","SqueezeNet1.0","veRSA","7",0.122131686383062,172
"squeezenet1_0_random","SqueezeNet1.0","veRSA","1",0.129764705468102,166
"squeezenet1_0_random","SqueezeNet1.0","veRSA","1",0.129764705468102,162
"squeezenet1_0_random","SqueezeNet1.0","veRSA","1",0.129764705468102,172
"squeezenet1_0_random","SqueezeNet1.0","veRSA","5",0.108925543359317,166
"squeezenet1_0_random","SqueezeNet1.0","veRSA","5",0.108925543359317,162
"squeezenet1_0_random","SqueezeNet1.0","veRSA","5",0.108925543359317,172
"swin_base_patch4_window7_224_classification","Swin-B-P4-W7","veRSA","2",0.693347651238485,110
"swin_base_patch4_window7_224_classification","Swin-B-P4-W7","veRSA","2",0.693347651238485,63
"swin_base_patch4_window7_224_classification","Swin-B-P4-W7","veRSA","2",0.693347651238485,64
"swin_base_patch4_window7_224_classification","Swin-B-P4-W7","veRSA","7",0.609651299224684,110
"swin_base_patch4_window7_224_classification","Swin-B-P4-W7","veRSA","7",0.609651299224684,63
"swin_base_patch4_window7_224_classification","Swin-B-P4-W7","veRSA","7",0.609651299224684,64
"swin_base_patch4_window7_224_classification","Swin-B-P4-W7","veRSA","1",0.676313831455953,110
"swin_base_patch4_window7_224_classification","Swin-B-P4-W7","veRSA","1",0.676313831455953,63
"swin_base_patch4_window7_224_classification","Swin-B-P4-W7","veRSA","1",0.676313831455953,64
"swin_base_patch4_window7_224_classification","Swin-B-P4-W7","veRSA","5",0.736270677495369,110
"swin_base_patch4_window7_224_classification","Swin-B-P4-W7","veRSA","5",0.736270677495369,63
"swin_base_patch4_window7_224_classification","Swin-B-P4-W7","veRSA","5",0.736270677495369,64
"swin_base_patch4_window7_224_in22k_classification","Swin-B-P4-W7-IN21K","veRSA","1",0.696508317992286,94
"swin_base_patch4_window7_224_in22k_classification","Swin-B-P4-W7-IN21K","veRSA","1",0.696508317992286,58
"swin_base_patch4_window7_224_in22k_classification","Swin-B-P4-W7-IN21K","veRSA","1",0.696508317992286,15
"swin_base_patch4_window7_224_in22k_classification","Swin-B-P4-W7-IN21K","veRSA","5",0.758875563401832,94
"swin_base_patch4_window7_224_in22k_classification","Swin-B-P4-W7-IN21K","veRSA","5",0.758875563401832,58
"swin_base_patch4_window7_224_in22k_classification","Swin-B-P4-W7-IN21K","veRSA","5",0.758875563401832,15
"swin_base_patch4_window7_224_in22k_classification","Swin-B-P4-W7-IN21K","veRSA","7",0.631409617875211,94
"swin_base_patch4_window7_224_in22k_classification","Swin-B-P4-W7-IN21K","veRSA","7",0.631409617875211,58
"swin_base_patch4_window7_224_in22k_classification","Swin-B-P4-W7-IN21K","veRSA","7",0.631409617875211,15
"swin_base_patch4_window7_224_in22k_classification","Swin-B-P4-W7-IN21K","veRSA","2",0.714485690133793,94
"swin_base_patch4_window7_224_in22k_classification","Swin-B-P4-W7-IN21K","veRSA","2",0.714485690133793,58
"swin_base_patch4_window7_224_in22k_classification","Swin-B-P4-W7-IN21K","veRSA","2",0.714485690133793,15
"swin_base_patch4_window7_224_random","Swin-B-P4-W7","veRSA","1",0.103601086160649,165
"swin_base_patch4_window7_224_random","Swin-B-P4-W7","veRSA","1",0.103601086160649,171
"swin_base_patch4_window7_224_random","Swin-B-P4-W7","veRSA","1",0.103601086160649,188
"swin_base_patch4_window7_224_random","Swin-B-P4-W7","veRSA","2",0.101596194597986,165
"swin_base_patch4_window7_224_random","Swin-B-P4-W7","veRSA","2",0.101596194597986,171
"swin_base_patch4_window7_224_random","Swin-B-P4-W7","veRSA","2",0.101596194597986,188
"swin_base_patch4_window7_224_random","Swin-B-P4-W7","veRSA","5",0.127363559269817,165
"swin_base_patch4_window7_224_random","Swin-B-P4-W7","veRSA","5",0.127363559269817,171
"swin_base_patch4_window7_224_random","Swin-B-P4-W7","veRSA","5",0.127363559269817,188
"swin_base_patch4_window7_224_random","Swin-B-P4-W7","veRSA","7",0.110279617833065,165
"swin_base_patch4_window7_224_random","Swin-B-P4-W7","veRSA","7",0.110279617833065,171
"swin_base_patch4_window7_224_random","Swin-B-P4-W7","veRSA","7",0.110279617833065,188
"swin_large_patch4_window7_224_classification","Swin-L-P4-W7","veRSA","1",0.685767407102246,120
"swin_large_patch4_window7_224_classification","Swin-L-P4-W7","veRSA","1",0.685767407102246,60
"swin_large_patch4_window7_224_classification","Swin-L-P4-W7","veRSA","1",0.685767407102246,50
"swin_large_patch4_window7_224_classification","Swin-L-P4-W7","veRSA","2",0.706409696476415,120
"swin_large_patch4_window7_224_classification","Swin-L-P4-W7","veRSA","2",0.706409696476415,60
"swin_large_patch4_window7_224_classification","Swin-L-P4-W7","veRSA","2",0.706409696476415,50
"swin_large_patch4_window7_224_classification","Swin-L-P4-W7","veRSA","5",0.73136351838367,120
"swin_large_patch4_window7_224_classification","Swin-L-P4-W7","veRSA","5",0.73136351838367,60
"swin_large_patch4_window7_224_classification","Swin-L-P4-W7","veRSA","5",0.73136351838367,50
"swin_large_patch4_window7_224_classification","Swin-L-P4-W7","veRSA","7",0.616911243825398,120
"swin_large_patch4_window7_224_classification","Swin-L-P4-W7","veRSA","7",0.616911243825398,60
"swin_large_patch4_window7_224_classification","Swin-L-P4-W7","veRSA","7",0.616911243825398,50
"swin_large_patch4_window7_224_in22k_classification","Swin-L-P4-W7-IN21K","veRSA","7",0.615465654002538,91
"swin_large_patch4_window7_224_in22k_classification","Swin-L-P4-W7-IN21K","veRSA","7",0.615465654002538,45
"swin_large_patch4_window7_224_in22k_classification","Swin-L-P4-W7-IN21K","veRSA","7",0.615465654002538,16
"swin_large_patch4_window7_224_in22k_classification","Swin-L-P4-W7-IN21K","veRSA","2",0.718262802359285,91
"swin_large_patch4_window7_224_in22k_classification","Swin-L-P4-W7-IN21K","veRSA","2",0.718262802359285,45
"swin_large_patch4_window7_224_in22k_classification","Swin-L-P4-W7-IN21K","veRSA","2",0.718262802359285,16
"swin_large_patch4_window7_224_in22k_classification","Swin-L-P4-W7-IN21K","veRSA","1",0.690387518510462,91
"swin_large_patch4_window7_224_in22k_classification","Swin-L-P4-W7-IN21K","veRSA","1",0.690387518510462,45
"swin_large_patch4_window7_224_in22k_classification","Swin-L-P4-W7-IN21K","veRSA","1",0.690387518510462,16
"swin_large_patch4_window7_224_in22k_classification","Swin-L-P4-W7-IN21K","veRSA","5",0.776838510029413,91
"swin_large_patch4_window7_224_in22k_classification","Swin-L-P4-W7-IN21K","veRSA","5",0.776838510029413,45
"swin_large_patch4_window7_224_in22k_classification","Swin-L-P4-W7-IN21K","veRSA","5",0.776838510029413,16
"swin_large_patch4_window7_224_random","Swin-L-P4-W7","veRSA","1",0.108635912592033,176
"swin_large_patch4_window7_224_random","Swin-L-P4-W7","veRSA","1",0.108635912592033,175
"swin_large_patch4_window7_224_random","Swin-L-P4-W7","veRSA","1",0.108635912592033,178
"swin_large_patch4_window7_224_random","Swin-L-P4-W7","veRSA","2",0.104148411093167,176
"swin_large_patch4_window7_224_random","Swin-L-P4-W7","veRSA","2",0.104148411093167,175
"swin_large_patch4_window7_224_random","Swin-L-P4-W7","veRSA","2",0.104148411093167,178
"swin_large_patch4_window7_224_random","Swin-L-P4-W7","veRSA","5",0.121936875698174,176
"swin_large_patch4_window7_224_random","Swin-L-P4-W7","veRSA","5",0.121936875698174,175
"swin_large_patch4_window7_224_random","Swin-L-P4-W7","veRSA","5",0.121936875698174,178
"swin_large_patch4_window7_224_random","Swin-L-P4-W7","veRSA","7",0.127169380170828,176
"swin_large_patch4_window7_224_random","Swin-L-P4-W7","veRSA","7",0.127169380170828,175
"swin_large_patch4_window7_224_random","Swin-L-P4-W7","veRSA","7",0.127169380170828,178
"swin_tiny_patch4_window7_224_classification","Swin-T-P4-W7","veRSA","1",0.673627322218766,101
"swin_tiny_patch4_window7_224_classification","Swin-T-P4-W7","veRSA","1",0.673627322218766,33
"swin_tiny_patch4_window7_224_classification","Swin-T-P4-W7","veRSA","1",0.673627322218766,65
"swin_tiny_patch4_window7_224_classification","Swin-T-P4-W7","veRSA","2",0.692019382166257,101
"swin_tiny_patch4_window7_224_classification","Swin-T-P4-W7","veRSA","2",0.692019382166257,33
"swin_tiny_patch4_window7_224_classification","Swin-T-P4-W7","veRSA","2",0.692019382166257,65
"swin_tiny_patch4_window7_224_classification","Swin-T-P4-W7","veRSA","5",0.731811765947344,101
"swin_tiny_patch4_window7_224_classification","Swin-T-P4-W7","veRSA","5",0.731811765947344,33
"swin_tiny_patch4_window7_224_classification","Swin-T-P4-W7","veRSA","5",0.731811765947344,65
"swin_tiny_patch4_window7_224_classification","Swin-T-P4-W7","veRSA","7",0.615707386308152,101
"swin_tiny_patch4_window7_224_classification","Swin-T-P4-W7","veRSA","7",0.615707386308152,33
"swin_tiny_patch4_window7_224_classification","Swin-T-P4-W7","veRSA","7",0.615707386308152,65
"swin_tiny_patch4_window7_224_random","Swin-T-P4-W7","veRSA","5",0.123069571874997,159
"swin_tiny_patch4_window7_224_random","Swin-T-P4-W7","veRSA","5",0.123069571874997,192
"swin_tiny_patch4_window7_224_random","Swin-T-P4-W7","veRSA","5",0.123069571874997,189
"swin_tiny_patch4_window7_224_random","Swin-T-P4-W7","veRSA","7",0.116143550206362,159
"swin_tiny_patch4_window7_224_random","Swin-T-P4-W7","veRSA","7",0.116143550206362,192
"swin_tiny_patch4_window7_224_random","Swin-T-P4-W7","veRSA","7",0.116143550206362,189
"swin_tiny_patch4_window7_224_random","Swin-T-P4-W7","veRSA","1",0.0974004229298393,159
"swin_tiny_patch4_window7_224_random","Swin-T-P4-W7","veRSA","1",0.0974004229298393,192
"swin_tiny_patch4_window7_224_random","Swin-T-P4-W7","veRSA","1",0.0974004229298393,189
"swin_tiny_patch4_window7_224_random","Swin-T-P4-W7","veRSA","2",0.105253318512516,159
"swin_tiny_patch4_window7_224_random","Swin-T-P4-W7","veRSA","2",0.105253318512516,192
"swin_tiny_patch4_window7_224_random","Swin-T-P4-W7","veRSA","2",0.105253318512516,189
"tnt_s_patch16_224_classification","TnT-P16-224","veRSA","7",0.597628732855056,121
"tnt_s_patch16_224_classification","TnT-P16-224","veRSA","7",0.597628732855056,92
"tnt_s_patch16_224_classification","TnT-P16-224","veRSA","7",0.597628732855056,103
"tnt_s_patch16_224_classification","TnT-P16-224","veRSA","5",0.69640315910451,121
"tnt_s_patch16_224_classification","TnT-P16-224","veRSA","5",0.69640315910451,92
"tnt_s_patch16_224_classification","TnT-P16-224","veRSA","5",0.69640315910451,103
"tnt_s_patch16_224_classification","TnT-P16-224","veRSA","1",0.667452637319726,121
"tnt_s_patch16_224_classification","TnT-P16-224","veRSA","1",0.667452637319726,92
"tnt_s_patch16_224_classification","TnT-P16-224","veRSA","1",0.667452637319726,103
"tnt_s_patch16_224_classification","TnT-P16-224","veRSA","2",0.668065556651534,121
"tnt_s_patch16_224_classification","TnT-P16-224","veRSA","2",0.668065556651534,92
"tnt_s_patch16_224_classification","TnT-P16-224","veRSA","2",0.668065556651534,103
"tnt_s_patch16_224_random","TnT-P16-224","veRSA","2",0.0742522572738797,160
"tnt_s_patch16_224_random","TnT-P16-224","veRSA","2",0.0742522572738797,202
"tnt_s_patch16_224_random","TnT-P16-224","veRSA","2",0.0742522572738797,216
"tnt_s_patch16_224_random","TnT-P16-224","veRSA","5",0.10171104566964,160
"tnt_s_patch16_224_random","TnT-P16-224","veRSA","5",0.10171104566964,202
"tnt_s_patch16_224_random","TnT-P16-224","veRSA","5",0.10171104566964,216
"tnt_s_patch16_224_random","TnT-P16-224","veRSA","7",0.0811311668985557,160
"tnt_s_patch16_224_random","TnT-P16-224","veRSA","7",0.0811311668985557,202
"tnt_s_patch16_224_random","TnT-P16-224","veRSA","7",0.0811311668985557,216
"tnt_s_patch16_224_random","TnT-P16-224","veRSA","1",0.100239614406387,160
"tnt_s_patch16_224_random","TnT-P16-224","veRSA","1",0.100239614406387,202
"tnt_s_patch16_224_random","TnT-P16-224","veRSA","1",0.100239614406387,216
"vanishing_point_taskonomy","Vanishing Point","veRSA","1",0.140210638900475,152
"vanishing_point_taskonomy","Vanishing Point","veRSA","1",0.140210638900475,161
"vanishing_point_taskonomy","Vanishing Point","veRSA","1",0.140210638900475,153
"vanishing_point_taskonomy","Vanishing Point","veRSA","5",0.186073575517973,152
"vanishing_point_taskonomy","Vanishing Point","veRSA","5",0.186073575517973,161
"vanishing_point_taskonomy","Vanishing Point","veRSA","5",0.186073575517973,153
"vanishing_point_taskonomy","Vanishing Point","veRSA","2",0.227414849618791,152
"vanishing_point_taskonomy","Vanishing Point","veRSA","2",0.227414849618791,161
"vanishing_point_taskonomy","Vanishing Point","veRSA","2",0.227414849618791,153
"vanishing_point_taskonomy","Vanishing Point","veRSA","7",0.180839060581879,152
"vanishing_point_taskonomy","Vanishing Point","veRSA","7",0.180839060581879,161
"vanishing_point_taskonomy","Vanishing Point","veRSA","7",0.180839060581879,153
"vgg16_classification","VGG16","veRSA","1",0.661856541985281,71
"vgg16_classification","VGG16","veRSA","1",0.661856541985281,112
"vgg16_classification","VGG16","veRSA","1",0.661856541985281,89
"vgg16_classification","VGG16","veRSA","2",0.677331570032253,71
"vgg16_classification","VGG16","veRSA","2",0.677331570032253,112
"vgg16_classification","VGG16","veRSA","2",0.677331570032253,89
"vgg16_classification","VGG16","veRSA","5",0.73509400351371,71
"vgg16_classification","VGG16","veRSA","5",0.73509400351371,112
"vgg16_classification","VGG16","veRSA","5",0.73509400351371,89
"vgg16_classification","VGG16","veRSA","7",0.596152996524278,71
"vgg16_classification","VGG16","veRSA","7",0.596152996524278,112
"vgg16_classification","VGG16","veRSA","7",0.596152996524278,89
"vgg16_random","VGG16","veRSA","1",0.124389969286036,207
"vgg16_random","VGG16","veRSA","1",0.124389969286036,170
"vgg16_random","VGG16","veRSA","1",0.124389969286036,171
"vgg16_random","VGG16","veRSA","2",0.133078303023473,207
"vgg16_random","VGG16","veRSA","2",0.133078303023473,170
"vgg16_random","VGG16","veRSA","2",0.133078303023473,171
"vgg16_random","VGG16","veRSA","7",0.109555291865935,207
"vgg16_random","VGG16","veRSA","7",0.109555291865935,170
"vgg16_random","VGG16","veRSA","7",0.109555291865935,171
"vgg16_random","VGG16","veRSA","5",0.12208909765334,207
"vgg16_random","VGG16","veRSA","5",0.12208909765334,170
"vgg16_random","VGG16","veRSA","5",0.12208909765334,171
"visformer_small_classification","Visformer","veRSA","2",0.682466721758434,79
"visformer_small_classification","Visformer","veRSA","2",0.682466721758434,87
"visformer_small_classification","Visformer","veRSA","2",0.682466721758434,100
"visformer_small_classification","Visformer","veRSA","5",0.704785323564826,79
"visformer_small_classification","Visformer","veRSA","5",0.704785323564826,87
"visformer_small_classification","Visformer","veRSA","5",0.704785323564826,100
"visformer_small_classification","Visformer","veRSA","1",0.660461625857058,79
"visformer_small_classification","Visformer","veRSA","1",0.660461625857058,87
"visformer_small_classification","Visformer","veRSA","1",0.660461625857058,100
"visformer_small_classification","Visformer","veRSA","7",0.596360279830771,79
"visformer_small_classification","Visformer","veRSA","7",0.596360279830771,87
"visformer_small_classification","Visformer","veRSA","7",0.596360279830771,100
"visformer_small_random","Visformer","veRSA","2",0.0975849621930326,191
"visformer_small_random","Visformer","veRSA","2",0.0975849621930326,172
"visformer_small_random","Visformer","veRSA","2",0.0975849621930326,169
"visformer_small_random","Visformer","veRSA","5",0.138835843081622,191
"visformer_small_random","Visformer","veRSA","5",0.138835843081622,172
"visformer_small_random","Visformer","veRSA","5",0.138835843081622,169
"visformer_small_random","Visformer","veRSA","1",0.126657142098268,191
"visformer_small_random","Visformer","veRSA","1",0.126657142098268,172
"visformer_small_random","Visformer","veRSA","1",0.126657142098268,169
"visformer_small_random","Visformer","veRSA","7",0.128947090713856,191
"visformer_small_random","Visformer","veRSA","7",0.128947090713856,172
"visformer_small_random","Visformer","veRSA","7",0.128947090713856,169
"vit_base_patch16_224_classification","ViT-B-P16","veRSA","1",0.648957539309757,99
"vit_base_patch16_224_classification","ViT-B-P16","veRSA","1",0.648957539309757,107
"vit_base_patch16_224_classification","ViT-B-P16","veRSA","1",0.648957539309757,104
"vit_base_patch16_224_classification","ViT-B-P16","veRSA","2",0.676306558004681,99
"vit_base_patch16_224_classification","ViT-B-P16","veRSA","2",0.676306558004681,107
"vit_base_patch16_224_classification","ViT-B-P16","veRSA","2",0.676306558004681,104
"vit_base_patch16_224_classification","ViT-B-P16","veRSA","5",0.711730733140684,99
"vit_base_patch16_224_classification","ViT-B-P16","veRSA","5",0.711730733140684,107
"vit_base_patch16_224_classification","ViT-B-P16","veRSA","5",0.711730733140684,104
"vit_base_patch16_224_classification","ViT-B-P16","veRSA","7",0.591656756686342,99
"vit_base_patch16_224_classification","ViT-B-P16","veRSA","7",0.591656756686342,107
"vit_base_patch16_224_classification","ViT-B-P16","veRSA","7",0.591656756686342,104
"vit_base_patch16_224_in21k_classification","ViT-B-P16-IN21K","veRSA","5",0.739186983839414,104
"vit_base_patch16_224_in21k_classification","ViT-B-P16-IN21K","veRSA","5",0.739186983839414,113
"vit_base_patch16_224_in21k_classification","ViT-B-P16-IN21K","veRSA","5",0.739186983839414,66
"vit_base_patch16_224_in21k_classification","ViT-B-P16-IN21K","veRSA","1",0.667092950393309,104
"vit_base_patch16_224_in21k_classification","ViT-B-P16-IN21K","veRSA","1",0.667092950393309,113
"vit_base_patch16_224_in21k_classification","ViT-B-P16-IN21K","veRSA","1",0.667092950393309,66
"vit_base_patch16_224_in21k_classification","ViT-B-P16-IN21K","veRSA","2",0.69026952761604,104
"vit_base_patch16_224_in21k_classification","ViT-B-P16-IN21K","veRSA","2",0.69026952761604,113
"vit_base_patch16_224_in21k_classification","ViT-B-P16-IN21K","veRSA","2",0.69026952761604,66
"vit_base_patch16_224_in21k_classification","ViT-B-P16-IN21K","veRSA","7",0.612897762175447,104
"vit_base_patch16_224_in21k_classification","ViT-B-P16-IN21K","veRSA","7",0.612897762175447,113
"vit_base_patch16_224_in21k_classification","ViT-B-P16-IN21K","veRSA","7",0.612897762175447,66
"vit_base_patch16_224_random","ViT-B-P16","veRSA","7",0.103173070770146,198
"vit_base_patch16_224_random","ViT-B-P16","veRSA","7",0.103173070770146,183
"vit_base_patch16_224_random","ViT-B-P16","veRSA","2",0.103473712409547,198
"vit_base_patch16_224_random","ViT-B-P16","veRSA","2",0.103473712409547,183
"vit_base_patch16_224_random","ViT-B-P16","veRSA","5",0.137261348839783,198
"vit_base_patch16_224_random","ViT-B-P16","veRSA","5",0.137261348839783,183
"vit_base_patch16_224_random","ViT-B-P16","veRSA","1",0.108810094722122,198
"vit_base_patch16_224_random","ViT-B-P16","veRSA","1",0.108810094722122,183
"vit_base_patch32_224_classification","ViT-B-P32","veRSA","1",0.657800035578983,18
"vit_base_patch32_224_classification","ViT-B-P32","veRSA","1",0.657800035578983,106
"vit_base_patch32_224_classification","ViT-B-P32","veRSA","1",0.657800035578983,101
"vit_base_patch32_224_classification","ViT-B-P32","veRSA","2",0.667248783979827,18
"vit_base_patch32_224_classification","ViT-B-P32","veRSA","2",0.667248783979827,106
"vit_base_patch32_224_classification","ViT-B-P32","veRSA","2",0.667248783979827,101
"vit_base_patch32_224_classification","ViT-B-P32","veRSA","7",0.601762693694807,18
"vit_base_patch32_224_classification","ViT-B-P32","veRSA","7",0.601762693694807,106
"vit_base_patch32_224_classification","ViT-B-P32","veRSA","7",0.601762693694807,101
"vit_base_patch32_224_classification","ViT-B-P32","veRSA","5",0.716112009693417,18
"vit_base_patch32_224_classification","ViT-B-P32","veRSA","5",0.716112009693417,106
"vit_base_patch32_224_classification","ViT-B-P32","veRSA","5",0.716112009693417,101
"vit_base_patch32_224_in21k_classification","ViT-B-P32-IN21K","veRSA","1",0.63313461394847,30
"vit_base_patch32_224_in21k_classification","ViT-B-P32-IN21K","veRSA","1",0.63313461394847,94
"vit_base_patch32_224_in21k_classification","ViT-B-P32-IN21K","veRSA","1",0.63313461394847,109
"vit_base_patch32_224_in21k_classification","ViT-B-P32-IN21K","veRSA","2",0.650378358674639,30
"vit_base_patch32_224_in21k_classification","ViT-B-P32-IN21K","veRSA","2",0.650378358674639,94
"vit_base_patch32_224_in21k_classification","ViT-B-P32-IN21K","veRSA","2",0.650378358674639,109
"vit_base_patch32_224_in21k_classification","ViT-B-P32-IN21K","veRSA","7",0.596033549608103,30
"vit_base_patch32_224_in21k_classification","ViT-B-P32-IN21K","veRSA","7",0.596033549608103,94
"vit_base_patch32_224_in21k_classification","ViT-B-P32-IN21K","veRSA","7",0.596033549608103,109
"vit_base_patch32_224_in21k_classification","ViT-B-P32-IN21K","veRSA","5",0.72783500605514,30
"vit_base_patch32_224_in21k_classification","ViT-B-P32-IN21K","veRSA","5",0.72783500605514,94
"vit_base_patch32_224_in21k_classification","ViT-B-P32-IN21K","veRSA","5",0.72783500605514,109
"vit_base_patch32_224_random","ViT-B-P32","veRSA","1",0.111342954323252,195
"vit_base_patch32_224_random","ViT-B-P32","veRSA","1",0.111342954323252,181
"vit_base_patch32_224_random","ViT-B-P32","veRSA","1",0.111342954323252,176
"vit_base_patch32_224_random","ViT-B-P32","veRSA","2",0.10840783614918,195
"vit_base_patch32_224_random","ViT-B-P32","veRSA","2",0.10840783614918,181
"vit_base_patch32_224_random","ViT-B-P32","veRSA","2",0.10840783614918,176
"vit_base_patch32_224_random","ViT-B-P32","veRSA","5",0.138878858965675,195
"vit_base_patch32_224_random","ViT-B-P32","veRSA","5",0.138878858965675,181
"vit_base_patch32_224_random","ViT-B-P32","veRSA","5",0.138878858965675,176
"vit_base_patch32_224_random","ViT-B-P32","veRSA","7",0.106668692032369,195
"vit_base_patch32_224_random","ViT-B-P32","veRSA","7",0.106668692032369,181
"vit_base_patch32_224_random","ViT-B-P32","veRSA","7",0.106668692032369,176
"vit_base_r50_s16_224_in21k_classification","ViT-B-R50-S16-IN21K","veRSA","1",0.653844121115689,78
"vit_base_r50_s16_224_in21k_classification","ViT-B-R50-S16-IN21K","veRSA","1",0.653844121115689,61
"vit_base_r50_s16_224_in21k_classification","ViT-B-R50-S16-IN21K","veRSA","1",0.653844121115689,93
"vit_base_r50_s16_224_in21k_classification","ViT-B-R50-S16-IN21K","veRSA","5",0.715595636748218,78
"vit_base_r50_s16_224_in21k_classification","ViT-B-R50-S16-IN21K","veRSA","5",0.715595636748218,61
"vit_base_r50_s16_224_in21k_classification","ViT-B-R50-S16-IN21K","veRSA","5",0.715595636748218,93
"vit_base_r50_s16_224_in21k_classification","ViT-B-R50-S16-IN21K","veRSA","2",0.670772038088097,78
"vit_base_r50_s16_224_in21k_classification","ViT-B-R50-S16-IN21K","veRSA","2",0.670772038088097,61
"vit_base_r50_s16_224_in21k_classification","ViT-B-R50-S16-IN21K","veRSA","2",0.670772038088097,93
"vit_base_r50_s16_224_in21k_classification","ViT-B-R50-S16-IN21K","veRSA","7",0.615671622216052,78
"vit_base_r50_s16_224_in21k_classification","ViT-B-R50-S16-IN21K","veRSA","7",0.615671622216052,61
"vit_base_r50_s16_224_in21k_classification","ViT-B-R50-S16-IN21K","veRSA","7",0.615671622216052,93
"vit_large_patch16_224_classification","ViT-L-P16","veRSA","1",0.647759005122807,96
"vit_large_patch16_224_classification","ViT-L-P16","veRSA","1",0.647759005122807,81
"vit_large_patch16_224_classification","ViT-L-P16","veRSA","1",0.647759005122807,111
"vit_large_patch16_224_classification","ViT-L-P16","veRSA","2",0.655545853907553,96
"vit_large_patch16_224_classification","ViT-L-P16","veRSA","2",0.655545853907553,81
"vit_large_patch16_224_classification","ViT-L-P16","veRSA","2",0.655545853907553,111
"vit_large_patch16_224_classification","ViT-L-P16","veRSA","5",0.69540571525499,96
"vit_large_patch16_224_classification","ViT-L-P16","veRSA","5",0.69540571525499,81
"vit_large_patch16_224_classification","ViT-L-P16","veRSA","5",0.69540571525499,111
"vit_large_patch16_224_classification","ViT-L-P16","veRSA","7",0.591773610165468,96
"vit_large_patch16_224_classification","ViT-L-P16","veRSA","7",0.591773610165468,81
"vit_large_patch16_224_classification","ViT-L-P16","veRSA","7",0.591773610165468,111
"vit_large_patch16_224_in21k_classification","ViT-L-P16-IN21K","veRSA","2",0.651852871977653,107
"vit_large_patch16_224_in21k_classification","ViT-L-P16-IN21K","veRSA","2",0.651852871977653,91
"vit_large_patch16_224_in21k_classification","ViT-L-P16-IN21K","veRSA","2",0.651852871977653,95
"vit_large_patch16_224_in21k_classification","ViT-L-P16-IN21K","veRSA","7",0.59669202980274,107
"vit_large_patch16_224_in21k_classification","ViT-L-P16-IN21K","veRSA","7",0.59669202980274,91
"vit_large_patch16_224_in21k_classification","ViT-L-P16-IN21K","veRSA","7",0.59669202980274,95
"vit_large_patch16_224_in21k_classification","ViT-L-P16-IN21K","veRSA","5",0.738211629375223,107
"vit_large_patch16_224_in21k_classification","ViT-L-P16-IN21K","veRSA","5",0.738211629375223,91
"vit_large_patch16_224_in21k_classification","ViT-L-P16-IN21K","veRSA","5",0.738211629375223,95
"vit_large_patch16_224_in21k_classification","ViT-L-P16-IN21K","veRSA","1",0.66577668759132,107
"vit_large_patch16_224_in21k_classification","ViT-L-P16-IN21K","veRSA","1",0.66577668759132,91
"vit_large_patch16_224_in21k_classification","ViT-L-P16-IN21K","veRSA","1",0.66577668759132,95
"vit_large_patch16_224_random","ViT-L-P16","veRSA","1",0.117775784719124,197
"vit_large_patch16_224_random","ViT-L-P16","veRSA","1",0.117775784719124,173
"vit_large_patch16_224_random","ViT-L-P16","veRSA","1",0.117775784719124,170
"vit_large_patch16_224_random","ViT-L-P16","veRSA","5",0.141813907213098,197
"vit_large_patch16_224_random","ViT-L-P16","veRSA","5",0.141813907213098,173
"vit_large_patch16_224_random","ViT-L-P16","veRSA","5",0.141813907213098,170
"vit_large_patch16_224_random","ViT-L-P16","veRSA","2",0.104375010881901,197
"vit_large_patch16_224_random","ViT-L-P16","veRSA","2",0.104375010881901,173
"vit_large_patch16_224_random","ViT-L-P16","veRSA","2",0.104375010881901,170
"vit_large_patch16_224_random","ViT-L-P16","veRSA","7",0.126197003795832,197
"vit_large_patch16_224_random","ViT-L-P16","veRSA","7",0.126197003795832,173
"vit_large_patch16_224_random","ViT-L-P16","veRSA","7",0.126197003795832,170
"vit_small_patch16_224_classification","ViT-S-P16","veRSA","1",0.630399841347811,105
"vit_small_patch16_224_classification","ViT-S-P16","veRSA","1",0.630399841347811,102
"vit_small_patch16_224_classification","ViT-S-P16","veRSA","1",0.630399841347811,112
"vit_small_patch16_224_classification","ViT-S-P16","veRSA","7",0.582242142794471,105
"vit_small_patch16_224_classification","ViT-S-P16","veRSA","7",0.582242142794471,102
"vit_small_patch16_224_classification","ViT-S-P16","veRSA","7",0.582242142794471,112
"vit_small_patch16_224_classification","ViT-S-P16","veRSA","2",0.659211705716109,105
"vit_small_patch16_224_classification","ViT-S-P16","veRSA","2",0.659211705716109,102
"vit_small_patch16_224_classification","ViT-S-P16","veRSA","2",0.659211705716109,112
"vit_small_patch16_224_classification","ViT-S-P16","veRSA","5",0.717330963340744,105
"vit_small_patch16_224_classification","ViT-S-P16","veRSA","5",0.717330963340744,102
"vit_small_patch16_224_classification","ViT-S-P16","veRSA","5",0.717330963340744,112
"vit_small_patch16_224_in21k_classification","ViT-S-P16-IN21K","veRSA","7",0.577784439149554,98
"vit_small_patch16_224_in21k_classification","ViT-S-P16-IN21K","veRSA","7",0.577784439149554,119
"vit_small_patch16_224_in21k_classification","ViT-S-P16-IN21K","veRSA","7",0.577784439149554,113
"vit_small_patch16_224_in21k_classification","ViT-S-P16-IN21K","veRSA","1",0.620426520666293,98
"vit_small_patch16_224_in21k_classification","ViT-S-P16-IN21K","veRSA","1",0.620426520666293,119
"vit_small_patch16_224_in21k_classification","ViT-S-P16-IN21K","veRSA","1",0.620426520666293,113
"vit_small_patch16_224_in21k_classification","ViT-S-P16-IN21K","veRSA","2",0.666759329068025,98
"vit_small_patch16_224_in21k_classification","ViT-S-P16-IN21K","veRSA","2",0.666759329068025,119
"vit_small_patch16_224_in21k_classification","ViT-S-P16-IN21K","veRSA","2",0.666759329068025,113
"vit_small_patch16_224_in21k_classification","ViT-S-P16-IN21K","veRSA","5",0.71561096051212,98
"vit_small_patch16_224_in21k_classification","ViT-S-P16-IN21K","veRSA","5",0.71561096051212,119
"vit_small_patch16_224_in21k_classification","ViT-S-P16-IN21K","veRSA","5",0.71561096051212,113
"vit_small_patch16_224_random","ViT-S-P16","veRSA","1",0.103013124454769,168
"vit_small_patch16_224_random","ViT-S-P16","veRSA","1",0.103013124454769,190
"vit_small_patch16_224_random","ViT-S-P16","veRSA","1",0.103013124454769,194
"vit_small_patch16_224_random","ViT-S-P16","veRSA","2",0.0954189867633506,168
"vit_small_patch16_224_random","ViT-S-P16","veRSA","2",0.0954189867633506,190
"vit_small_patch16_224_random","ViT-S-P16","veRSA","2",0.0954189867633506,194
"vit_small_patch16_224_random","ViT-S-P16","veRSA","5",0.124295656738882,168
"vit_small_patch16_224_random","ViT-S-P16","veRSA","5",0.124295656738882,190
"vit_small_patch16_224_random","ViT-S-P16","veRSA","5",0.124295656738882,194
"vit_small_patch16_224_random","ViT-S-P16","veRSA","7",0.101726296662017,168
"vit_small_patch16_224_random","ViT-S-P16","veRSA","7",0.101726296662017,190
"vit_small_patch16_224_random","ViT-S-P16","veRSA","7",0.101726296662017,194
"vit_small_patch32_224_classification","ViT-S-P32","veRSA","7",0.589933940176613,114
"vit_small_patch32_224_classification","ViT-S-P32","veRSA","7",0.589933940176613,121
"vit_small_patch32_224_classification","ViT-S-P32","veRSA","7",0.589933940176613,118
"vit_small_patch32_224_classification","ViT-S-P32","veRSA","1",0.638609901108281,114
"vit_small_patch32_224_classification","ViT-S-P32","veRSA","1",0.638609901108281,121
"vit_small_patch32_224_classification","ViT-S-P32","veRSA","1",0.638609901108281,118
"vit_small_patch32_224_classification","ViT-S-P32","veRSA","2",0.650489707913569,114
"vit_small_patch32_224_classification","ViT-S-P32","veRSA","2",0.650489707913569,121
"vit_small_patch32_224_classification","ViT-S-P32","veRSA","2",0.650489707913569,118
"vit_small_patch32_224_classification","ViT-S-P32","veRSA","5",0.674445943818276,114
"vit_small_patch32_224_classification","ViT-S-P32","veRSA","5",0.674445943818276,121
"vit_small_patch32_224_classification","ViT-S-P32","veRSA","5",0.674445943818276,118
"vit_small_patch32_224_in21k_classification","ViT-S-P32-IN21K","veRSA","1",0.656337198333382,116
"vit_small_patch32_224_in21k_classification","ViT-S-P32-IN21K","veRSA","1",0.656337198333382,123
"vit_small_patch32_224_in21k_classification","ViT-S-P32-IN21K","veRSA","1",0.656337198333382,107
"vit_small_patch32_224_in21k_classification","ViT-S-P32-IN21K","veRSA","7",0.598972692525294,116
"vit_small_patch32_224_in21k_classification","ViT-S-P32-IN21K","veRSA","7",0.598972692525294,123
"vit_small_patch32_224_in21k_classification","ViT-S-P32-IN21K","veRSA","7",0.598972692525294,107
"vit_small_patch32_224_in21k_classification","ViT-S-P32-IN21K","veRSA","2",0.64860981137516,116
"vit_small_patch32_224_in21k_classification","ViT-S-P32-IN21K","veRSA","2",0.64860981137516,123
"vit_small_patch32_224_in21k_classification","ViT-S-P32-IN21K","veRSA","2",0.64860981137516,107
"vit_small_patch32_224_in21k_classification","ViT-S-P32-IN21K","veRSA","5",0.711403838349008,116
"vit_small_patch32_224_in21k_classification","ViT-S-P32-IN21K","veRSA","5",0.711403838349008,123
"vit_small_patch32_224_in21k_classification","ViT-S-P32-IN21K","veRSA","5",0.711403838349008,107
"vit_small_patch32_224_random","ViT-S-P32","veRSA","1",0.107701138506132,171
"vit_small_patch32_224_random","ViT-S-P32","veRSA","1",0.107701138506132,203
"vit_small_patch32_224_random","ViT-S-P32","veRSA","1",0.107701138506132,195
"vit_small_patch32_224_random","ViT-S-P32","veRSA","5",0.123583756511686,171
"vit_small_patch32_224_random","ViT-S-P32","veRSA","5",0.123583756511686,203
"vit_small_patch32_224_random","ViT-S-P32","veRSA","5",0.123583756511686,195
"vit_small_patch32_224_random","ViT-S-P32","veRSA","2",0.0962540891461848,171
"vit_small_patch32_224_random","ViT-S-P32","veRSA","2",0.0962540891461848,203
"vit_small_patch32_224_random","ViT-S-P32","veRSA","2",0.0962540891461848,195
"vit_small_patch32_224_random","ViT-S-P32","veRSA","7",0.0961807932594468,171
"vit_small_patch32_224_random","ViT-S-P32","veRSA","7",0.0961807932594468,203
"vit_small_patch32_224_random","ViT-S-P32","veRSA","7",0.0961807932594468,195
"vit_tiny_patch16_224_classification","ViT-T-P16","veRSA","7",0.524336484845133,113
"vit_tiny_patch16_224_classification","ViT-T-P16","veRSA","7",0.524336484845133,128
"vit_tiny_patch16_224_classification","ViT-T-P16","veRSA","1",0.58069277329394,113
"vit_tiny_patch16_224_classification","ViT-T-P16","veRSA","1",0.58069277329394,128
"vit_tiny_patch16_224_classification","ViT-T-P16","veRSA","2",0.602735943811875,113
"vit_tiny_patch16_224_classification","ViT-T-P16","veRSA","2",0.602735943811875,128
"vit_tiny_patch16_224_classification","ViT-T-P16","veRSA","5",0.651758392355639,113
"vit_tiny_patch16_224_classification","ViT-T-P16","veRSA","5",0.651758392355639,128
"vit_tiny_patch16_224_random","ViT-T-P16","veRSA","5",0.119218533629213,181
"vit_tiny_patch16_224_random","ViT-T-P16","veRSA","5",0.119218533629213,216
"vit_tiny_patch16_224_random","ViT-T-P16","veRSA","5",0.119218533629213,207
"vit_tiny_patch16_224_random","ViT-T-P16","veRSA","7",0.0840602032240185,181
"vit_tiny_patch16_224_random","ViT-T-P16","veRSA","7",0.0840602032240185,216
"vit_tiny_patch16_224_random","ViT-T-P16","veRSA","7",0.0840602032240185,207
"vit_tiny_patch16_224_random","ViT-T-P16","veRSA","1",0.0979977269370667,181
"vit_tiny_patch16_224_random","ViT-T-P16","veRSA","1",0.0979977269370667,216
"vit_tiny_patch16_224_random","ViT-T-P16","veRSA","1",0.0979977269370667,207
"vit_tiny_patch16_224_random","ViT-T-P16","veRSA","2",0.0857135433246597,181
"vit_tiny_patch16_224_random","ViT-T-P16","veRSA","2",0.0857135433246597,216
"vit_tiny_patch16_224_random","ViT-T-P16","veRSA","2",0.0857135433246597,207
"ViT-B/16_clip","CLiP-ViT-B/32","veRSA","1",0.696128194115789,55
"ViT-B/16_clip","CLiP-ViT-B/32","veRSA","1",0.696128194115789,66
"ViT-B/16_clip","CLiP-ViT-B/32","veRSA","1",0.696128194115789,6
"ViT-B/16_clip","CLiP-ViT-B/32","veRSA","2",0.720281290134638,55
"ViT-B/16_clip","CLiP-ViT-B/32","veRSA","2",0.720281290134638,66
"ViT-B/16_clip","CLiP-ViT-B/32","veRSA","2",0.720281290134638,6
"ViT-B/16_clip","CLiP-ViT-B/32","veRSA","5",0.785945349932678,55
"ViT-B/16_clip","CLiP-ViT-B/32","veRSA","5",0.785945349932678,66
"ViT-B/16_clip","CLiP-ViT-B/32","veRSA","5",0.785945349932678,6
"ViT-B/16_clip","CLiP-ViT-B/32","veRSA","7",0.631559355842863,55
"ViT-B/16_clip","CLiP-ViT-B/32","veRSA","7",0.631559355842863,66
"ViT-B/16_clip","CLiP-ViT-B/32","veRSA","7",0.631559355842863,6
"ViT-B/32_clip","CLiP-ViT-B/32","veRSA","1",0.70161470084994,61
"ViT-B/32_clip","CLiP-ViT-B/32","veRSA","1",0.70161470084994,27
"ViT-B/32_clip","CLiP-ViT-B/32","veRSA","1",0.70161470084994,5
"ViT-B/32_clip","CLiP-ViT-B/32","veRSA","2",0.718200343383407,61
"ViT-B/32_clip","CLiP-ViT-B/32","veRSA","2",0.718200343383407,27
"ViT-B/32_clip","CLiP-ViT-B/32","veRSA","2",0.718200343383407,5
"ViT-B/32_clip","CLiP-ViT-B/32","veRSA","5",0.781524662170084,61
"ViT-B/32_clip","CLiP-ViT-B/32","veRSA","5",0.781524662170084,27
"ViT-B/32_clip","CLiP-ViT-B/32","veRSA","5",0.781524662170084,5
"ViT-B/32_clip","CLiP-ViT-B/32","veRSA","7",0.635139136696985,61
"ViT-B/32_clip","CLiP-ViT-B/32","veRSA","7",0.635139136696985,27
"ViT-B/32_clip","CLiP-ViT-B/32","veRSA","7",0.635139136696985,5
"ViT-B-CLIP_slip","ViT-B-CLIP","veRSA","1",0.645504104475299,111
"ViT-B-CLIP_slip","ViT-B-CLIP","veRSA","1",0.645504104475299,103
"ViT-B-CLIP_slip","ViT-B-CLIP","veRSA","1",0.645504104475299,85
"ViT-B-CLIP_slip","ViT-B-CLIP","veRSA","2",0.672744534942229,111
"ViT-B-CLIP_slip","ViT-B-CLIP","veRSA","2",0.672744534942229,103
"ViT-B-CLIP_slip","ViT-B-CLIP","veRSA","2",0.672744534942229,85
"ViT-B-CLIP_slip","ViT-B-CLIP","veRSA","7",0.58983110877051,111
"ViT-B-CLIP_slip","ViT-B-CLIP","veRSA","7",0.58983110877051,103
"ViT-B-CLIP_slip","ViT-B-CLIP","veRSA","7",0.58983110877051,85
"ViT-B-CLIP_slip","ViT-B-CLIP","veRSA","5",0.764016937431494,111
"ViT-B-CLIP_slip","ViT-B-CLIP","veRSA","5",0.764016937431494,103
"ViT-B-CLIP_slip","ViT-B-CLIP","veRSA","5",0.764016937431494,85
"ViT-B-SimCLR_slip","ViT-B-SimCLR","veRSA","1",0.686128564338497,73
"ViT-B-SimCLR_slip","ViT-B-SimCLR","veRSA","1",0.686128564338497,100
"ViT-B-SimCLR_slip","ViT-B-SimCLR","veRSA","1",0.686128564338497,33
"ViT-B-SimCLR_slip","ViT-B-SimCLR","veRSA","2",0.71162446697408,73
"ViT-B-SimCLR_slip","ViT-B-SimCLR","veRSA","2",0.71162446697408,100
"ViT-B-SimCLR_slip","ViT-B-SimCLR","veRSA","2",0.71162446697408,33
"ViT-B-SimCLR_slip","ViT-B-SimCLR","veRSA","5",0.758183183026512,73
"ViT-B-SimCLR_slip","ViT-B-SimCLR","veRSA","5",0.758183183026512,100
"ViT-B-SimCLR_slip","ViT-B-SimCLR","veRSA","5",0.758183183026512,33
"ViT-B-SimCLR_slip","ViT-B-SimCLR","veRSA","7",0.609860796301151,73
"ViT-B-SimCLR_slip","ViT-B-SimCLR","veRSA","7",0.609860796301151,100
"ViT-B-SimCLR_slip","ViT-B-SimCLR","veRSA","7",0.609860796301151,33
"ViT-B-SLIP_slip","ViT-B-SLIP","veRSA","7",0.622760356762406,77
"ViT-B-SLIP_slip","ViT-B-SLIP","veRSA","7",0.622760356762406,105
"ViT-B-SLIP_slip","ViT-B-SLIP","veRSA","7",0.622760356762406,7
"ViT-B-SLIP_slip","ViT-B-SLIP","veRSA","1",0.699926108732438,77
"ViT-B-SLIP_slip","ViT-B-SLIP","veRSA","1",0.699926108732438,105
"ViT-B-SLIP_slip","ViT-B-SLIP","veRSA","1",0.699926108732438,7
"ViT-B-SLIP_slip","ViT-B-SLIP","veRSA","2",0.724942886705659,77
"ViT-B-SLIP_slip","ViT-B-SLIP","veRSA","2",0.724942886705659,105
"ViT-B-SLIP_slip","ViT-B-SLIP","veRSA","2",0.724942886705659,7
"ViT-B-SLIP_slip","ViT-B-SLIP","veRSA","5",0.777960939632818,77
"ViT-B-SLIP_slip","ViT-B-SLIP","veRSA","5",0.777960939632818,105
"ViT-B-SLIP_slip","ViT-B-SLIP","veRSA","5",0.777960939632818,7
"ViT-L/14_clip","CLiP-ViT-L/14","veRSA","1",0.692278460384983,103
"ViT-L/14_clip","CLiP-ViT-L/14","veRSA","1",0.692278460384983,57
"ViT-L/14_clip","CLiP-ViT-L/14","veRSA","1",0.692278460384983,11
"ViT-L/14_clip","CLiP-ViT-L/14","veRSA","2",0.711962318881546,103
"ViT-L/14_clip","CLiP-ViT-L/14","veRSA","2",0.711962318881546,57
"ViT-L/14_clip","CLiP-ViT-L/14","veRSA","2",0.711962318881546,11
"ViT-L/14_clip","CLiP-ViT-L/14","veRSA","7",0.631812811744848,103
"ViT-L/14_clip","CLiP-ViT-L/14","veRSA","7",0.631812811744848,57
"ViT-L/14_clip","CLiP-ViT-L/14","veRSA","7",0.631812811744848,11
"ViT-L/14_clip","CLiP-ViT-L/14","veRSA","5",0.778931554633229,103
"ViT-L/14_clip","CLiP-ViT-L/14","veRSA","5",0.778931554633229,57
"ViT-L/14_clip","CLiP-ViT-L/14","veRSA","5",0.778931554633229,11
"ViT-L-CLIP_slip","ViT-L-CLIP","veRSA","2",0.643326644059055,118
"ViT-L-CLIP_slip","ViT-L-CLIP","veRSA","2",0.643326644059055,127
"ViT-L-CLIP_slip","ViT-L-CLIP","veRSA","2",0.643326644059055,105
"ViT-L-CLIP_slip","ViT-L-CLIP","veRSA","1",0.645958881014529,118
"ViT-L-CLIP_slip","ViT-L-CLIP","veRSA","1",0.645958881014529,127
"ViT-L-CLIP_slip","ViT-L-CLIP","veRSA","1",0.645958881014529,105
"ViT-L-CLIP_slip","ViT-L-CLIP","veRSA","5",0.738880067000373,118
"ViT-L-CLIP_slip","ViT-L-CLIP","veRSA","5",0.738880067000373,127
"ViT-L-CLIP_slip","ViT-L-CLIP","veRSA","5",0.738880067000373,105
"ViT-L-CLIP_slip","ViT-L-CLIP","veRSA","7",0.591845693052596,118
"ViT-L-CLIP_slip","ViT-L-CLIP","veRSA","7",0.591845693052596,127
"ViT-L-CLIP_slip","ViT-L-CLIP","veRSA","7",0.591845693052596,105
"ViT-L-CLIP-CC12M_slip","ViT-L-CLIP-CC12M","veRSA","1",0.628004256441867,119
"ViT-L-CLIP-CC12M_slip","ViT-L-CLIP-CC12M","veRSA","1",0.628004256441867,96
"ViT-L-CLIP-CC12M_slip","ViT-L-CLIP-CC12M","veRSA","1",0.628004256441867,115
"ViT-L-CLIP-CC12M_slip","ViT-L-CLIP-CC12M","veRSA","2",0.637621632449304,119
"ViT-L-CLIP-CC12M_slip","ViT-L-CLIP-CC12M","veRSA","2",0.637621632449304,96
"ViT-L-CLIP-CC12M_slip","ViT-L-CLIP-CC12M","veRSA","2",0.637621632449304,115
"ViT-L-CLIP-CC12M_slip","ViT-L-CLIP-CC12M","veRSA","7",0.584277345374181,119
"ViT-L-CLIP-CC12M_slip","ViT-L-CLIP-CC12M","veRSA","7",0.584277345374181,96
"ViT-L-CLIP-CC12M_slip","ViT-L-CLIP-CC12M","veRSA","7",0.584277345374181,115
"ViT-L-CLIP-CC12M_slip","ViT-L-CLIP-CC12M","veRSA","5",0.711466260882616,119
"ViT-L-CLIP-CC12M_slip","ViT-L-CLIP-CC12M","veRSA","5",0.711466260882616,96
"ViT-L-CLIP-CC12M_slip","ViT-L-CLIP-CC12M","veRSA","5",0.711466260882616,115
"ViT-L-SimCLR_slip","ViT-L-SimCLR","veRSA","1",0.687618893679831,88
"ViT-L-SimCLR_slip","ViT-L-SimCLR","veRSA","1",0.687618893679831,116
"ViT-L-SimCLR_slip","ViT-L-SimCLR","veRSA","1",0.687618893679831,40
"ViT-L-SimCLR_slip","ViT-L-SimCLR","veRSA","2",0.704079799011239,88
"ViT-L-SimCLR_slip","ViT-L-SimCLR","veRSA","2",0.704079799011239,116
"ViT-L-SimCLR_slip","ViT-L-SimCLR","veRSA","2",0.704079799011239,40
"ViT-L-SimCLR_slip","ViT-L-SimCLR","veRSA","5",0.754276888678086,88
"ViT-L-SimCLR_slip","ViT-L-SimCLR","veRSA","5",0.754276888678086,116
"ViT-L-SimCLR_slip","ViT-L-SimCLR","veRSA","5",0.754276888678086,40
"ViT-L-SimCLR_slip","ViT-L-SimCLR","veRSA","7",0.614403547482065,88
"ViT-L-SimCLR_slip","ViT-L-SimCLR","veRSA","7",0.614403547482065,116
"ViT-L-SimCLR_slip","ViT-L-SimCLR","veRSA","7",0.614403547482065,40
"ViT-L-SLIP_slip","ViT-L-SLIP","veRSA","2",0.720657203473417,100
"ViT-L-SLIP_slip","ViT-L-SLIP","veRSA","2",0.720657203473417,97
"ViT-L-SLIP_slip","ViT-L-SLIP","veRSA","2",0.720657203473417,13
"ViT-L-SLIP_slip","ViT-L-SLIP","veRSA","1",0.691436394959998,100
"ViT-L-SLIP_slip","ViT-L-SLIP","veRSA","1",0.691436394959998,97
"ViT-L-SLIP_slip","ViT-L-SLIP","veRSA","1",0.691436394959998,13
"ViT-L-SLIP_slip","ViT-L-SLIP","veRSA","5",0.765739183589551,100
"ViT-L-SLIP_slip","ViT-L-SLIP","veRSA","5",0.765739183589551,97
"ViT-L-SLIP_slip","ViT-L-SLIP","veRSA","5",0.765739183589551,13
"ViT-L-SLIP_slip","ViT-L-SLIP","veRSA","7",0.628137174668724,100
"ViT-L-SLIP_slip","ViT-L-SLIP","veRSA","7",0.628137174668724,97
"ViT-L-SLIP_slip","ViT-L-SLIP","veRSA","7",0.628137174668724,13
"ViT-L-SLIP-CC12M_slip","ViT-L-SLIP-CC12M","veRSA","1",0.691620763283439,115
"ViT-L-SLIP-CC12M_slip","ViT-L-SLIP-CC12M","veRSA","1",0.691620763283439,111
"ViT-L-SLIP-CC12M_slip","ViT-L-SLIP-CC12M","veRSA","1",0.691620763283439,25
"ViT-L-SLIP-CC12M_slip","ViT-L-SLIP-CC12M","veRSA","2",0.707634467913819,115
"ViT-L-SLIP-CC12M_slip","ViT-L-SLIP-CC12M","veRSA","2",0.707634467913819,111
"ViT-L-SLIP-CC12M_slip","ViT-L-SLIP-CC12M","veRSA","2",0.707634467913819,25
"ViT-L-SLIP-CC12M_slip","ViT-L-SLIP-CC12M","veRSA","5",0.771894152462363,115
"ViT-L-SLIP-CC12M_slip","ViT-L-SLIP-CC12M","veRSA","5",0.771894152462363,111
"ViT-L-SLIP-CC12M_slip","ViT-L-SLIP-CC12M","veRSA","5",0.771894152462363,25
"ViT-L-SLIP-CC12M_slip","ViT-L-SLIP-CC12M","veRSA","7",0.61344482975784,115
"ViT-L-SLIP-CC12M_slip","ViT-L-SLIP-CC12M","veRSA","7",0.61344482975784,111
"ViT-L-SLIP-CC12M_slip","ViT-L-SLIP-CC12M","veRSA","7",0.61344482975784,25
"ViT-S-CLIP_slip","ViT-S-CLIP","veRSA","7",0.594828280701983,112
"ViT-S-CLIP_slip","ViT-S-CLIP","veRSA","7",0.594828280701983,117
"ViT-S-CLIP_slip","ViT-S-CLIP","veRSA","7",0.594828280701983,83
"ViT-S-CLIP_slip","ViT-S-CLIP","veRSA","1",0.660243645125881,112
"ViT-S-CLIP_slip","ViT-S-CLIP","veRSA","1",0.660243645125881,117
"ViT-S-CLIP_slip","ViT-S-CLIP","veRSA","1",0.660243645125881,83
"ViT-S-CLIP_slip","ViT-S-CLIP","veRSA","2",0.680727865284525,112
"ViT-S-CLIP_slip","ViT-S-CLIP","veRSA","2",0.680727865284525,117
"ViT-S-CLIP_slip","ViT-S-CLIP","veRSA","2",0.680727865284525,83
"ViT-S-CLIP_slip","ViT-S-CLIP","veRSA","5",0.745028523244596,112
"ViT-S-CLIP_slip","ViT-S-CLIP","veRSA","5",0.745028523244596,117
"ViT-S-CLIP_slip","ViT-S-CLIP","veRSA","5",0.745028523244596,83
"ViT-S-SimCLR_slip","ViT-S-SimCLR","veRSA","1",0.660855444061946,74
"ViT-S-SimCLR_slip","ViT-S-SimCLR","veRSA","1",0.660855444061946,99
"ViT-S-SimCLR_slip","ViT-S-SimCLR","veRSA","1",0.660855444061946,46
"ViT-S-SimCLR_slip","ViT-S-SimCLR","veRSA","2",0.709959264063888,74
"ViT-S-SimCLR_slip","ViT-S-SimCLR","veRSA","2",0.709959264063888,99
"ViT-S-SimCLR_slip","ViT-S-SimCLR","veRSA","2",0.709959264063888,46
"ViT-S-SimCLR_slip","ViT-S-SimCLR","veRSA","5",0.760478450395312,74
"ViT-S-SimCLR_slip","ViT-S-SimCLR","veRSA","5",0.760478450395312,99
"ViT-S-SimCLR_slip","ViT-S-SimCLR","veRSA","5",0.760478450395312,46
"ViT-S-SimCLR_slip","ViT-S-SimCLR","veRSA","7",0.622635001060801,74
"ViT-S-SimCLR_slip","ViT-S-SimCLR","veRSA","7",0.622635001060801,99
"ViT-S-SimCLR_slip","ViT-S-SimCLR","veRSA","7",0.622635001060801,46
"ViT-S-SLIP_slip","ViT-S-SLIP","veRSA","1",0.680169746402812,83
"ViT-S-SLIP_slip","ViT-S-SLIP","veRSA","1",0.680169746402812,89
"ViT-S-SLIP_slip","ViT-S-SLIP","veRSA","1",0.680169746402812,45
"ViT-S-SLIP_slip","ViT-S-SLIP","veRSA","2",0.700215719144854,83
"ViT-S-SLIP_slip","ViT-S-SLIP","veRSA","2",0.700215719144854,89
"ViT-S-SLIP_slip","ViT-S-SLIP","veRSA","2",0.700215719144854,45
"ViT-S-SLIP_slip","ViT-S-SLIP","veRSA","5",0.767863846544474,83
"ViT-S-SLIP_slip","ViT-S-SLIP","veRSA","5",0.767863846544474,89
"ViT-S-SLIP_slip","ViT-S-SLIP","veRSA","5",0.767863846544474,45
"ViT-S-SLIP_slip","ViT-S-SLIP","veRSA","7",0.606396365880113,83
"ViT-S-SLIP_slip","ViT-S-SLIP","veRSA","7",0.606396365880113,89
"ViT-S-SLIP_slip","ViT-S-SLIP","veRSA","7",0.606396365880113,45
"xception_classification","XCeption","veRSA","5",0.707376356994679,82
"xception_classification","XCeption","veRSA","5",0.707376356994679,59
"xception_classification","XCeption","veRSA","5",0.707376356994679,99
"xception_classification","XCeption","veRSA","7",0.604935272338973,82
"xception_classification","XCeption","veRSA","7",0.604935272338973,59
"xception_classification","XCeption","veRSA","7",0.604935272338973,99
"xception_classification","XCeption","veRSA","1",0.659977595425862,82
"xception_classification","XCeption","veRSA","1",0.659977595425862,59
"xception_classification","XCeption","veRSA","1",0.659977595425862,99
"xception_classification","XCeption","veRSA","2",0.673388495084197,82
"xception_classification","XCeption","veRSA","2",0.673388495084197,59
"xception_classification","XCeption","veRSA","2",0.673388495084197,99
"xception_random","XCeption","veRSA","1",0.162266593059593,178
"xception_random","XCeption","veRSA","1",0.162266593059593,159
"xception_random","XCeption","veRSA","1",0.162266593059593,160
"xception_random","XCeption","veRSA","2",0.145581628291915,178
"xception_random","XCeption","veRSA","2",0.145581628291915,159
"xception_random","XCeption","veRSA","2",0.145581628291915,160
"xception_random","XCeption","veRSA","5",0.139172799349754,178
"xception_random","XCeption","veRSA","5",0.139172799349754,159
"xception_random","XCeption","veRSA","5",0.139172799349754,160
"xception_random","XCeption","veRSA","7",0.154893120374751,178
"xception_random","XCeption","veRSA","7",0.154893120374751,159
"xception_random","XCeption","veRSA","7",0.154893120374751,160
"xcit_nano_12_p16_224_classification","XCIT-N-12-P16","veRSA","1",0.661555025502598,17
"xcit_nano_12_p16_224_classification","XCIT-N-12-P16","veRSA","1",0.661555025502598,74
"xcit_nano_12_p16_224_classification","XCIT-N-12-P16","veRSA","1",0.661555025502598,53
"xcit_nano_12_p16_224_classification","XCIT-N-12-P16","veRSA","2",0.704431820873489,17
"xcit_nano_12_p16_224_classification","XCIT-N-12-P16","veRSA","2",0.704431820873489,74
"xcit_nano_12_p16_224_classification","XCIT-N-12-P16","veRSA","2",0.704431820873489,53
"xcit_nano_12_p16_224_classification","XCIT-N-12-P16","veRSA","5",0.751927296275693,17
"xcit_nano_12_p16_224_classification","XCIT-N-12-P16","veRSA","5",0.751927296275693,74
"xcit_nano_12_p16_224_classification","XCIT-N-12-P16","veRSA","5",0.751927296275693,53
"xcit_nano_12_p16_224_classification","XCIT-N-12-P16","veRSA","7",0.6207169632909,17
"xcit_nano_12_p16_224_classification","XCIT-N-12-P16","veRSA","7",0.6207169632909,74
"xcit_nano_12_p16_224_classification","XCIT-N-12-P16","veRSA","7",0.6207169632909,53
"xcit_nano_12_p16_224_random","XCIT-N-12-P16","veRSA","5",0.115367649023757,219
"xcit_nano_12_p16_224_random","XCIT-N-12-P16","veRSA","5",0.115367649023757,188
"xcit_nano_12_p16_224_random","XCIT-N-12-P16","veRSA","5",0.115367649023757,193
"xcit_nano_12_p16_224_random","XCIT-N-12-P16","veRSA","1",0.116518592096382,219
"xcit_nano_12_p16_224_random","XCIT-N-12-P16","veRSA","1",0.116518592096382,188
"xcit_nano_12_p16_224_random","XCIT-N-12-P16","veRSA","1",0.116518592096382,193
"xcit_nano_12_p16_224_random","XCIT-N-12-P16","veRSA","2",0.084774664080482,219
"xcit_nano_12_p16_224_random","XCIT-N-12-P16","veRSA","2",0.084774664080482,188
"xcit_nano_12_p16_224_random","XCIT-N-12-P16","veRSA","2",0.084774664080482,193
"xcit_nano_12_p16_224_random","XCIT-N-12-P16","veRSA","7",0.108840868009347,219
"xcit_nano_12_p16_224_random","XCIT-N-12-P16","veRSA","7",0.108840868009347,188
"xcit_nano_12_p16_224_random","XCIT-N-12-P16","veRSA","7",0.108840868009347,193
"xcit_nano_12_p8_224_classification","XCIT-N-12-P8","veRSA","5",0.760117371082177,32
"xcit_nano_12_p8_224_classification","XCIT-N-12-P8","veRSA","5",0.760117371082177,69
"xcit_nano_12_p8_224_classification","XCIT-N-12-P8","veRSA","5",0.760117371082177,23
"xcit_nano_12_p8_224_classification","XCIT-N-12-P8","veRSA","1",0.684522010092582,32
"xcit_nano_12_p8_224_classification","XCIT-N-12-P8","veRSA","1",0.684522010092582,69
"xcit_nano_12_p8_224_classification","XCIT-N-12-P8","veRSA","1",0.684522010092582,23
"xcit_nano_12_p8_224_classification","XCIT-N-12-P8","veRSA","2",0.712097822064637,32
"xcit_nano_12_p8_224_classification","XCIT-N-12-P8","veRSA","2",0.712097822064637,69
"xcit_nano_12_p8_224_classification","XCIT-N-12-P8","veRSA","2",0.712097822064637,23
"xcit_nano_12_p8_224_classification","XCIT-N-12-P8","veRSA","7",0.630020743631997,32
"xcit_nano_12_p8_224_classification","XCIT-N-12-P8","veRSA","7",0.630020743631997,69
"xcit_nano_12_p8_224_classification","XCIT-N-12-P8","veRSA","7",0.630020743631997,23
"xcit_nano_12_p8_224_random","XCIT-N-12-P8","veRSA","2",0.126405271599804,211
"xcit_nano_12_p8_224_random","XCIT-N-12-P8","veRSA","2",0.126405271599804,168
"xcit_nano_12_p8_224_random","XCIT-N-12-P8","veRSA","2",0.126405271599804,163
"xcit_nano_12_p8_224_random","XCIT-N-12-P8","veRSA","1",0.142449776050377,211
"xcit_nano_12_p8_224_random","XCIT-N-12-P8","veRSA","1",0.142449776050377,168
"xcit_nano_12_p8_224_random","XCIT-N-12-P8","veRSA","1",0.142449776050377,163
"xcit_nano_12_p8_224_random","XCIT-N-12-P8","veRSA","5",0.156885162588389,211
"xcit_nano_12_p8_224_random","XCIT-N-12-P8","veRSA","5",0.156885162588389,168
"xcit_nano_12_p8_224_random","XCIT-N-12-P8","veRSA","5",0.156885162588389,163
"xcit_nano_12_p8_224_random","XCIT-N-12-P8","veRSA","7",0.126241452283119,211
"xcit_nano_12_p8_224_random","XCIT-N-12-P8","veRSA","7",0.126241452283119,168
"xcit_nano_12_p8_224_random","XCIT-N-12-P8","veRSA","7",0.126241452283119,163
"yolov5l_yolo","YOLO-V5-L","veRSA","2",0.701895732657477,56
"yolov5l_yolo","YOLO-V5-L","veRSA","2",0.701895732657477,25
"yolov5l_yolo","YOLO-V5-L","veRSA","2",0.701895732657477,29
"yolov5l_yolo","YOLO-V5-L","veRSA","1",0.697340931719007,56
"yolov5l_yolo","YOLO-V5-L","veRSA","1",0.697340931719007,25
"yolov5l_yolo","YOLO-V5-L","veRSA","1",0.697340931719007,29
"yolov5l_yolo","YOLO-V5-L","veRSA","5",0.744245747870234,56
"yolov5l_yolo","YOLO-V5-L","veRSA","5",0.744245747870234,25
"yolov5l_yolo","YOLO-V5-L","veRSA","5",0.744245747870234,29
"yolov5l_yolo","YOLO-V5-L","veRSA","7",0.631074235824262,56
"yolov5l_yolo","YOLO-V5-L","veRSA","7",0.631074235824262,25
"yolov5l_yolo","YOLO-V5-L","veRSA","7",0.631074235824262,29
"yolov5m_yolo","YOLO-V5-M","veRSA","2",0.701795187419908,24
"yolov5m_yolo","YOLO-V5-M","veRSA","2",0.701795187419908,40
"yolov5m_yolo","YOLO-V5-M","veRSA","2",0.701795187419908,28
"yolov5m_yolo","YOLO-V5-M","veRSA","5",0.744492627350975,24
"yolov5m_yolo","YOLO-V5-M","veRSA","5",0.744492627350975,40
"yolov5m_yolo","YOLO-V5-M","veRSA","5",0.744492627350975,28
"yolov5m_yolo","YOLO-V5-M","veRSA","7",0.630927546800127,24
"yolov5m_yolo","YOLO-V5-M","veRSA","7",0.630927546800127,40
"yolov5m_yolo","YOLO-V5-M","veRSA","7",0.630927546800127,28
"yolov5m_yolo","YOLO-V5-M","veRSA","1",0.702084381193799,24
"yolov5m_yolo","YOLO-V5-M","veRSA","1",0.702084381193799,40
"yolov5m_yolo","YOLO-V5-M","veRSA","1",0.702084381193799,28
"yolov5s_yolo","YOLO-V5-S","veRSA","1",0.696496190934429,44
"yolov5s_yolo","YOLO-V5-S","veRSA","1",0.696496190934429,30
"yolov5s_yolo","YOLO-V5-S","veRSA","1",0.696496190934429,27
"yolov5s_yolo","YOLO-V5-S","veRSA","5",0.742095588394994,44
"yolov5s_yolo","YOLO-V5-S","veRSA","5",0.742095588394994,30
"yolov5s_yolo","YOLO-V5-S","veRSA","5",0.742095588394994,27
"yolov5s_yolo","YOLO-V5-S","veRSA","2",0.705601599847532,44
"yolov5s_yolo","YOLO-V5-S","veRSA","2",0.705601599847532,30
"yolov5s_yolo","YOLO-V5-S","veRSA","2",0.705601599847532,27
"yolov5s_yolo","YOLO-V5-S","veRSA","7",0.637196181462685,44
"yolov5s_yolo","YOLO-V5-S","veRSA","7",0.637196181462685,30
"yolov5s_yolo","YOLO-V5-S","veRSA","7",0.637196181462685,27
